system,reference,model,domain,severity,skill,ci_low,ci_high,reference_loss,model_loss,n_valid
mbr,persistence,gru_s123,actuation,0.0,2.6552166673919153,2.160226134122246,3.2123882337468013,142.57373747379214,53.69570748206966,72
mbr,persistence,gru_s123,actuation,0.05,2.4523233992695856,2.010080810481666,2.955482443555242,132.8801972260761,54.185429729885506,72
mbr,persistence,gru_s123,actuation,0.1,2.0458852800644407,1.622190130016668,2.529129338205606,128.8006698168773,62.95595900314624,72
mbr,persistence,gru_s123,actuation,0.2,1.5668147472846863,1.2156992280450758,2.003149335356055,125.36072634389828,80.00992239902664,72
mbr,persistence,gru_s123,actuation,0.35,1.2655608335975397,0.948123357085332,1.6369005517469313,123.83334902441993,97.84859466012846,72
mbr,persistence,gru_s123,actuation,0.5,1.1253124485555048,0.8211761670012115,1.4725256256578427,123.64241506470619,109.87385345591656,72
mbr,persistence,gru_s42,actuation,0.0,3.7809824995548915,3.3257151536896026,4.2184731838038285,142.57373747379214,37.70811885285804,72
mbr,persistence,gru_s42,actuation,0.05,3.361686891299549,2.7857984952128403,4.0329682138209355,132.8801972260761,39.52783275860285,72
mbr,persistence,gru_s42,actuation,0.1,2.6239462972095224,2.035379528545893,3.391572636152122,128.8006698168773,49.086625726240065,72
mbr,persistence,gru_s42,actuation,0.2,1.8610518619427194,1.3974854213468035,2.505997885692464,125.36072634389828,67.36014665009733,72
mbr,persistence,gru_s42,actuation,0.35,1.4253139253126317,1.0598885134010558,1.9345556009890754,123.83334902441993,86.88145595522617,72
mbr,persistence,gru_s42,actuation,0.5,1.2343834428612832,0.9053040038467098,1.6771983223656144,123.64241506470619,100.16532203162483,72
mbr,persistence,gru_s7,actuation,0.0,3.7180705434566206,3.1537478012495477,4.357110442822515,142.57373747379214,38.34616256130633,72
mbr,persistence,gru_s7,actuation,0.05,3.1842858428638623,2.6210811031741854,3.789821009830153,132.8801972260761,41.72998398490732,72
mbr,persistence,gru_s7,actuation,0.1,2.4642230446951383,1.9377080570331735,3.0819036087265164,128.8006698168773,52.26826771795403,72
mbr,persistence,gru_s7,actuation,0.2,1.7542499520347141,1.3488255971866177,2.260777234492582,125.36072634389828,71.46115420923641,72
mbr,persistence,gru_s7,actuation,0.35,1.356123437207773,1.0338455229508805,1.7624841511084208,123.83334902441993,91.31421641041021,72
mbr,persistence,gru_s7,actuation,0.5,1.181116801669603,0.8864960042145513,1.5491583896382217,123.64241506470619,104.68263163298309,72
mbr,persistence,mlp_s123,actuation,0.0,1.0129452310145741,1.0074371038208616,1.0198700732673938,142.57373747379214,140.75167453129635,72
mbr,persistence,mlp_s123,actuation,0.05,1.0147578384972873,1.008681636258433,1.0229837855225217,132.8801972260761,130.94769233106183,72
mbr,persistence,mlp_s123,actuation,0.1,1.0153204805997733,1.009165775649202,1.023762679156941,128.8006698168773,126.85715720103644,72
mbr,persistence,mlp_s123,actuation,0.2,1.0159636649295154,1.0098566896673833,1.0248567129487143,125.36072634389828,123.39095449106975,72
mbr,persistence,mlp_s123,actuation,0.35,1.0166623955941252,1.0107231719357097,1.0259673392257807,123.83334902441993,121.80380582686273,72
mbr,persistence,mlp_s123,actuation,0.5,1.0172754537539004,1.0113606250353804,1.0272374671504152,123.64241506470619,121.54270960578765,72
mbr,persistence,mlp_s42,actuation,0.0,1.6067362245256167,1.277677659136347,2.0102198504060946,142.57373747379214,88.734999122763,72
mbr,persistence,mlp_s42,actuation,0.05,1.7420974859112843,1.456818593217736,2.095562393633156,132.8801972260761,76.2759824296325,72
mbr,persistence,mlp_s42,actuation,0.1,1.7973212812188653,1.5694910457753712,2.071492043999534,128.8006698168773,71.66257427805577,72
mbr,persistence,mlp_s42,actuation,0.2,1.6863363526863433,1.4566674311669814,1.916953784066842,125.36072634389828,74.33909975563175,72
mbr,persistence,mlp_s42,actuation,0.35,1.4907857266222344,1.2296737761392469,1.7307716906101795,123.83334902441993,83.06582684085447,72
mbr,persistence,mlp_s42,actuation,0.5,1.3656524608831688,1.0872221361147725,1.6165608905020188,123.64241506470619,90.53724765724547,72
mbr,persistence,mlp_s7,actuation,0.0,2.24559973045902,1.8917360938679044,2.6022352524251926,142.57373747379214,63.49027190373275,72
mbr,persistence,mlp_s7,actuation,0.05,2.272390279407529,1.9732955738070348,2.6179154460103775,132.8801972260761,58.475957422560974,72
mbr,persistence,mlp_s7,actuation,0.1,2.0145547744516317,1.6744352528616449,2.3978688163725366,128.8006698168773,63.9350547576634,72
mbr,persistence,mlp_s7,actuation,0.2,1.6166144067941906,1.2935562705650836,1.9984440595445712,125.36072634389828,77.54522402933021,72
mbr,persistence,mlp_s7,actuation,0.35,1.3255459026356826,1.0346695548109983,1.6633189590466835,123.83334902441993,93.42064184891129,72
mbr,persistence,mlp_s7,actuation,0.5,1.1848067362439292,0.9089684272036636,1.5078272571121205,123.64241506470619,104.35661047697704,72
mbr,persistence,ridge,actuation,0.0,1.5677831463769663,1.2759373535314589,1.8966904052918325,142.57373747379214,90.93970540713475,72
mbr,persistence,ridge,actuation,0.05,1.5547543705058575,1.2725296820759362,1.8841358436297495,132.8801972260761,85.46700350026478,72
mbr,persistence,ridge,actuation,0.1,1.4751809502181403,1.2070075391880124,1.8136712568118172,128.8006698168773,87.31177676733901,72
mbr,persistence,ridge,actuation,0.2,1.2728302113253833,1.0237172389028926,1.5668049789431249,125.36072634389828,98.48974767291358,72
mbr,persistence,ridge,actuation,0.35,1.0696487929474563,0.8438291509264627,1.3149348250595148,123.83334902441993,115.77010121536493,72
mbr,persistence,ridge,actuation,0.5,0.9643355434572908,0.7455156159612037,1.2001623384793985,123.64241506470619,128.2151382924549,72
mbr,history_mean,gru_s123,actuation,0.0,2.586734483820666,2.2264765419181196,3.014334311354093,138.89653817701694,53.69570748206966,72
mbr,history_mean,gru_s123,actuation,0.05,2.2561085040845765,1.9008093021157977,2.670414243711214,122.24820881107192,54.185429729885506,72
mbr,history_mean,gru_s123,actuation,0.1,1.7806666222855903,1.4241899850962867,2.2114556850705136,112.10357487088251,62.95595900314624,72
mbr,history_mean,gru_s123,actuation,0.2,1.2743870102430153,0.9694130866339281,1.6577288027218255,101.96360579587122,80.00992239902664,72
mbr,history_mean,gru_s123,actuation,0.35,0.9846965348611665,0.7427270948497426,1.283309243815612,96.35117210286333,97.84859466012846,72
mbr,history_mean,gru_s123,actuation,0.5,0.8602250250105278,0.6484981965663174,1.1313202742222508,94.51623833711889,109.87385345591656,72
mbr,history_mean,gru_s42,actuation,0.0,3.68346505745909,3.3765325981105554,3.9784224233132757,138.89653817701694,37.70811885285804,72
mbr,history_mean,gru_s42,actuation,0.05,3.0927121544366933,2.5906190455476645,3.5899864468934406,122.24820881107192,39.52783275860285,72
mbr,history_mean,gru_s42,actuation,0.1,2.283790609199599,1.7286053321350614,2.936481375725607,112.10357487088251,49.086625726240065,72
mbr,history_mean,gru_s42,actuation,0.2,1.5137081919598803,1.0978888023713873,2.0508572940012146,101.96360579587122,67.36014665009733,72
mbr,history_mean,gru_s42,actuation,0.35,1.10899582705563,0.8039727932274084,1.5113177252042758,96.35117210286333,86.88145595522617,72
mbr,history_mean,gru_s42,actuation,0.5,0.9436024007118714,0.6894817302556413,1.277593914436666,94.51623833711889,100.16532203162483,72
mbr,history_mean,gru_s7,actuation,0.0,3.6221756989360965,3.190313315541669,4.191225447536822,138.89653817701694,38.34616256130633,72
mbr,history_mean,gru_s7,actuation,0.05,2.9295052894169813,2.4313509427802265,3.5082809821609935,122.24820881107192,41.72998398490732,72
mbr,history_mean,gru_s7,actuation,0.1,2.144773105468257,1.6262418631046023,2.7472443816388425,112.10357487088251,52.26826771795403,72
mbr,history_mean,gru_s7,actuation,0.2,1.426839615510889,1.0511115367453094,1.9019614512861875,101.96360579587122,71.46115420923641,72
mbr,history_mean,gru_s7,actuation,0.35,1.0551606955680877,0.7812316389818262,1.3924193012999833,96.35117210286333,91.31421641041021,72
mbr,history_mean,gru_s7,actuation,0.5,0.9028836671635507,0.6728723727889195,1.1832499472549878,94.51623833711889,104.68263163298309,72
mbr,history_mean,mlp_s123,actuation,0.0,0.9868197919459429,0.9106056868194395,1.0618401441256926,138.89653817701694,140.75167453129635,72
mbr,history_mean,mlp_s123,actuation,0.05,0.9335652017601358,0.8624201316000256,1.0091215586603441,122.24820881107192,130.94769233106183,72
mbr,history_mean,mlp_s123,actuation,0.1,0.8836992515386952,0.8039099150089334,0.9737367449648503,112.10357487088251,126.85715720103644,72
mbr,history_mean,mlp_s123,actuation,0.2,0.8263458712709018,0.7336745637485476,0.9409989217683995,101.96360579587122,123.39095449106975,72
mbr,history_mean,mlp_s123,actuation,0.35,0.7910358091751346,0.6954022424504385,0.9192403565288425,96.35117210286333,121.80380582686273,72
mbr,history_mean,mlp_s123,actuation,0.5,0.777638071782943,0.6840912735577485,0.9095470136843579,94.51623833711889,121.54270960578765,72
mbr,history_mean,mlp_s42,actuation,0.0,1.565295988619513,1.3213377862953632,1.8430844298424403,138.89653817701694,88.734999122763,72
mbr,history_mean,mlp_s42,actuation,0.05,1.6027090693174688,1.3688908126806258,1.8494242555298657,122.24820881107192,76.2759824296325,72
mbr,history_mean,mlp_s42,actuation,0.1,1.5643252562476035,1.3715719106496351,1.7583801425029912,112.10357487088251,71.66257427805577,72
mbr,history_mean,mlp_s42,actuation,0.2,1.3716012990612885,1.1764442064360527,1.5698844765352244,101.96360579587122,74.33909975563175,72
mbr,history_mean,mlp_s42,actuation,0.35,1.1599375551568543,0.961427496021194,1.3748132569593272,96.35117210286333,83.06582684085447,72
mbr,history_mean,mlp_s42,actuation,0.5,1.043948659616173,0.8488446987960969,1.2518278169543395,94.51623833711889,90.53724765724547,72
mbr,history_mean,mlp_s7,actuation,0.0,2.1876822072461604,1.904650462589284,2.501035567312262,138.89653817701694,63.49027190373275,72
mbr,history_mean,mlp_s7,actuation,0.05,2.0905721633196652,1.7912317635658301,2.463575570201321,122.24820881107192,58.475957422560974,72
mbr,history_mean,mlp_s7,actuation,0.1,1.7533976516606569,1.4057593573588563,2.1890442962735546,112.10357487088251,63.9350547576634,72
mbr,history_mean,mlp_s7,actuation,0.2,1.3148921429036706,1.0041334794735999,1.7175744511522104,101.96360579587122,77.54522402933021,72
mbr,history_mean,mlp_s7,actuation,0.35,1.0313691941732916,0.7784645440719266,1.3481074395474446,96.35117210286333,93.42064184891129,72
mbr,history_mean,mlp_s7,actuation,0.5,0.9057043718181216,0.6849967867106673,1.1821288466449895,94.51623833711889,104.35661047697704,72
mbr,history_mean,ridge,actuation,0.0,1.5273475711756561,1.2920941331337976,1.8092408309096695,138.89653817701694,90.93970540713475,72
mbr,history_mean,ridge,actuation,0.05,1.4303556203499423,1.1672106897529877,1.7513631278954154,122.24820881107192,85.46700350026478,72
mbr,history_mean,ridge,actuation,0.1,1.2839456373635205,1.0160414771561948,1.6401705806177533,112.10357487088251,87.31177676733901,72
mbr,history_mean,ridge,actuation,0.2,1.0352712663504264,0.7962477286772952,1.354767029662447,101.96360579587122,98.48974767291358,72
mbr,history_mean,ridge,actuation,0.35,0.832263003066941,0.6338066284800029,1.0716277485312664,96.35117210286333,115.77010121536493,72
mbr,history_mean,ridge,actuation,0.5,0.7371691018382727,0.5584063460889392,0.9426385311433383,94.51623833711889,128.2151382924549,72
mbr,drift,gru_s123,actuation,0.0,6.832233846892663,5.502660932504068,8.262094800919568,366.86163009184395,53.69570748206966,72
mbr,drift,gru_s123,actuation,0.05,6.709528227183646,5.050739948074473,8.239009495707675,363.5586702747427,54.185429729885506,72
mbr,drift,gru_s123,actuation,0.1,5.740641811674963,4.290648080811707,7.0920685740910985,361.40761054755615,62.95595900314624,72
mbr,drift,gru_s123,actuation,0.2,4.487669871792367,3.3213983944825776,5.610180251308247,359.0581181945571,80.00992239902664,72
mbr,drift,gru_s123,actuation,0.35,3.6563460875041693,2.658109001356076,4.595688404795217,357.768326253342,97.84859466012846,72
mbr,drift,gru_s123,actuation,0.5,3.2539894295192453,2.3457932009645117,4.095578551156518,357.5283577260991,109.87385345591656,72
mbr,drift,gru_s42,actuation,0.0,9.728982544140838,7.741878864472102,11.509836091878668,366.86163009184395,37.70811885285804,72
mbr,drift,gru_s42,actuation,0.05,9.197536138522993,7.249570439890457,11.134154416011508,363.5586702747427,39.52783275860285,72
mbr,drift,gru_s42,actuation,0.1,7.362649300099676,5.839101148293933,9.27825829612778,361.40761054755615,49.086625726240065,72
mbr,drift,gru_s42,actuation,0.2,5.33042364144019,4.112271157271823,6.9331943438620245,359.0581181945571,67.36014665009733,72
mbr,drift,gru_s42,actuation,0.35,4.117890547756425,3.1144788705759527,5.345929537373518,357.768326253342,86.88145595522617,72
mbr,drift,gru_s42,actuation,0.5,3.5693826014278476,2.671348276102236,4.607856883406639,357.5283577260991,100.16532203162483,72
mbr,drift,gru_s7,actuation,0.0,9.567101519097774,7.860239801460922,11.02978035793332,366.86163009184395,38.34616256130633,72
mbr,drift,gru_s7,actuation,0.05,8.712168938436035,7.177501596300967,10.146188818606655,363.5586702747427,41.72998398490732,72
mbr,drift,gru_s7,actuation,0.1,6.914474619624967,5.584406302500106,8.330639733350399,361.40761054755615,52.26826771795403,72
mbr,drift,gru_s7,actuation,0.2,5.024521674296558,3.946042685107803,6.232245722225606,359.0581181945571,71.46115420923641,72
mbr,drift,gru_s7,actuation,0.35,3.9179915276867545,3.006785236453738,4.8890633993965436,357.768326253342,91.31421641041021,72
mbr,drift,gru_s7,actuation,0.5,3.415355079910411,2.6068989035471373,4.266459033231558,357.5283577260991,104.68263163298309,72
mbr,drift,mlp_s123,actuation,0.0,2.606445936174434,2.089296032247108,3.1329037142181804,366.86163009184395,140.75167453129635,72
mbr,drift,mlp_s123,actuation,0.05,2.77636561441338,2.2183852027731525,3.4036293041359533,363.5586702747427,130.94769233106183,72
mbr,drift,mlp_s123,actuation,0.1,2.8489335447965045,2.3039860950500093,3.448938417958279,361.40761054755615,126.85715720103644,72
mbr,drift,mlp_s123,actuation,0.2,2.9099225277533893,2.424357722340086,3.4421259806336675,359.0581181945571,123.39095449106975,72
mbr,drift,mlp_s123,actuation,0.35,2.93725080119327,2.537962012002674,3.4358929267555345,357.768326253342,121.80380582686273,72
mbr,drift,mlp_s123,actuation,0.5,2.941586203612777,2.5924696535031986,3.4219513997495103,357.5283577260991,121.54270960578765,72
mbr,drift,mlp_s42,actuation,0.0,4.13435097445934,3.314682438486904,5.2500752687785095,366.86163009184395,88.734999122763,72
mbr,drift,mlp_s42,actuation,0.05,4.766358409216681,3.734733513069858,5.8840133724236665,363.5586702747427,76.2759824296325,72
mbr,drift,mlp_s42,actuation,0.1,5.043184872835708,3.88384146287496,6.168909668115118,361.40761054755615,71.66257427805577,72
mbr,drift,mlp_s42,actuation,0.2,4.830003583240268,3.7150784809759125,5.83352595777937,359.0581181945571,74.33909975563175,72
mbr,drift,mlp_s42,actuation,0.35,4.307045867836711,3.334163050092276,5.169958372788836,357.768326253342,83.06582684085447,72
mbr,drift,mlp_s42,actuation,0.5,3.9489642879317968,3.0579301167557946,4.728124599691208,357.5283577260991,90.53724765724547,72
mbr,drift,mlp_s7,actuation,0.0,5.778233721350235,4.961769854500694,6.599022799660846,366.86163009184395,63.49027190373275,72
mbr,drift,mlp_s7,actuation,0.05,6.21723330919719,5.27858376690715,7.071470889221912,363.5586702747427,58.475957422560974,72
mbr,drift,mlp_s7,actuation,0.1,5.652730132435478,4.745921963214826,6.520796922681389,361.40761054755615,63.9350547576634,72
mbr,drift,mlp_s7,actuation,0.2,4.630306027083618,3.7762483526310153,5.532248920203857,359.0581181945571,77.54522402933021,72
mbr,drift,mlp_s7,actuation,0.35,3.829649627455556,3.038202222324608,4.6959864560979865,357.768326253342,93.42064184891129,72
mbr,drift,mlp_s7,actuation,0.5,3.4260250126174454,2.6801843151999227,4.258215994409263,357.5283577260991,104.35661047697704,72
mbr,drift,ridge,actuation,0.0,4.034119403063972,3.190815553879339,4.8575546728840955,366.86163009184395,90.93970540713475,72
mbr,drift,ridge,actuation,0.05,4.253789829821475,3.4216464270507427,4.946231816706273,363.5586702747427,85.46700350026478,72
mbr,drift,ridge,actuation,0.1,4.13927678405405,3.3469360874843135,4.772916943341639,361.40761054755615,87.31177676733901,72
mbr,drift,ridge,actuation,0.2,3.645639537903948,2.913567502041752,4.238018747720877,359.0581181945571,98.48974767291358,72
mbr,drift,ridge,actuation,0.35,3.0903343997928476,2.403606323604638,3.6208880229354774,357.768326253342,115.77010121536493,72
mbr,drift,ridge,actuation,0.5,2.7885034675904463,2.150377130669524,3.286589707721296,357.5283577260991,128.2151382924549,72
mbr,ar1,gru_s123,actuation,0.0,2.5174018495186905,2.070935878311991,3.028431051706469,135.17367332657673,53.69570748206966,72
mbr,ar1,gru_s123,actuation,0.05,2.291509844944526,1.8748477935207175,2.772178513638353,124.16644567858245,54.185429729885506,72
mbr,ar1,gru_s123,actuation,0.1,1.9016625100035376,1.5060288618910358,2.362190569430435,119.7209870176029,62.95595900314624,72
mbr,ar1,gru_s123,actuation,0.2,1.4523215044526065,1.1208899956682323,1.8570660109660997,116.20013086969067,80.00992239902664,72
mbr,ar1,gru_s123,actuation,0.35,1.171760057967612,0.8701251283741035,1.5190708059405682,114.6550749510015,97.84859466012846,72
mbr,ar1,gru_s123,actuation,0.5,1.0412518141489613,0.7533254111081479,1.3667047278170508,114.40634923851024,109.87385345591656,72
mbr,ar1,gru_s42,actuation,0.0,3.5847365882674205,3.1844156252111615,3.9758237130336735,135.17367332657673,37.70811885285804,72
mbr,ar1,gru_s42,actuation,0.05,3.141240918440155,2.5973247790714398,3.7559281079141056,124.16644567858245,39.52783275860285,72
mbr,ar1,gru_s42,actuation,0.1,2.438973656190918,1.8859011337615927,3.1465980066106067,119.7209870176029,49.086625726240065,72
mbr,ar1,gru_s42,actuation,0.2,1.7250575696233696,1.2941569271725009,2.319205195692438,116.20013086969067,67.36014665009733,72
mbr,ar1,gru_s42,actuation,0.35,1.3196725778869116,0.9792052205103237,1.7919259810922783,114.6550749510015,86.88145595522617,72
mbr,ar1,gru_s42,actuation,0.5,1.1421752250982546,0.8316095368265484,1.55794897894881,114.40634923851024,100.16532203162483,72
mbr,ar1,gru_s7,actuation,0.0,3.525089977659861,3.0116410212915867,4.136551471764895,135.17367332657673,38.34616256130633,72
mbr,ar1,gru_s7,actuation,0.05,2.9754731208018272,2.4327732838523253,3.5708110537918802,124.16644567858245,41.72998398490732,72
mbr,ar1,gru_s7,actuation,0.1,2.290509945032653,1.7917440647779004,2.8804513405703664,119.7209870176029,52.26826771795403,72
mbr,ar1,gru_s7,actuation,0.2,1.6260600903458637,1.2452749556986749,2.0892935497208462,116.20013086969067,71.46115420923641,72
mbr,ar1,gru_s7,actuation,0.35,1.2556103469769284,0.9506490054086304,1.6398544425230932,114.6550749510015,91.31421641041021,72
mbr,ar1,gru_s7,actuation,0.5,1.0928875922762284,0.8148580387355022,1.4394310812295594,114.40634923851024,104.68263163298309,72
mbr,ar1,mlp_s123,actuation,0.0,0.9603699123062345,0.947686894244871,0.9722331448039538,135.17367332657673,140.75167453129635,72
mbr,ar1,mlp_s123,actuation,0.05,0.9482140805098341,0.9375607777744087,0.9585754892165739,124.16644567858245,130.94769233106183,72
mbr,ar1,mlp_s123,actuation,0.1,0.9437464125723349,0.9336767594219849,0.954705761208655,119.7209870176029,126.85715720103644,72
mbr,ar1,mlp_s123,actuation,0.2,0.9417232515054456,0.9343281907593896,0.9503860397679388,116.20013086969067,123.39095449106975,72
mbr,ar1,mlp_s123,actuation,0.35,0.9413094621524162,0.936438470983014,0.9467256903058463,114.6550749510015,121.80380582686273,72
mbr,ar1,mlp_s123,actuation,0.5,0.9412851631297054,0.9362804502244129,0.9454460922858194,114.40634923851024,121.54270960578765,72
mbr,ar1,mlp_s42,actuation,0.0,1.5233411242791224,1.2293164143790458,1.8863117793710693,135.17367332657673,88.734999122763,72
mbr,ar1,mlp_s42,actuation,0.05,1.6278577046599263,1.3640840269676096,1.951625923346655,124.16644567858245,76.2759824296325,72
mbr,ar1,mlp_s42,actuation,0.1,1.6706207978669192,1.4585291428464853,1.9172398987190118,119.7209870176029,71.66257427805577,72
mbr,ar1,mlp_s42,actuation,0.2,1.5631092016403874,1.3454864778709545,1.782473614626809,116.20013086969067,74.33909975563175,72
mbr,ar1,mlp_s42,actuation,0.35,1.3802917434466613,1.1255810640258554,1.6105348154161439,114.6550749510015,83.06582684085447,72
mbr,ar1,mlp_s42,actuation,0.5,1.263638471445786,0.9945697317787212,1.503994882317291,114.40634923851024,90.53724765724547,72
mbr,ar1,mlp_s7,actuation,0.0,2.1290454312675506,1.816089395717539,2.4599027694234565,135.17367332657673,63.49027190373275,72
mbr,ar1,mlp_s7,actuation,0.05,2.123376018990619,1.8346992186534459,2.4733125337956476,124.16644567858245,58.475957422560974,72
mbr,ar1,mlp_s7,actuation,0.1,1.8725406190921088,1.553436219637577,2.248990580760939,119.7209870176029,63.9350547576634,72
mbr,ar1,mlp_s7,actuation,0.2,1.4984821093010172,1.1934158109469128,1.8564560701706463,116.20013086969067,77.54522402933021,72
mbr,ar1,mlp_s7,actuation,0.35,1.227299156608585,0.95664836575057,1.5438236434512538,114.6550749510015,93.42064184891129,72
mbr,ar1,mlp_s7,actuation,0.5,1.0963018894116954,0.8351130852856566,1.3963988874690663,114.40634923851024,104.35661047697704,72
mbr,ar1,ridge,actuation,0.0,1.4864098439884716,1.2149803339345884,1.7915676909761782,135.17367332657673,90.93970540713475,72
mbr,ar1,ridge,actuation,0.05,1.4527998010155787,1.1833104939837569,1.7732865749315032,124.16644567858245,85.46700350026478,72
mbr,ar1,ridge,actuation,0.1,1.3711894483217903,1.1111203048005138,1.6962018743272256,119.7209870176029,87.31177676733901,72
mbr,ar1,ridge,actuation,0.2,1.179819561073439,0.9430107163136361,1.462529824810842,116.20013086969067,98.48974767291358,72
mbr,ar1,ridge,actuation,0.35,0.9903686163123484,0.7756937475483047,1.2267592147029465,114.6550749510015,115.77010121536493,72
mbr,ar1,ridge,actuation,0.5,0.8922998544645546,0.6839283888416613,1.1166127895814946,114.40634923851024,128.2151382924549,72
mbr,persistence,gru_s123,obs_bias,0.0,2.6552166673919153,2.160226134122246,3.2123882337468013,142.57373747379214,53.69570748206966,72
mbr,persistence,gru_s123,obs_bias,0.005,2.6585980685078296,2.1658860462039353,3.2140927208232504,142.88117050696448,53.74305059476639,72
mbr,persistence,gru_s123,obs_bias,0.01,2.659855948878122,2.16810570914542,3.21126622473538,143.21903807596507,53.84465957127197,72
mbr,persistence,gru_s123,obs_bias,0.015,2.6589685195833197,2.164988496506116,3.212116384608286,143.58435289708498,54.000019872211844,72
mbr,persistence,gru_s123,obs_bias,0.02,2.655974849574592,2.164975614808121,3.209739351034389,143.9747903160665,54.20788918205568,72
mbr,persistence,gru_s123,obs_bias,0.03,2.6440526994492983,2.163056156073695,3.18918431245045,144.8237443330476,54.77339553905692,72
mbr,persistence,gru_s123,obs_bias,0.04,2.6251318451891947,2.1531420941033166,3.163779677276861,145.75384317338063,55.522484876517154,72
mbr,persistence,gru_s123,obs_bias,0.05,2.6004470531611137,2.1425217163988903,3.1272827012547078,146.75585983165584,56.43485786540389,72
mbr,persistence,gru_s123,obs_bias,0.07,2.538499878315507,2.1026560764025883,3.0448054047653765,148.9473606326775,58.67534676878366,72
mbr,persistence,gru_s123,obs_bias,0.09,2.466294289055869,2.0531720304491783,2.9480472795226316,151.35274225057532,61.368484256805864,72
mbr,persistence,gru_s123,obs_bias,0.12,2.350929746873364,1.9699576272919366,2.786568994523445,155.29171939681268,66.05544874462711,72
mbr,persistence,gru_s123,obs_bias,0.16,2.2006213297467077,1.8591698723359127,2.598417214358188,161.04291758772337,73.18065830356169,72
mbr,persistence,gru_s123,obs_bias,0.2,2.064751588433883,1.756337890503705,2.42104256097619,167.2487942275104,81.00189638520575,72
mbr,persistence,gru_s123,obs_bias,0.25,1.919322996788884,1.6468291654392941,2.2312721551152146,175.51419918602724,91.44588976408379,72
mbr,persistence,gru_s123,obs_bias,0.3,1.799060702326047,1.5578472691954721,2.074428809433309,184.23623594756788,102.40690361885211,72
mbr,persistence,gru_s123,obs_bias,0.4,1.6175898025868132,1.4229473908835806,1.845483897648676,202.7452667112717,125.33787390786344,72
mbr,persistence,gru_s123,obs_bias,0.5,1.4910067887907121,1.328358431957316,1.6774269362186456,222.3453232224996,149.1242862836552,72
mbr,persistence,gru_s123,obs_bias,0.6,1.3997258557704921,1.2615902998538742,1.5580000611153506,242.77769875259006,173.44660581335822,72
mbr,persistence,gru_s123,obs_bias,0.8,1.279834137581815,1.1769683033372191,1.3987687198630105,285.49894256880793,223.07495493771125,72
mbr,persistence,gru_s123,obs_bias,1.0,1.2067344944903116,1.1260514297994713,1.2989941567665946,330.020390267022,273.4821883138533,72
mbr,persistence,gru_s42,obs_bias,0.0,3.7809824995548915,3.3257151536896026,4.2184731838038285,142.57373747379214,37.70811885285804,72
mbr,persistence,gru_s42,obs_bias,0.005,3.791775778258338,3.332714611841111,4.232417774670744,142.88117050696448,37.6818617087621,72
mbr,persistence,gru_s42,obs_bias,0.01,3.796442494219959,3.3337942363364146,4.24020609510224,143.21903807596507,37.724537720251114,72
mbr,persistence,gru_s42,obs_bias,0.015,3.79491053849467,3.329306966777339,4.2457947991684994,143.58435289708498,37.83603103171984,72
mbr,persistence,gru_s42,obs_bias,0.02,3.7872868440639653,3.31969721250002,4.2436616983519295,143.9747903160665,38.01528541249168,72
mbr,persistence,gru_s42,obs_bias,0.03,3.7549881555861107,3.2856825632478084,4.215649192037173,144.8237443330476,38.56836249073129,72
mbr,persistence,gru_s42,obs_bias,0.04,3.7030972811382896,3.2358936160003466,4.169541263117508,145.75384317338063,39.35998222779002,72
mbr,persistence,gru_s42,obs_bias,0.05,3.6361403051741132,3.1742703093953355,4.099437420645778,146.75585983165584,40.36034022747331,72
mbr,persistence,gru_s42,obs_bias,0.07,3.4747730738130356,3.0324284369672116,3.9329751112501925,148.9473606326775,42.8653490368021,72
mbr,persistence,gru_s42,obs_bias,0.09,3.299604064009345,2.8784653615472964,3.7438963987575367,151.35274225057532,45.86997085543251,72
mbr,persistence,gru_s42,obs_bias,0.12,3.0448423642380114,2.6608576750557424,3.457191409205004,155.29171939681268,51.00156291200162,72
mbr,persistence,gru_s42,obs_bias,0.16,2.7484505712923837,2.40458147123799,3.121540225619911,161.04291758772337,58.59407451959281,72
mbr,persistence,gru_s42,obs_bias,0.2,2.505992825758726,2.200827640770838,2.847820030468876,167.2487942275104,66.73953433081891,72
mbr,persistence,gru_s42,obs_bias,0.25,2.2665346335210197,1.9972950161236394,2.5681958258605198,175.51419918602724,77.437245648159,72
mbr,persistence,gru_s42,obs_bias,0.3,2.0809450683669497,1.840533357334916,2.3506236087075507,184.23623594756788,88.5348867436226,72
mbr,persistence,gru_s42,obs_bias,0.4,1.8180110867871497,1.6201437212232015,2.039943588941082,202.7452667112717,111.52036870664521,72
mbr,persistence,gru_s42,obs_bias,0.5,1.6447575606472786,1.4790293503788328,1.831764023466937,222.3453232224996,135.18425362033156,72
mbr,persistence,gru_s42,obs_bias,0.6,1.5242548288217086,1.3826535496254155,1.6838419093548915,242.77769875259006,159.27631926235324,72
mbr,persistence,gru_s42,obs_bias,0.8,1.3709824949880205,1.2633446949571625,1.4927432088527084,285.49894256880793,208.24404659616212,72
mbr,persistence,gru_s42,obs_bias,1.0,1.27998969259208,1.1932754851512937,1.3774966074448123,330.020390267022,257.8305061181428,72
mbr,persistence,gru_s7,obs_bias,0.0,3.7180705434566206,3.1537478012495477,4.357110442822515,142.57373747379214,38.34616256130633,72
mbr,persistence,gru_s7,obs_bias,0.005,3.721661147367478,3.1564956036167082,4.358346917928936,142.88117050696448,38.391773148942285,72
mbr,persistence,gru_s7,obs_bias,0.01,3.7186332100299206,3.156730999620209,4.3545576960134795,143.21903807596507,38.51389206380285,72
mbr,persistence,gru_s7,obs_bias,0.015,3.709154932670543,3.15299704216719,4.3434679268535215,143.58435289708498,38.710799495697024,72
mbr,persistence,gru_s7,obs_bias,0.02,3.6936078762538367,3.142169544538781,4.33020292320136,143.9747903160665,38.97944642193309,72
mbr,persistence,gru_s7,obs_bias,0.03,3.64659045550629,3.109584791138735,4.280407742199766,144.8237443330476,39.714836667322,72
mbr,persistence,gru_s7,obs_bias,0.04,3.582835579234736,3.059962484779171,4.197749971239019,145.75384317338063,40.68114205913754,72
mbr,persistence,gru_s7,obs_bias,0.05,3.507567802552888,2.9968331942811184,4.098228174985883,146.75585983165584,41.83977847123684,72
mbr,persistence,gru_s7,obs_bias,0.07,3.3389817563543214,2.853100781605368,3.8865404876551928,148.9473606326775,44.60861768688014,72
mbr,persistence,gru_s7,obs_bias,0.09,3.1644699334882955,2.7115612408788317,3.688023823662074,151.35274225057532,47.8287818913591,72
mbr,persistence,gru_s7,obs_bias,0.12,2.9163028310600074,2.5038658712021085,3.390502939068448,155.29171939681268,53.2495177602553,72
mbr,persistence,gru_s7,obs_bias,0.16,2.630491370597406,2.266454676013539,3.0531515139050405,161.04291758772337,61.22161029980844,72
mbr,persistence,gru_s7,obs_bias,0.2,2.3976507012661146,2.075885915060223,2.773702503489005,167.2487942275104,69.75527925697943,72
mbr,persistence,gru_s7,obs_bias,0.25,2.1683498986357264,1.890516212480639,2.491697081603033,175.51419918602724,80.94367025195359,72
mbr,persistence,gru_s7,obs_bias,0.3,1.991114347498998,1.745623189526388,2.2736838478949273,184.23623594756788,92.5292091732369,72
mbr,persistence,gru_s7,obs_bias,0.4,1.740758127934847,1.5453062047124435,1.9598001501913351,202.7452667112717,116.46952178922129,72
mbr,persistence,gru_s7,obs_bias,0.5,1.576208163179431,1.4136790860738742,1.7553106276279906,222.3453232224996,141.06342576858515,72
mbr,persistence,gru_s7,obs_bias,0.6,1.4619153816552062,1.324467236971874,1.6132106040085303,242.77769875259006,166.06822925531634,72
mbr,persistence,gru_s7,obs_bias,0.8,1.316923751031512,1.2131389527251641,1.4309460911576493,285.49894256880793,216.7923103711844,72
mbr,persistence,gru_s7,obs_bias,1.0,1.2315195102571594,1.151203714877484,1.3208976055051762,330.020390267022,267.9782070185058,72
mbr,persistence,mlp_s123,obs_bias,0.0,1.0129452310145741,1.0074371038208616,1.0198700732673938,142.57373747379214,140.75167453129635,72
mbr,persistence,mlp_s123,obs_bias,0.005,1.0156058907800227,1.009335678837578,1.0235732456527455,142.88117050696448,140.6856456860707,72
mbr,persistence,mlp_s123,obs_bias,0.01,1.0180927356231344,1.0112532261727099,1.0273774431957754,143.21903807596507,140.67386306249043,72
mbr,persistence,mlp_s123,obs_bias,0.015,1.0203449035190688,1.0130507701793174,1.0306943418550782,143.58435289708498,140.72138979856393,72
mbr,persistence,mlp_s123,obs_bias,0.02,1.0223763012161677,1.0145862157803367,1.0333716885605637,143.9747903160665,140.82367729455513,72
mbr,persistence,mlp_s123,obs_bias,0.03,1.0258758510281127,1.017469764288646,1.037874648840189,144.8237443330476,141.17082899252193,72
mbr,persistence,mlp_s123,obs_bias,0.04,1.0287519411188613,1.0196592961264987,1.0417550883895035,145.75384317338063,141.68026066114643,72
mbr,persistence,mlp_s123,obs_bias,0.05,1.0311346725615136,1.0216266903636342,1.0448136086663493,146.75585983165584,142.32462910697143,72
mbr,persistence,mlp_s123,obs_bias,0.07,1.0348300093431355,1.0247057855955837,1.0489242100052492,148.9473606326775,143.93413342083375,72
mbr,persistence,mlp_s123,obs_bias,0.09,1.0375359953750647,1.0272182368171043,1.0516919033847165,151.35274225057532,145.87710009604243,72
mbr,persistence,mlp_s123,obs_bias,0.12,1.0403700608158208,1.0298965948274328,1.054020451928343,155.29171939681268,149.2658480339568,72
mbr,persistence,mlp_s123,obs_bias,0.16,1.0426469519436194,1.0326503865482752,1.0554186432646824,161.04291758772337,154.4558465236195,72
mbr,persistence,mlp_s123,obs_bias,0.2,1.043821721143059,1.0343498235002913,1.055678628456448,167.2487942275104,160.22735572542126,72
mbr,persistence,mlp_s123,obs_bias,0.25,1.0443203476969019,1.0355359151432155,1.0550730922242897,175.51419918602724,168.06547873274567,72
mbr,persistence,mlp_s123,obs_bias,0.3,1.0441460915278897,1.0359073684969875,1.0537883406819843,184.23623594756788,176.44679939181367,72
mbr,persistence,mlp_s123,obs_bias,0.4,1.0427226515894519,1.035450271258755,1.050535746318604,202.7452667112717,194.43834504047774,72
mbr,persistence,mlp_s123,obs_bias,0.5,1.0406617006097498,1.0342964766253306,1.0472050432458944,222.3453232224996,213.65764022277543,72
mbr,persistence,mlp_s123,obs_bias,0.6,1.0384206529651983,1.0329586109104587,1.0439780848493492,242.77769875259006,233.7951369315904,72
mbr,persistence,mlp_s123,obs_bias,0.8,1.0340880395758585,1.0299840641673577,1.0381399376189127,285.49894256880793,276.0876556370463,72
mbr,persistence,mlp_s123,obs_bias,1.0,1.0303029818088858,1.0271494751167982,1.0333640323535402,330.020390267022,320.3139232768313,72
mbr,persistence,mlp_s42,obs_bias,0.0,1.6067362245256167,1.277677659136347,2.0102198504060946,142.57373747379214,88.734999122763,72
mbr,persistence,mlp_s42,obs_bias,0.005,1.6099781524178878,1.2806090450413026,2.0137304433882957,142.88117050696448,88.74727293186154,72
mbr,persistence,mlp_s42,obs_bias,0.01,1.6127830779980727,1.2836839627674534,2.0167159850092777,143.21903807596507,88.80241864500529,72
mbr,persistence,mlp_s42,obs_bias,0.015,1.6151193734614195,1.2864783000248972,2.0191464332165623,143.58435289708498,88.90014896506645,72
mbr,persistence,mlp_s42,obs_bias,0.02,1.6169671538582568,1.2889650962876726,2.02108146322997,143.9747903160665,89.04002160620718,72
mbr,persistence,mlp_s42,obs_bias,0.03,1.6191872653917285,1.293028282293662,2.024331746763146,144.8237443330476,89.44224514884048,72
mbr,persistence,mlp_s42,obs_bias,0.04,1.6195255124808046,1.2958420011710525,2.024144206799393,145.75384317338063,89.99786792497854,72
mbr,persistence,mlp_s42,obs_bias,0.05,1.618177026192328,1.2975064494989539,2.0206052317768712,146.75585983165584,90.69209206175765,72
mbr,persistence,mlp_s42,obs_bias,0.07,1.6113422350823714,1.2963029744806625,2.0040233791152544,148.9473606326775,92.4368252688811,72
mbr,persistence,mlp_s42,obs_bias,0.09,1.6004556015158256,1.2936349860151606,1.9794089404315305,151.35274225057532,94.56853542655348,72
mbr,persistence,mlp_s42,obs_bias,0.12,1.5793639240601807,1.2862493207910277,1.9365553704726977,155.29171939681268,98.32548219639807,72
mbr,persistence,mlp_s42,obs_bias,0.16,1.5466544425949338,1.2752971612477324,1.868137255335774,161.04291758772337,104.12339896527244,72
mbr,persistence,mlp_s42,obs_bias,0.2,1.5124079455193926,1.259826258052103,1.8061719173188955,167.2487942275104,110.58444563386213,72
mbr,persistence,mlp_s42,obs_bias,0.25,1.470693786923628,1.2407126819843568,1.7329503883025812,175.51419918602724,119.34108972688654,72
mbr,persistence,mlp_s42,obs_bias,0.3,1.4318851359064668,1.2235917790251285,1.6651587124546778,184.23623594756788,128.66691002482932,72
mbr,persistence,mlp_s42,obs_bias,0.4,1.3646924131999005,1.1900068809662052,1.553654265794465,202.7452667112717,148.56480826758545,72
mbr,persistence,mlp_s42,obs_bias,0.5,1.3106176662745128,1.1630643635186224,1.4692559219365244,222.3453232224996,169.64926457501963,72
mbr,persistence,mlp_s42,obs_bias,0.6,1.2673104658042094,1.140590577783521,1.4019947227866025,242.77769875259006,191.56923682353423,72
mbr,persistence,mlp_s42,obs_bias,0.8,1.204151130939689,1.1081701162163045,1.306829918105011,285.49894256880793,237.09560638456716,72
mbr,persistence,mlp_s42,obs_bias,1.0,1.1615652484674652,1.0871270245752154,1.2423402519730196,330.020390267022,284.1169626092388,72
mbr,persistence,mlp_s7,obs_bias,0.0,2.24559973045902,1.8917360938679044,2.6022352524251926,142.57373747379214,63.49027190373275,72
mbr,persistence,mlp_s7,obs_bias,0.005,2.246612097644444,1.8934786073809267,2.6017332976763514,142.88117050696448,63.59850490290439,72
mbr,persistence,mlp_s7,obs_bias,0.01,2.2463032429274032,1.8935307337132237,2.599599738481478,143.21903807596507,63.757659847083104,72
mbr,persistence,mlp_s7,obs_bias,0.015,2.244651687170028,1.8926234301430773,2.5949374619678345,143.58435289708498,63.96732006029439,72
mbr,persistence,mlp_s7,obs_bias,0.02,2.2416818984969566,1.8907568365461567,2.5887251939742217,143.9747903160665,64.22623585112648,72
mbr,persistence,mlp_s7,obs_bias,0.03,2.232172915761559,1.8857358019933959,2.5734477655289427,144.8237443330476,64.88016376797474,72
mbr,persistence,mlp_s7,obs_bias,0.04,2.2184564329158047,1.878767711336948,2.5532078612401214,145.75384317338063,65.7005659479238,72
mbr,persistence,mlp_s7,obs_bias,0.05,2.2011862062790395,1.8679101972909944,2.5275106627897004,146.75585983165584,66.67126089243352,72
mbr,persistence,mlp_s7,obs_bias,0.07,2.159020559085377,1.8384862580462764,2.470082046612115,148.9473606326775,68.98839383714616,72
mbr,persistence,mlp_s7,obs_bias,0.09,2.1108370646673587,1.8054237071529446,2.409586742475321,151.35274225057532,71.70271205865271,72
mbr,persistence,mlp_s7,obs_bias,0.12,2.0346278836835587,1.7532255543651156,2.310046578718619,155.29171939681268,76.32438375692922,72
mbr,persistence,mlp_s7,obs_bias,0.16,1.9349862681204362,1.6824859936260737,2.181662798658272,161.04291758772337,83.22690462509259,72
mbr,persistence,mlp_s7,obs_bias,0.2,1.8436589681333404,1.6199117370338674,2.0682709222016786,167.2487942275104,90.71568935378852,72
mbr,persistence,mlp_s7,obs_bias,0.25,1.7433025603058427,1.5467850746170797,1.9430123688610397,175.51419918602724,100.67913808101977,72
mbr,persistence,mlp_s7,obs_bias,0.3,1.6578052137020893,1.4833854670812079,1.841159800597346,184.23623594756788,111.13261945662784,72
mbr,persistence,mlp_s7,obs_bias,0.4,1.5249028021179543,1.3788646661074995,1.6803573632199027,202.7452667112717,132.95619001399734,72
mbr,persistence,mlp_s7,obs_bias,0.5,1.4283580745077822,1.3026619367999106,1.5630599649646524,222.3453232224996,155.66497448416123,72
mbr,persistence,mlp_s7,obs_bias,0.6,1.3562548298349089,1.2480802463439313,1.474912047645214,242.77769875259006,179.00596068818598,72
mbr,persistence,mlp_s7,obs_bias,0.8,1.2584588071172487,1.1738086237595473,1.3523088382863149,285.49894256880793,226.8639553032334,72
mbr,persistence,mlp_s7,obs_bias,1.0,1.1970333490388643,1.127337105351351,1.2744194585507913,330.020390267022,275.69857642813855,72
mbr,persistence,ridge,obs_bias,0.0,1.5677831463769663,1.2759373535314589,1.8966904052918325,142.57373747379214,90.93970540713475,72
mbr,persistence,ridge,obs_bias,0.005,1.5661554579985768,1.2741080106878686,1.8928055322718018,142.88117050696448,91.23051596011761,72
mbr,persistence,ridge,obs_bias,0.01,1.563627011029804,1.2723245584317002,1.8886918935089396,143.21903807596507,91.59411871610038,72
mbr,persistence,ridge,obs_bias,0.015,1.5601896632351326,1.2699843072475214,1.8840702673621377,143.58435289708498,92.0300629343714,72
mbr,persistence,ridge,obs_bias,0.02,1.5558543470044945,1.26710495806703,1.878243511683969,143.9747903160665,92.53744773298537,72
mbr,persistence,ridge,obs_bias,0.03,1.5446132335201206,1.2594721830307487,1.863071188086938,144.8237443330476,93.76052282227265,72
mbr,persistence,ridge,obs_bias,0.04,1.5302695950154288,1.249637108221699,1.8437101750547549,145.75384317338063,95.2471666745173,72
mbr,persistence,ridge,obs_bias,0.05,1.5133023610217753,1.238939992607035,1.819930149930016,146.75585983165584,96.97722253771342,72
mbr,persistence,ridge,obs_bias,0.07,1.4734852979168689,1.2113013709013956,1.7667924003227267,148.9473606326775,101.08506738631932,72
mbr,persistence,ridge,obs_bias,0.09,1.4287636526501022,1.1803752200763538,1.7099220546756126,151.35274225057532,105.93266560906902,72
mbr,persistence,ridge,obs_bias,0.12,1.3584688765581925,1.1303518558332009,1.6169577323387168,155.29171939681268,114.3137852302209,72
mbr,persistence,ridge,obs_bias,0.16,1.2676350284739357,1.065413626015172,1.4988044454451201,161.04291758772337,127.04202232530419,72
mbr,persistence,ridge,obs_bias,0.2,1.1857473202673332,1.0096681117873492,1.3933367865812765,167.2487942275104,141.04927025245416,72
mbr,persistence,ridge,obs_bias,0.25,1.0981306391499963,0.945724359622968,1.280014136116683,175.51419918602724,159.8299809955975,72
mbr,persistence,ridge,obs_bias,0.3,1.0256890409895862,0.8949504309381872,1.1852523328559081,184.23623594756788,179.62192105495882,72
mbr,persistence,ridge,obs_bias,0.4,0.9164305187584135,0.8139186197218764,1.0423954526004118,202.7452667112717,221.23364789940914,72
mbr,persistence,ridge,obs_bias,0.5,0.840285664811151,0.7568763139227861,0.9438257163049016,222.3453232224996,264.6068266230275,72
mbr,persistence,ridge,obs_bias,0.6,0.7854625427183819,0.7137039202909746,0.8726623226319806,242.77769875259006,309.0888305282752,72
mbr,persistence,ridge,obs_bias,0.8,0.7137042152439143,0.6597105962323104,0.7785324763292255,285.49894256880793,400.02417874362186,72
mbr,persistence,ridge,obs_bias,1.0,0.6701673534953677,0.6266953345128078,0.7209921931843772,330.020390267022,492.44474316116197,72
mbr,history_mean,gru_s123,obs_bias,0.0,2.586734483820666,2.2264765419181196,3.014334311354093,138.89653817701694,53.69570748206966,72
mbr,history_mean,gru_s123,obs_bias,0.005,2.5901282346162233,2.2302116199804223,3.0177659619446167,139.20139275991264,53.74305059476639,72
mbr,history_mean,gru_s123,obs_bias,0.01,2.5913860738889203,2.2342218910251646,3.016196544263767,139.53230096628394,53.84465957127197,72
mbr,history_mean,gru_s123,obs_bias,0.015,2.5905017208047525,2.233612602970495,3.0138513625614487,139.88714440245562,54.000019872211844,72
mbr,history_mean,gru_s123,obs_bias,0.02,2.5875231829807803,2.2320368496174545,3.0103076660446413,140.26416995902213,54.20788918205568,72
mbr,history_mean,gru_s123,obs_bias,0.03,2.5756848964635974,2.2284947224087386,2.9887647587479513,141.0790076179755,54.77339553905692,72
mbr,history_mean,gru_s123,obs_bias,0.04,2.5569289352790303,2.2150865660591084,2.9632515891482814,141.96704813935906,55.522484876517154,72
mbr,history_mean,gru_s123,obs_bias,0.05,2.5324883532349634,2.1968956530969,2.9299942626970483,142.92062026060592,56.43485786540389,72
mbr,history_mean,gru_s123,obs_bias,0.07,2.4712337476587924,2.1530028947206294,2.854819879918483,145.00049709060048,58.67534676878366,72
mbr,history_mean,gru_s123,obs_bias,0.09,2.3999280231294544,2.1037177386760213,2.76275304619777,147.27994510488713,61.368484256805864,72
mbr,history_mean,gru_s123,obs_bias,0.12,2.2861560165083388,2.0170541604260723,2.61985886426334,151.01306157068748,66.05544874462711,72
mbr,history_mean,gru_s123,obs_bias,0.16,2.1381848919573274,1.898326823504313,2.4394409208129475,156.47377796816713,73.18065830356169,72
mbr,history_mean,gru_s123,obs_bias,0.2,2.0047034544043996,1.7905508695411154,2.277141189784332,162.38478149672923,81.00189638520575,72
mbr,history_mean,gru_s123,obs_bias,0.25,1.8621794780798626,1.6747527101201969,2.107231478528866,170.2886592734302,91.44588976408379,72
mbr,history_mean,gru_s123,obs_bias,0.3,1.7446604865754891,1.5786998512473533,1.9612629794762162,178.66527829635575,102.40690361885211,72
mbr,history_mean,gru_s123,obs_bias,0.4,1.5681282313764182,1.4355084428268268,1.7425860082824374,196.5458585356184,125.33787390786344,72
mbr,history_mean,gru_s123,obs_bias,0.5,1.4458046549349008,1.3365532590766704,1.589752180956952,215.6045872727535,149.1242862836552,72
mbr,history_mean,gru_s123,obs_bias,0.6,1.3582112645650877,1.2665305549598442,1.4789834786181653,235.57713381628355,173.44660581335822,72
mbr,history_mean,gru_s123,obs_bias,0.8,1.2443614106895378,1.1756831785489097,1.3354442237665536,277.58586561579546,223.07495493771125,72
mbr,history_mean,gru_s123,obs_bias,1.0,1.1759838133264333,1.1221077516653057,1.2463606389702446,321.610626690183,273.4821883138533,72
mbr,history_mean,gru_s42,obs_bias,0.0,3.68346505745909,3.3765325981105554,3.9784224233132757,138.89653817701694,37.70811885285804,72
mbr,history_mean,gru_s42,obs_bias,0.005,3.6941219580863853,3.3838101191303402,3.9897974224213963,139.20139275991264,37.6818617087621,72
mbr,history_mean,gru_s42,obs_bias,0.01,3.6987146668567616,3.386839504669025,3.9964225831631626,139.53230096628394,37.724537720251114,72
mbr,history_mean,gru_s42,obs_bias,0.015,3.697193933612678,3.3833899505460012,3.996406511118458,139.88714440245562,37.83603103171984,72
mbr,history_mean,gru_s42,obs_bias,0.02,3.689678202782396,3.373882106909378,3.990244163011052,140.26416995902213,38.01528541249168,72
mbr,history_mean,gru_s42,obs_bias,0.03,3.6578946708427007,3.3377808962470494,3.9583976841462887,141.0790076179755,38.56836249073129,72
mbr,history_mean,gru_s42,obs_bias,0.04,3.6068880142716013,3.285055646056752,3.9120666362958967,141.96704813935906,39.35998222779002,72
mbr,history_mean,gru_s42,obs_bias,0.05,3.5411153487581295,3.220059406256898,3.847903374868589,142.92062026060592,40.36034022747331,72
mbr,history_mean,gru_s42,obs_bias,0.07,3.3826972216208975,3.0693606651164815,3.6938111628034456,145.00049709060048,42.8653490368021,72
mbr,history_mean,gru_s42,obs_bias,0.09,3.210814010958639,2.9160228832740525,3.5186001111348357,147.27994510488713,45.86997085543251,72
mbr,history_mean,gru_s42,obs_bias,0.12,2.9609496836645235,2.6869245202483167,3.2559209647101777,151.01306157068748,51.00156291200162,72
mbr,history_mean,gru_s42,obs_bias,0.16,2.670471020339183,2.4260760326856805,2.9388374761253258,156.47377796816713,58.59407451959281,72
mbr,history_mean,gru_s42,obs_bias,0.2,2.433112294308343,2.213349825491081,2.6777510018579602,162.38478149672923,66.73953433081891,72
mbr,history_mean,gru_s42,obs_bias,0.25,2.1990536704668893,2.007901512953422,2.4198107647911695,170.2886592734302,77.437245648159,72
mbr,history_mean,gru_s42,obs_bias,0.3,2.0180211989622894,1.8466433893177359,2.2178513645713114,178.66527829635575,88.5348867436226,72
mbr,history_mean,gru_s42,obs_bias,0.4,1.7624211685726496,1.6245527147901337,1.9290954622538292,196.5458585356184,111.52036870664521,72
mbr,history_mean,gru_s42,obs_bias,0.5,1.5948942387793514,1.4802882321127595,1.7351968647522371,215.6045872727535,135.18425362033156,72
mbr,history_mean,gru_s42,obs_bias,0.6,1.4790468219462733,1.3824486599495698,1.5997562343280862,235.57713381628355,159.27631926235324,72
mbr,history_mean,gru_s42,obs_bias,0.8,1.3329834401177607,1.2592238840839383,1.425390027049079,277.58586561579546,208.24404659616212,72
mbr,history_mean,gru_s42,obs_bias,1.0,1.247372281629137,1.1881214820002355,1.3217242146186545,321.610626690183,257.8305061181428,72
mbr,history_mean,gru_s7,obs_bias,0.0,3.6221756989360965,3.190313315541669,4.191225447536822,138.89653817701694,38.34616256130633,72
mbr,history_mean,gru_s7,obs_bias,0.005,3.6258130672911553,3.1928020849681693,4.186798054941953,139.20139275991264,38.391773148942285,72
mbr,history_mean,gru_s7,obs_bias,0.01,3.6229083452571365,3.192198003279757,4.172486671791254,139.53230096628394,38.51389206380285,72
mbr,history_mean,gru_s7,obs_bias,0.015,3.613646481726761,3.186727683666239,4.1548863375591125,139.88714440245562,38.710799495697024,72
mbr,history_mean,gru_s7,obs_bias,0.02,3.598413595737927,3.17564511876174,4.132854583358575,140.26416995902213,38.97944642193309,72
mbr,history_mean,gru_s7,obs_bias,0.03,3.5522998319179178,3.1412357802693864,4.069801134944912,141.0790076179755,39.714836667322,72
mbr,history_mean,gru_s7,obs_bias,0.04,3.489750802300087,3.0886534787087396,3.9957174598341156,141.96704813935906,40.68114205913754,72
mbr,history_mean,gru_s7,obs_bias,0.05,3.415902891523627,3.02388811169891,3.906676689905135,142.92062026060592,41.83977847123684,72
mbr,history_mean,gru_s7,obs_bias,0.07,3.250504153892369,2.881156439188206,3.707043022301808,145.00049709060048,44.60861768688014,72
mbr,history_mean,gru_s7,obs_bias,0.09,3.0793162460090833,2.7288007311286466,3.49898330741025,147.27994510488713,47.8287818913591,72
mbr,history_mean,gru_s7,obs_bias,0.12,2.8359517216774033,2.5210487379538074,3.211736513761353,151.01306157068748,53.2495177602553,72
mbr,history_mean,gru_s7,obs_bias,0.16,2.555858580032429,2.2785225729443064,2.8866759439474365,156.47377796816713,61.22161029980844,72
mbr,history_mean,gru_s7,obs_bias,0.2,2.32792102943924,2.083961964207116,2.62172441306061,162.38478149672923,69.75527925697943,72
mbr,history_mean,gru_s7,obs_bias,0.25,2.103792164889141,1.8960679377824445,2.358221721284238,170.2886592734302,80.94367025195359,72
mbr,history_mean,gru_s7,obs_bias,0.3,1.9309067903287864,1.7503730780399152,2.15380725813383,178.66527829635575,92.5292091732369,72
mbr,history_mean,gru_s7,obs_bias,0.4,1.6875303986506778,1.545725090812885,1.8625277708735126,196.5458585356184,116.46952178922129,72
mbr,history_mean,gru_s7,obs_bias,0.5,1.5284230203401785,1.4154014721977437,1.672270681452434,215.6045872727535,141.06342576858515,72
mbr,history_mean,gru_s7,obs_bias,0.6,1.4185563058789707,1.32493709224294,1.538684410451942,235.57713381628355,166.06822925531634,72
mbr,history_mean,gru_s7,obs_bias,0.8,1.2804230239556116,1.2118613281551274,1.3694229338299884,277.58586561579546,216.7923103711844,72
mbr,history_mean,gru_s7,obs_bias,1.0,1.200137243503437,1.14671758627448,1.2695866044042687,321.610626690183,267.9782070185058,72
mbr,history_mean,mlp_s123,obs_bias,0.0,0.9868197919459429,0.9106056868194395,1.0618401441256926,138.89653817701694,140.75167453129635,72
mbr,history_mean,mlp_s123,obs_bias,0.005,0.9894498623585944,0.9126454008945389,1.065153359213445,139.20139275991264,140.6856456860707,72
mbr,history_mean,mlp_s123,obs_bias,0.01,0.9918850448025347,0.9146072353149938,1.068146839797374,139.53230096628394,140.67386306249043,72
mbr,history_mean,mlp_s123,obs_bias,0.015,0.9940716518128303,0.9167736779453148,1.0708551014737282,139.88714440245562,140.72138979856393,72
mbr,history_mean,mlp_s123,obs_bias,0.02,0.9960268944379097,0.9182051080142652,1.0732765265331814,140.26416995902213,140.82367729455513,72
mbr,history_mean,mlp_s123,obs_bias,0.03,0.9993495726050365,0.9216916810037679,1.0769580059825818,141.0790076179755,141.17082899252193,72
mbr,history_mean,mlp_s123,obs_bias,0.04,1.0020241879629128,0.9252882676013529,1.0796565146954111,141.96704813935906,141.68026066114643,72
mbr,history_mean,mlp_s123,obs_bias,0.05,1.0041875475620354,0.9273261279632973,1.081658196747175,142.92062026060592,142.32462910697143,72
mbr,history_mean,mlp_s123,obs_bias,0.07,1.0074086920483893,0.9305029894244833,1.0841821018859352,145.00049709060048,143.93413342083375,72
mbr,history_mean,mlp_s123,obs_bias,0.09,1.0096166225399401,0.9342113620729338,1.0854939631549163,147.27994510488713,145.87710009604243,72
mbr,history_mean,mlp_s123,obs_bias,0.12,1.0117053804319205,0.9391148809755302,1.0854294182633466,151.01306157068748,149.2658480339568,72
mbr,history_mean,mlp_s123,obs_bias,0.16,1.0130647786404061,0.9428057796309476,1.0848126944527312,156.47377796816713,154.4558465236195,72
mbr,history_mean,mlp_s123,obs_bias,0.2,1.0134647779808905,0.9461112346562777,1.0830642029860105,162.38478149672923,160.22735572542126,72
mbr,history_mean,mlp_s123,obs_bias,0.25,1.013228061809289,0.9494813441654364,1.0789578482968365,170.2886592734302,168.06547873274567,72
mbr,history_mean,mlp_s123,obs_bias,0.3,1.0125730753529611,0.9521354898296315,1.0740903965536857,178.66527829635575,176.44679939181367,72
mbr,history_mean,mlp_s123,obs_bias,0.4,1.01083898083324,0.9567841566669899,1.0653844038523643,196.5458585356184,194.43834504047774,72
mbr,history_mean,mlp_s123,obs_bias,0.5,1.0091124616369815,0.9614600785551145,1.0579984678811574,215.6045872727535,213.65764022277543,72
mbr,history_mean,mlp_s123,obs_bias,0.6,1.0076220442738062,0.9651313527299795,1.0513645869375434,235.57713381628355,233.7951369315904,72
mbr,history_mean,mlp_s123,obs_bias,0.8,1.0054265735832781,0.9719569460389685,1.0412609259847543,277.58586561579546,276.0876556370463,72
mbr,history_mean,mlp_s123,obs_bias,1.0,1.0040482268147646,0.9759336673370625,1.033183827502976,321.610626690183,320.3139232768313,72
mbr,history_mean,mlp_s42,obs_bias,0.0,1.565295988619513,1.3213377862953632,1.8430844298424403,138.89653817701694,88.734999122763,72
mbr,history_mean,mlp_s42,obs_bias,0.005,1.5685145938713947,1.3246239002878448,1.846647689701242,139.20139275991264,88.74727293186154,72
mbr,history_mean,mlp_s42,obs_bias,0.01,1.571266898980256,1.3273485384557406,1.849485891306802,139.53230096628394,88.80241864500529,72
mbr,history_mean,mlp_s42,obs_bias,0.015,1.5735310461338445,1.3292654668591923,1.8515474155747804,139.88714440245562,88.90014896506645,72
mbr,history_mean,mlp_s42,obs_bias,0.02,1.5752935301314437,1.3314151875936142,1.8527895706825384,140.26416995902213,89.04002160620718,72
mbr,history_mean,mlp_s42,obs_bias,0.03,1.5773196142740658,1.3327867746283533,1.8535646836820092,141.0790076179755,89.44224514884048,72
mbr,history_mean,mlp_s42,obs_bias,0.04,1.5774490153222473,1.3331590553604877,1.8512820338129075,141.96704813935906,89.99786792497854,72
mbr,history_mean,mlp_s42,obs_bias,0.05,1.5758884486122864,1.3333621719842028,1.8469889334198384,142.92062026060592,90.69209206175765,72
mbr,history_mean,mlp_s42,obs_bias,0.07,1.5686442786067316,1.3323956268240764,1.8315820596629697,145.00049709060048,92.4368252688811,72
mbr,history_mean,mlp_s42,obs_bias,0.09,1.557388453152813,1.3278705856085793,1.8131154643244085,147.27994510488713,94.56853542655348,72
mbr,history_mean,mlp_s42,obs_bias,0.12,1.5358486752096447,1.3153462088421437,1.7723679938588053,151.01306157068748,98.32548219639807,72
mbr,history_mean,mlp_s42,obs_bias,0.16,1.5027724749972362,1.2966845412170307,1.7159696067621288,156.47377796816713,104.12339896527244,72
mbr,history_mean,mlp_s42,obs_bias,0.2,1.4684233444039194,1.2785284769482947,1.6628733543934873,162.38478149672923,110.58444563386213,72
mbr,history_mean,mlp_s42,obs_bias,0.25,1.426907192343708,1.2548115516065448,1.5984913358143251,170.2886592734302,119.34108972688654,72
mbr,history_mean,mlp_s42,obs_bias,0.3,1.3885876194732434,1.234053923608734,1.5410320329941178,178.66527829635575,128.66691002482932,72
mbr,history_mean,mlp_s42,obs_bias,0.4,1.322963767984761,1.1966430546578988,1.4471304535023222,196.5458585356184,148.56480826758545,72
mbr,history_mean,mlp_s42,obs_bias,0.5,1.2708843024628158,1.1654211767147,1.3732178576562353,215.6045872727535,169.64926457501963,72
mbr,history_mean,mlp_s42,obs_bias,0.6,1.2297231941957758,1.139216103622829,1.317016873555494,235.57713381628355,191.56923682353423,72
mbr,history_mean,mlp_s42,obs_bias,0.8,1.1707760841656147,1.1013755022557103,1.2366944834778701,277.58586561579546,237.09560638456716,72
mbr,history_mean,mlp_s42,obs_bias,1.0,1.1319655952133743,1.0781877928510084,1.184689024981644,321.610626690183,284.1169626092388,72
mbr,history_mean,mlp_s7,obs_bias,0.0,2.1876822072461604,1.904650462589284,2.501035567312262,138.89653817701694,63.49027190373275,72
mbr,history_mean,mlp_s7,obs_bias,0.005,2.1887525968170305,1.9067816809931442,2.4996678713354865,139.20139275991264,63.59850490290439,72
mbr,history_mean,mlp_s7,obs_bias,0.01,2.1884790204179287,1.9077973984171857,2.4983153245549277,139.53230096628394,63.757659847083104,72
mbr,history_mean,mlp_s7,obs_bias,0.015,2.1868532911899488,1.9076566470116425,2.495173408749244,139.88714440245562,63.96732006029439,72
mbr,history_mean,mlp_s7,obs_bias,0.02,2.183907683522792,1.9063653883048741,2.490296726495642,140.26416995902213,64.22623585112648,72
mbr,history_mean,mlp_s7,obs_bias,0.03,2.1744551712678164,1.901367693819288,2.473929024625976,141.0790076179755,64.88016376797474,72
mbr,history_mean,mlp_s7,obs_bias,0.04,2.1608192576588503,1.8925898698488635,2.452212284157435,141.96704813935906,65.7005659479238,72
mbr,history_mean,mlp_s7,obs_bias,0.05,2.1436615769303065,1.8824106271710275,2.427124427077349,142.92062026060592,66.67126089243352,72
mbr,history_mean,mlp_s7,obs_bias,0.07,2.1018100150713512,1.855687654581806,2.368072566986179,145.00049709060048,68.98839383714616,72
mbr,history_mean,mlp_s7,obs_bias,0.09,2.054035905704827,1.8232049169586357,2.3032041345123013,147.27994510488713,71.70271205865271,72
mbr,history_mean,mlp_s7,obs_bias,0.12,1.9785690252229196,1.770011177117461,2.2042028388174764,151.01306157068748,76.32438375692922,72
mbr,history_mean,mlp_s7,obs_bias,0.16,1.8800864777204618,1.6978736673629353,2.0787203846826245,156.47377796816713,83.22690462509259,72
mbr,history_mean,mlp_s7,obs_bias,0.2,1.7900407598010237,1.6290608912365219,1.968229435981699,162.38478149672923,90.71568935378852,72
mbr,history_mean,mlp_s7,obs_bias,0.25,1.6913996535845726,1.5534921275201385,1.8442769457180268,170.2886592734302,100.67913808101977,72
mbr,history_mean,mlp_s7,obs_bias,0.3,1.607676298551427,1.4890639289913707,1.7450805262121183,178.66527829635575,111.13261945662784,72
mbr,history_mean,mlp_s7,obs_bias,0.4,1.4782753515645002,1.3807773028012789,1.5957700350532928,196.5458585356184,132.95619001399734,72
mbr,history_mean,mlp_s7,obs_bias,0.5,1.3850552315138243,1.3037344537624056,1.4865561043233775,215.6045872727535,155.66497448416123,72
mbr,history_mean,mlp_s7,obs_bias,0.6,1.3160295495781842,1.2465252844100596,1.4035346226547267,235.57713381628355,179.00596068818598,72
mbr,history_mean,mlp_s7,obs_bias,0.8,1.223578532979228,1.1682940365269903,1.2929315636327128,277.58586561579546,226.8639553032334,72
mbr,history_mean,mlp_s7,obs_bias,1.0,1.1665298778719357,1.1209557072860774,1.2233800481683967,321.610626690183,275.69857642813855,72
mbr,history_mean,ridge,obs_bias,0.0,1.5273475711756561,1.2920941331337976,1.8092408309096695,138.89653817701694,90.93970540713475,72
mbr,history_mean,ridge,obs_bias,0.005,1.5258205140565686,1.289826151939848,1.8067492492900223,139.20139275991264,91.23051596011761,72
mbr,history_mean,ridge,obs_bias,0.01,1.5233762049588562,1.2891061357168017,1.8028341192762691,139.53230096628394,91.59411871610038,72
mbr,history_mean,ridge,obs_bias,0.015,1.5200157420538996,1.2878114006858192,1.7975646565341064,139.88714440245562,92.0300629343714,72
mbr,history_mean,ridge,obs_bias,0.02,1.5157557658576353,1.2857631589179614,1.7920922488375866,140.26416995902213,92.53744773298537,72
mbr,history_mean,ridge,obs_bias,0.03,1.504673858158803,1.2791861062362797,1.7783732573724407,141.0790076179755,93.76052282227265,72
mbr,history_mean,ridge,obs_bias,0.04,1.4905120340691598,1.2686362774172009,1.756702342602252,141.96704813935906,95.2471666745173,72
mbr,history_mean,ridge,obs_bias,0.05,1.473754522151071,1.2558297039102082,1.735683276710901,142.92062026060592,96.97722253771342,72
mbr,history_mean,ridge,obs_bias,0.07,1.4344403267442902,1.2251523667049922,1.6881183956719856,145.00049709060048,101.08506738631932,72
mbr,history_mean,ridge,obs_bias,0.09,1.390316615352671,1.1910781384508835,1.6314524271803168,147.27994510488713,105.93266560906902,72
mbr,history_mean,ridge,obs_bias,0.12,1.3210398139345705,1.1393011055983395,1.5440344862979043,151.01306157068748,114.3137852302209,72
mbr,history_mean,ridge,obs_bias,0.16,1.2316694516047604,1.0719816320797597,1.427217918012078,156.47377796816713,127.04202232530419,72
mbr,history_mean,ridge,obs_bias,0.2,1.1512628261464106,1.0115715193078034,1.3266248984829847,162.38478149672923,141.04927025245416,72
mbr,history_mean,ridge,obs_bias,0.25,1.0654362730489266,0.9466000559289447,1.2166689627387834,170.2886592734302,159.8299809955975,72
mbr,history_mean,ridge,obs_bias,0.3,0.9946741313477526,0.8944405352258056,1.125295799716094,178.66527829635575,179.62192105495882,72
mbr,history_mean,ridge,obs_bias,0.4,0.8884085237566764,0.8120320091883259,0.9919315888126369,196.5458585356184,221.23364789940914,72
mbr,history_mean,ridge,obs_bias,0.5,0.8148111294948369,0.7541187852179766,0.8991772122638134,215.6045872727535,264.6068266230275,72
mbr,history_mean,ridge,obs_bias,0.6,0.7621664406754846,0.7118824394653258,0.8319301578093351,235.57713381628355,309.0888305282752,72
mbr,history_mean,ridge,obs_bias,0.8,0.6939227185907232,0.6568367724058108,0.7460705005645337,277.58586561579546,400.02417874362186,72
mbr,history_mean,ridge,obs_bias,1.0,0.6530897753637503,0.6235516651884392,0.6946098922580992,321.610626690183,492.44474316116197,72
mbr,drift,gru_s123,obs_bias,0.0,6.832233846892663,5.502660932504068,8.262094800919568,366.86163009184395,53.69570748206966,72
mbr,drift,gru_s123,obs_bias,0.005,6.825595785844448,5.493630932886258,8.25928762214866,366.8283396580624,53.74305059476639,72
mbr,drift,gru_s123,obs_bias,0.01,6.812762022425203,5.481678587316336,8.248563980608347,366.8308518375754,53.84465957127197,72
mbr,drift,gru_s123,obs_bias,0.015,6.793924186268483,5.460530518813224,8.229522443212932,366.87204106879875,54.000019872211844,72
mbr,drift,gru_s123,obs_bias,0.02,6.769321057022151,5.432822168815664,8.199375007109394,366.9506056968128,54.20788918205568,72
mbr,drift,gru_s123,obs_bias,0.03,6.704065495858015,5.36441376324266,8.132470456637641,367.2044311243748,54.77339553905692,72
mbr,drift,gru_s123,obs_bias,0.04,6.620169223491786,5.28107609055422,8.021810509194815,367.568245591307,55.522484876517154,72
mbr,drift,gru_s123,obs_bias,0.05,6.521274841624409,5.186660514167885,7.918968071444035,368.02721878830783,56.43485786540389,72
mbr,drift,gru_s123,obs_bias,0.07,6.292016146768212,4.971768614359869,7.605376639028469,369.1862292864108,58.67534676878366,72
mbr,drift,gru_s123,obs_bias,0.09,6.039123154416019,4.74361313563104,7.320894845157277,370.6118342266912,61.368484256805864,72
mbr,drift,gru_s123,obs_bias,0.12,5.649054294554941,4.411236458545186,6.8433867176576,373.1508164095896,66.05544874462711,72
mbr,drift,gru_s123,obs_bias,0.16,5.153324385341877,3.989384707957059,6.2545466382878105,377.123670971116,73.18065830356169,72
mbr,drift,gru_s123,obs_bias,0.2,4.711191186211623,3.6354610597642134,5.725935704534797,381.6154203164085,81.00189638520575,72
mbr,drift,gru_s123,obs_bias,0.25,4.24069053215275,3.2599153209424765,5.156205739651814,387.79371892683423,91.44588976408379,72
mbr,drift,gru_s123,obs_bias,0.3,3.851975645850948,2.956809329856346,4.6821553168914525,394.46889870682367,102.40690361885211,72
mbr,drift,gru_s123,obs_bias,0.4,3.2629112848845407,2.5073185091590373,3.9492984186151023,408.96636319740327,125.33787390786344,72
mbr,drift,gru_s123,obs_bias,0.5,2.847590966712186,2.2008183700858246,3.431995744401861,424.64497053873856,149.1242862836552,72
mbr,drift,gru_s123,obs_bias,0.6,2.5439771680030616,1.9849850557778748,3.0500251467142796,441.2442050568104,173.44660581335822,72
mbr,drift,gru_s123,obs_bias,0.8,2.1364187508724375,1.6988734378636166,2.5292407985358465,476.58151657895036,223.07495493771125,72
mbr,drift,gru_s123,obs_bias,1.0,1.8798901618718005,1.5244709813110138,2.196654696940069,514.116475258384,273.4821883138533,72
mbr,drift,gru_s42,obs_bias,0.0,9.728982544140838,7.741878864472102,11.509836091878668,366.86163009184395,37.70811885285804,72
mbr,drift,gru_s42,obs_bias,0.005,9.734878347923145,7.736066381562573,11.528550929759403,366.8283396580624,37.6818617087621,72
mbr,drift,gru_s42,obs_bias,0.01,9.723932326429939,7.723707585960591,11.525578614944745,366.8308518375754,37.724537720251114,72
mbr,drift,gru_s42,obs_bias,0.015,9.696366956704088,7.701042969557958,11.520657503241786,366.87204106879875,37.83603103171984,72
mbr,drift,gru_s42,obs_bias,0.02,9.65271210554253,7.662489113310731,11.495840091261519,366.9506056968128,38.01528541249168,72
mbr,drift,gru_s42,obs_bias,0.03,9.520871704434457,7.544724452338968,11.355897128863498,367.2044311243748,38.56836249073129,72
mbr,drift,gru_s42,obs_bias,0.04,9.33862834246369,7.391282599891249,11.13162963003833,367.568245591307,39.35998222779002,72
mbr,drift,gru_s42,obs_bias,0.05,9.11853608552565,7.1955586775429055,10.897055119874544,368.02721878830783,40.36034022747331,72
mbr,drift,gru_s42,obs_bias,0.07,8.612696212258658,6.745423556571174,10.31580251452992,369.1862292864108,42.8653490368021,72
mbr,drift,gru_s42,obs_bias,0.09,8.079617826545851,6.291004311360993,9.682528752628784,370.6118342266912,45.86997085543251,72
mbr,drift,gru_s42,obs_bias,0.12,7.316458459389295,5.673365126648799,8.775090726820485,373.1508164095896,51.00156291200162,72
mbr,drift,gru_s42,obs_bias,0.16,6.436208337841612,4.979577453299503,7.723493693220551,377.123670971116,58.59407451959281,72
mbr,drift,gru_s42,obs_bias,0.2,5.71798146545033,4.408878001091916,6.873307891449208,381.6154203164085,66.73953433081891,72
mbr,drift,gru_s42,obs_bias,0.25,5.007844941810035,3.852195295013376,6.0404855569448195,387.79371892683423,77.437245648159,72
mbr,drift,gru_s42,obs_bias,0.3,4.455519323688956,3.4281341916312376,5.380039258369482,394.46889870682367,88.5348867436226,72
mbr,drift,gru_s42,obs_bias,0.4,3.6671898411059862,2.821585405921383,4.422090735238659,408.96636319740327,111.52036870664521,72
mbr,drift,gru_s42,obs_bias,0.5,3.141231017418381,2.4270804839958036,3.7816629976820377,424.64497053873856,135.18425362033156,72
mbr,drift,gru_s42,obs_bias,0.6,2.7703063901797704,2.159202541969903,3.3212920614642165,441.2442050568104,159.27631926235324,72
mbr,drift,gru_s42,obs_bias,0.8,2.2885721074329797,1.8129575678910563,2.715961782435306,476.58151657895036,208.24404659616212,72
mbr,drift,gru_s42,obs_bias,1.0,1.9940094870806564,1.6126852117541595,2.338287177383148,514.116475258384,257.8305061181428,72
mbr,drift,gru_s7,obs_bias,0.0,9.567101519097774,7.860239801460922,11.02978035793332,366.86163009184395,38.34616256130633,72
mbr,drift,gru_s7,obs_bias,0.005,9.554868388988924,7.845912564168895,11.02770733715196,366.8283396580624,38.391773148942285,72
mbr,drift,gru_s7,obs_bias,0.01,9.524637271919348,7.814353166472371,11.011133132131102,366.8308518375754,38.51389206380285,72
mbr,drift,gru_s7,obs_bias,0.015,9.477253010741334,7.765267516527639,10.97077850602462,366.87204106879875,38.710799495697024,72
mbr,drift,gru_s7,obs_bias,0.02,9.413951181470235,7.700568966469818,10.91354002659589,366.9506056968128,38.97944642193309,72
mbr,drift,gru_s7,obs_bias,0.03,9.246026471173089,7.542404406620829,10.750339202906112,367.2044311243748,39.714836667322,72
mbr,drift,gru_s7,obs_bias,0.04,9.035347263775899,7.349789336300645,10.546047906144246,367.568245591307,40.68114205913754,72
mbr,drift,gru_s7,obs_bias,0.05,8.796108206961748,7.140416412412598,10.313879761161568,368.02721878830783,41.83977847123684,72
mbr,drift,gru_s7,obs_bias,0.07,8.276119019823211,6.68531447999358,9.742862984560569,369.1862292864108,44.60861768688014,72
mbr,drift,gru_s7,obs_bias,0.09,7.74871990402179,6.220972292585767,9.168790915112718,370.6118342266912,47.8287818913591,72
mbr,drift,gru_s7,obs_bias,0.12,7.007590530483718,5.580238074207732,8.322067196289908,373.1508164095896,53.2495177602553,72
mbr,drift,gru_s7,obs_bias,0.16,6.159976340450751,4.859477573065968,7.386672166197918,377.123670971116,61.22161029980844,72
mbr,drift,gru_s7,obs_bias,0.2,5.470774748252844,4.280092036145547,6.592062597430912,381.6154203164085,69.75527925697943,72
mbr,drift,gru_s7,obs_bias,0.25,4.790908513534753,3.7169920965296,5.786114650933248,387.79371892683423,80.94367025195359,72
mbr,drift,gru_s7,obs_bias,0.3,4.263182428894244,3.2908796112527057,5.156533557407097,394.46889870682367,92.5292091732369,72
mbr,drift,gru_s7,obs_bias,0.4,3.51135951204061,2.704173797837545,4.245962035181679,408.96636319740327,116.46952178922129,72
mbr,drift,gru_s7,obs_bias,0.5,3.0103123345052567,2.332695160192383,3.6252221695852365,424.64497053873856,141.06342576858515,72
mbr,drift,gru_s7,obs_bias,0.6,2.6570055394426677,2.0744824055761284,3.1831894756481893,441.2442050568104,166.06822925531634,72
mbr,drift,gru_s7,obs_bias,0.8,2.198332199896591,1.7499299716529142,2.5990846591495913,476.58151657895036,216.7923103711844,72
mbr,drift,gru_s7,obs_bias,1.0,1.9185010638677813,1.5579662454590415,2.24272155748672,514.116475258384,267.9782070185058,72
mbr,drift,mlp_s123,obs_bias,0.0,2.606445936174434,2.089296032247108,3.1329037142181804,366.86163009184395,140.75167453129635,72
mbr,drift,mlp_s123,obs_bias,0.005,2.6074326052894685,2.0892286674521743,3.1341947955985323,366.8283396580624,140.6856456860707,72
mbr,drift,mlp_s123,obs_bias,0.01,2.6076688579641907,2.088744535381715,3.134657564585081,366.8308518375754,140.67386306249043,72
mbr,drift,mlp_s123,obs_bias,0.015,2.607080853834366,2.087806442459165,3.134186254545255,366.87204106879875,140.72138979856393,72
mbr,drift,mlp_s123,obs_bias,0.02,2.6057450902185804,2.086486656735429,3.1326474408858083,366.9506056968128,140.82367729455513,72
mbr,drift,mlp_s123,obs_bias,0.03,2.601135331888051,2.0829610437919004,3.127743738829412,367.2044311243748,141.17082899252193,72
mbr,drift,mlp_s123,obs_bias,0.04,2.5943504329824174,2.078473694559866,3.1213093688426894,367.568245591307,141.68026066114643,72
mbr,drift,mlp_s123,obs_bias,0.05,2.5858294597184437,2.0731781324224476,3.1087149992072605,368.02721878830783,142.32462910697143,72
mbr,drift,mlp_s123,obs_bias,0.07,2.5649664920480424,2.057394603449817,3.0814870653184,369.1862292864108,143.93413342083375,72
mbr,drift,mlp_s123,obs_bias,0.09,2.540575827067361,2.0429892648175416,3.0492974506006862,370.6118342266912,145.87710009604243,72
mbr,drift,mlp_s123,obs_bias,0.12,2.4999075228829355,2.0124195179197097,2.994994096223529,373.1508164095896,149.2658480339568,72
mbr,drift,mlp_s123,obs_bias,0.16,2.441627684928365,1.9661409679624002,2.922244074543509,377.123670971116,154.4558465236195,72
mbr,drift,mlp_s123,obs_bias,0.2,2.381712027816124,1.9187869789877616,2.850237221532942,381.6154203164085,160.22735572542126,72
mbr,drift,mlp_s123,obs_bias,0.25,2.3073966280933633,1.8651962895530145,2.754761155508523,387.79371892683423,168.06547873274567,72
mbr,drift,mlp_s123,obs_bias,0.3,2.235625129310933,1.8152799044673336,2.6562795624123154,394.46889870682367,176.44679939181367,72
mbr,drift,mlp_s123,obs_bias,0.4,2.1033215599128123,1.7197430084332137,2.4816352525144887,408.96636319740327,194.43834504047774,72
mbr,drift,mlp_s123,obs_bias,0.5,1.9875019217472025,1.6367417101726232,2.3302005153135994,424.64497053873856,213.65764022277543,72
mbr,drift,mlp_s123,obs_bias,0.6,1.887311305307093,1.5624073057567642,2.200971009753654,441.2442050568104,233.7951369315904,72
mbr,drift,mlp_s123,obs_bias,0.8,1.726196397587148,1.4481769112109915,1.986842436863481,476.58151657895036,276.0876556370463,72
mbr,drift,mlp_s123,obs_bias,1.0,1.6050394250706947,1.3618521504863719,1.8304251335974906,514.116475258384,320.3139232768313,72
mbr,drift,mlp_s42,obs_bias,0.0,4.13435097445934,3.314682438486904,5.2500752687785095,366.86163009184395,88.734999122763,72
mbr,drift,mlp_s42,obs_bias,0.005,4.133404075860519,3.3131699413812252,5.251048411529735,366.8283396580624,88.74727293186154,72
mbr,drift,mlp_s42,obs_bias,0.01,4.130865548876668,3.3105620682246126,5.248000574404144,366.8308518375754,88.80241864500529,72
mbr,drift,mlp_s42,obs_bias,0.015,4.126787697655739,3.3068872354491248,5.242385120675564,366.87204106879875,88.90014896506645,72
mbr,drift,mlp_s42,obs_bias,0.02,4.121187293953126,3.302176183534394,5.2329326948378485,366.9506056968128,89.04002160620718,72
mbr,drift,mlp_s42,obs_bias,0.03,4.105492102901838,3.28981199880106,5.207230635561722,367.2044311243748,89.44224514884048,72
mbr,drift,mlp_s42,obs_bias,0.04,4.084188370970175,3.2699187192193753,5.173264014186288,367.568245591307,89.99786792497854,72
mbr,drift,mlp_s42,obs_bias,0.05,4.057985767245243,3.2526746198044054,5.132098219480798,368.02721878830783,90.69209206175765,72
mbr,drift,mlp_s42,obs_bias,0.07,3.99393021355416,3.2047401177326758,5.034025203143571,369.1862292864108,92.4368252688811,72
mbr,drift,mlp_s42,obs_bias,0.09,3.9189761431224275,3.1388719117570023,4.932632581525647,370.6118342266912,94.56853542655348,72
mbr,drift,mlp_s42,obs_bias,0.12,3.7950570703965396,3.0367892260123353,4.7649930711222,373.1508164095896,98.32548219639807,72
mbr,drift,mlp_s42,obs_bias,0.16,3.6218916662228384,2.9054699053055266,4.503170336843269,377.123670971116,104.12339896527244,72
mbr,drift,mlp_s42,obs_bias,0.2,3.450895992913074,2.767155706898905,4.256093508917509,381.6154203164085,110.58444563386213,72
mbr,drift,mlp_s42,obs_bias,0.25,3.2494568284427823,2.6027285774001188,3.976686296822861,387.79371892683423,119.34108972688654,72
mbr,drift,mlp_s42,obs_bias,0.3,3.065814657635763,2.458900222661262,3.710351321031872,394.46889870682367,128.66691002482932,72
mbr,drift,mlp_s42,obs_bias,0.4,2.7527808770216913,2.2005016543544675,3.2933197906478995,408.96636319740327,148.56480826758545,72
mbr,drift,mlp_s42,obs_bias,0.5,2.503075811159551,2.0118419033244432,2.967444998155828,424.64497053873856,169.64926457501963,72
mbr,drift,mlp_s42,obs_bias,0.6,2.303314521544326,1.8638328046256836,2.713222045866258,441.2442050568104,191.56923682353423,72
mbr,drift,mlp_s42,obs_bias,0.8,2.010081603140039,1.6439460262679413,2.342590676112179,476.58151657895036,237.09560638456716,72
mbr,drift,mlp_s42,obs_bias,1.0,1.8095240443826501,1.498825605443985,2.089429772367769,514.116475258384,284.1169626092388,72
mbr,drift,mlp_s7,obs_bias,0.0,5.778233721350235,4.961769854500694,6.599022799660846,366.86163009184395,63.49027190373275,72
mbr,drift,mlp_s7,obs_bias,0.005,5.767876779778046,4.949002560331616,6.58932885178412,366.8283396580624,63.59850490290439,72
mbr,drift,mlp_s7,obs_bias,0.01,5.753518129702149,4.934443220832878,6.574154787592499,366.8308518375754,63.757659847083104,72
mbr,drift,mlp_s7,obs_bias,0.015,5.735304226017162,4.914380655596328,6.554926016412515,366.87204106879875,63.96732006029439,72
mbr,drift,mlp_s7,obs_bias,0.02,5.713406691735567,4.888838306710166,6.5324000105324584,366.9506056968128,64.22623585112648,72
mbr,drift,mlp_s7,obs_bias,0.03,5.659733419255475,4.830966564232678,6.475310634268184,367.2044311243748,64.88016376797474,72
mbr,drift,mlp_s7,obs_bias,0.04,5.594597859060337,4.76430776390842,6.401167484669066,367.568245591307,65.7005659479238,72
mbr,drift,mlp_s7,obs_bias,0.05,5.520027878009953,4.68927370834806,6.313588052779285,368.02721878830783,66.67126089243352,72
mbr,drift,mlp_s7,obs_bias,0.07,5.351425199982347,4.523015394284265,6.12201618763433,369.1862292864108,68.98839383714616,72
mbr,drift,mlp_s7,obs_bias,0.09,5.168728261262019,4.355084550416372,5.91831612221578,370.6118342266912,71.70271205865271,72
mbr,drift,mlp_s7,obs_bias,0.12,4.88901184709156,4.082403035109557,5.6052862225824756,373.1508164095896,76.32438375692922,72
mbr,drift,mlp_s7,obs_bias,0.16,4.531271139662386,3.752878105795129,5.211601466398962,377.123670971116,83.22690462509259,72
mbr,drift,mlp_s7,obs_bias,0.2,4.206719069599081,3.439764025297234,4.863860206104253,381.6154203164085,90.71568935378852,72
mbr,drift,mlp_s7,obs_bias,0.25,3.851778296063322,3.1233941455603085,4.465257339980418,387.79371892683423,100.67913808101977,72
mbr,drift,mlp_s7,obs_bias,0.3,3.549532987124222,2.853532627725134,4.125996909485205,394.46889870682367,111.13261945662784,72
mbr,drift,mlp_s7,obs_bias,0.4,3.0759482740468735,2.4613086979239247,3.5972637915394183,408.96636319740327,132.95619001399734,72
mbr,drift,mlp_s7,obs_bias,0.5,2.727941670539032,2.180918874459844,3.193384163511571,424.64497053873856,155.66497448416123,72
mbr,drift,mlp_s7,obs_bias,0.6,2.464969341581996,1.9744100350381748,2.8811724983681133,441.2442050568104,179.00596068818598,72
mbr,drift,mlp_s7,obs_bias,0.8,2.1007370516040624,1.7015217597098302,2.448120832424681,476.58151657895036,226.8639553032334,72
mbr,drift,mlp_s7,obs_bias,1.0,1.8647774026224961,1.5304450957522455,2.1566187557623486,514.116475258384,275.69857642813855,72
mbr,drift,ridge,obs_bias,0.0,4.034119403063972,3.190815553879339,4.8575546728840955,366.86163009184395,90.93970540713475,72
mbr,drift,ridge,obs_bias,0.005,4.020895155502851,3.181141305224737,4.842687464022806,366.8283396580624,91.23051596011761,72
mbr,drift,ridge,obs_bias,0.01,4.004960765817096,3.1696081824820124,4.820429105098339,366.8308518375754,91.59411871610038,72
mbr,drift,ridge,obs_bias,0.015,3.9864369247516764,3.156289869574586,4.794553951048811,366.87204106879875,92.0300629343714,72
mbr,drift,ridge,obs_bias,0.02,3.9654282097301854,3.1412754828815066,4.771371387197176,366.9506056968128,92.53744773298537,72
mbr,drift,ridge,obs_bias,0.03,3.9164076742663605,3.1060819051739634,4.708860540618473,367.2044311243748,93.76052282227265,72
mbr,drift,ridge,obs_bias,0.04,3.8590989992109366,3.063215541828345,4.636930722690839,367.568245591307,95.2471666745173,72
mbr,drift,ridge,obs_bias,0.05,3.7949861746678293,3.0120828918000817,4.556267779305264,368.02721878830783,96.97722253771342,72
mbr,drift,ridge,obs_bias,0.07,3.652233102595486,2.899029623125041,4.374241178244534,369.1862292864108,101.08506738631932,72
mbr,drift,ridge,obs_bias,0.09,3.498560449657586,2.774833820148286,4.180989043816784,370.6118342266912,105.93266560906902,72
mbr,drift,ridge,obs_bias,0.12,3.2642678716139693,2.5947186659078767,3.885851046965029,373.1508164095896,114.3137852302209,72
mbr,drift,ridge,obs_bias,0.16,2.968495495179162,2.3429221556975195,3.522137184583871,377.123670971116,127.04202232530419,72
mbr,drift,ridge,obs_bias,0.2,2.705546931461481,2.1419256668781586,3.2053954599453673,381.6154203164085,141.04927025245416,72
mbr,drift,ridge,obs_bias,0.25,2.426288963505013,1.9100298554416737,2.876326989098571,387.79371892683423,159.8299809955975,72
mbr,drift,ridge,obs_bias,0.3,2.196106668885521,1.7218267052084515,2.6076624194721276,394.46889870682367,179.62192105495882,72
mbr,drift,ridge,obs_bias,0.4,1.8485721637757053,1.447978102802517,2.197532394955653,408.96636319740327,221.23364789940914,72
mbr,drift,ridge,obs_bias,0.5,1.6048148717784583,1.2619718483096307,1.9063944250255906,424.64497053873856,264.6068266230275,72
mbr,drift,ridge,obs_bias,0.6,1.4275643810960867,1.128151045321477,1.6918547467079565,441.2442050568104,309.0888305282752,72
mbr,drift,ridge,obs_bias,0.8,1.191381776161072,0.9560028934857847,1.4022391953563613,476.58151657895036,400.02417874362186,72
mbr,drift,ridge,obs_bias,1.0,1.0440084545488375,0.8522764160499574,1.2182195561080846,514.116475258384,492.44474316116197,72
mbr,ar1,gru_s123,obs_bias,0.0,2.5174018495186905,2.070935878311991,3.028431051706469,135.17367332657673,53.69570748206966,72
mbr,ar1,gru_s123,obs_bias,0.005,2.5157585778754585,2.0700590350734416,3.0271124094334816,135.2045405349783,53.74305059476639,72
mbr,ar1,gru_s123,obs_bias,0.01,2.5125103148066774,2.0688575553339072,3.0238341143112253,135.2852625700749,53.84465957127197,72
mbr,ar1,gru_s123,obs_bias,0.015,2.507621960034353,2.0665895623133594,3.0166041970394133,135.41163567384987,54.000019872211844,72
mbr,ar1,gru_s123,obs_bias,0.02,2.5010959577538148,2.063426118381249,3.0055855069458515,135.57913251160622,54.20788918205568,72
mbr,ar1,gru_s123,obs_bias,0.03,2.4833514335007596,2.05430973069576,2.978054150404896,136.02159032962112,54.77339553905692,72
mbr,ar1,gru_s123,obs_bias,0.04,2.4600119332798327,2.038935753113492,2.947873113198027,136.58597536158123,55.522484876517154,72
mbr,ar1,gru_s123,obs_bias,0.05,2.4320514084040292,2.0171406764308717,2.907169647075076,137.25247555463673,56.43485786540389,72
mbr,ar1,gru_s123,obs_bias,0.07,2.366177802106365,1.970351451064596,2.82059140172005,138.83630305518932,58.67534676878366,72
mbr,ar1,gru_s123,obs_bias,0.09,2.292573907276719,1.9158079148627092,2.722561758142366,140.69178573627525,61.368484256805864,72
mbr,ar1,gru_s123,obs_bias,0.12,2.1781206726694187,1.831541572373944,2.5811923401023438,143.87673845312753,66.05544874462711,72
mbr,ar1,gru_s123,obs_bias,0.16,2.0320916192926153,1.7252517821204347,2.3921433238356262,148.70980243298425,73.18065830356169,72
mbr,ar1,gru_s123,obs_bias,0.2,1.901976875965156,1.625988805509651,2.224310462247776,154.0637338339869,81.00189638520575,72
mbr,ar1,gru_s123,obs_bias,0.25,1.7641808221184554,1.5204861584837948,2.0525541548831545,161.32708498335498,91.44588976408379,72
mbr,ar1,gru_s123,obs_bias,0.3,1.6512198440760026,1.4351886828897844,1.9035480466155426,169.09631142582722,102.40690361885211,72
mbr,ar1,gru_s123,obs_bias,0.4,1.4823774494734567,1.308813743712998,1.6902047505791633,185.79803784596433,125.33787390786344,72
mbr,ar1,gru_s123,obs_bias,0.5,1.3658147580919813,1.2210759300025271,1.5382669657898622,203.6761509961499,149.1242862836552,72
mbr,ar1,gru_s123,obs_bias,0.6,1.282476967120831,1.159204071594077,1.4288755184703443,222.44127698091793,173.44660581335822,72
mbr,ar1,gru_s123,obs_bias,0.8,1.174184416193459,1.0819212527187985,1.2833657734745925,261.93113573091864,223.07495493771125,72
mbr,ar1,gru_s123,obs_bias,1.0,1.1090588408814457,1.0369040757535746,1.1943701569384508,303.3078387730834,273.4821883138533,72
mbr,ar1,gru_s42,obs_bias,0.0,3.5847365882674205,3.1844156252111615,3.9758237130336735,135.17367332657673,37.70811885285804,72
mbr,ar1,gru_s42,obs_bias,0.005,3.588053625905097,3.182832759849154,3.9869789068136234,135.2045405349783,37.6818617087621,72
mbr,ar1,gru_s42,obs_bias,0.01,3.5861344033767097,3.1768140701523007,3.9920287017608294,135.2852625700749,37.724537720251114,72
mbr,ar1,gru_s42,obs_bias,0.015,3.57890698314333,3.167447997500066,3.990773333903748,135.41163567384987,37.83603103171984,72
mbr,ar1,gru_s42,obs_bias,0.02,3.5664373170023715,3.1526046964334746,3.9832003250495824,135.57913251160622,38.01528541249168,72
mbr,ar1,gru_s42,obs_bias,0.03,3.5267660213033336,3.1065668139295757,3.9502072499713816,136.02159032962112,38.56836249073129,72
mbr,ar1,gru_s42,obs_bias,0.04,3.470173705138135,3.055325317711527,3.8946886582279583,136.58597536158123,39.35998222779002,72
mbr,ar1,gru_s42,obs_bias,0.05,3.4006768719260916,2.9909842882607562,3.824330982866769,137.25247555463673,40.36034022747331,72
mbr,ar1,gru_s42,obs_bias,0.07,3.2388935626300683,2.846611640353572,3.647601367993141,138.83630305518932,42.8653490368021,72
mbr,ar1,gru_s42,obs_bias,0.09,3.0671871621564963,2.6895507804037613,3.4636314968699664,140.69178573627525,45.86997085543251,72
mbr,ar1,gru_s42,obs_bias,0.12,2.821026067404508,2.4751219046302246,3.2010626389887897,143.87673845312753,51.00156291200162,72
mbr,ar1,gru_s42,obs_bias,0.16,2.537966571743673,2.2272383596121355,2.881881855238092,148.70980243298425,58.59407451959281,72
mbr,ar1,gru_s42,obs_bias,0.2,2.3084328558589227,2.0268641907475144,2.619994114697643,154.0637338339869,66.73953433081891,72
mbr,ar1,gru_s42,obs_bias,0.25,2.08332674584469,1.8369266654794827,2.359110910808625,161.32708498335498,77.437245648159,72
mbr,ar1,gru_s42,obs_bias,0.3,1.9099398852284373,1.6895523555885072,2.159694357396501,169.09631142582722,88.5348867436226,72
mbr,ar1,gru_s42,obs_bias,0.4,1.6660457636640964,1.487277841279747,1.8714216080111479,185.79803784596433,111.52036870664521,72
mbr,ar1,gru_s42,obs_bias,0.5,1.506655882926865,1.356453016049005,1.6786569588083806,203.6761509961499,135.18425362033156,72
mbr,ar1,gru_s42,obs_bias,0.6,1.3965746949144526,1.2683235506523693,1.542804897908208,222.44127698091793,159.27631926235324,72
mbr,ar1,gru_s42,obs_bias,0.8,1.2578085184776944,1.159540986516618,1.3684587088139397,261.93113573091864,208.24404659616212,72
mbr,ar1,gru_s42,obs_bias,1.0,1.1763846076232036,1.0984721461800029,1.2650134726878268,303.3078387730834,257.8305061181428,72
mbr,ar1,gru_s7,obs_bias,0.0,3.525089977659861,3.0116410212915867,4.136551471764895,135.17367332657673,38.34616256130633,72
mbr,ar1,gru_s7,obs_bias,0.005,3.521706069955335,3.0074497165762115,4.126964626506271,135.2045405349783,38.391773148942285,72
mbr,ar1,gru_s7,obs_bias,0.01,3.51263544972185,2.999105605365418,4.112135720056541,135.2852625700749,38.51389206380285,72
mbr,ar1,gru_s7,obs_bias,0.015,3.4980325242030155,2.9864466916276977,4.0925826855244,135.41163567384987,38.710799495697024,72
mbr,ar1,gru_s7,obs_bias,0.02,3.478221087186043,2.9691210220613815,4.067543509961193,135.57913251160622,38.97944642193309,72
mbr,ar1,gru_s7,obs_bias,0.03,3.424956558905903,2.9229384371073635,4.005763927912437,136.02159032962112,39.714836667322,72
mbr,ar1,gru_s7,obs_bias,0.04,3.3574764239172126,2.8644123551154483,3.9305603636795245,136.58597536158123,40.68114205913754,72
mbr,ar1,gru_s7,obs_bias,0.05,3.280430264443017,2.7980948446230616,3.8355099081570003,137.25247555463673,41.83977847123684,72
mbr,ar1,gru_s7,obs_bias,0.07,3.112320225426365,2.657586148074096,3.6450458041967173,138.83630305518932,44.60861768688014,72
mbr,ar1,gru_s7,obs_bias,0.09,2.9415715845711947,2.5192290874909626,3.4331358006059483,140.69178573627525,47.8287818913591,72
mbr,ar1,gru_s7,obs_bias,0.12,2.701935050396177,2.3196566143907837,3.1450449735261095,143.87673845312753,53.2495177602553,72
mbr,ar1,gru_s7,obs_bias,0.16,2.429041015169925,2.0926073109512884,2.816551207634608,148.70980243298425,61.22161029980844,72
mbr,ar1,gru_s7,obs_bias,0.2,2.2086318838523162,1.9141459531762883,2.5570064382211837,154.0637338339869,69.75527925697943,72
mbr,ar1,gru_s7,obs_bias,0.25,1.9930784517330595,1.7372828906820998,2.2926214056990153,161.32708498335498,80.94367025195359,72
mbr,ar1,gru_s7,obs_bias,0.3,1.827491155892604,1.6034973206024432,2.09014598069639,169.09631142582722,92.5292091732369,72
mbr,ar1,gru_s7,obs_bias,0.4,1.5952502851536485,1.4198368507160635,1.8036893324818166,185.79803784596433,116.46952178922129,72
mbr,ar1,gru_s7,obs_bias,0.5,1.4438622193273616,1.2987567328677727,1.6160548555228549,203.6761509961499,141.06342576858515,72
mbr,ar1,gru_s7,obs_bias,0.6,1.3394571495004781,1.2168951185996952,1.4847751912105691,222.44127698091793,166.06822925531634,72
mbr,ar1,gru_s7,obs_bias,0.8,1.208212299054561,1.1152309150975341,1.3153531574414281,261.93113573091864,216.7923103711844,72
mbr,ar1,gru_s7,obs_bias,1.0,1.1318377048180557,1.0593278583879007,1.215451979579676,303.3078387730834,267.9782070185058,72
mbr,ar1,mlp_s123,obs_bias,0.0,0.9603699123062345,0.947686894244871,0.9722331448039538,135.17367332657673,140.75167453129635,72
mbr,ar1,mlp_s123,obs_bias,0.005,0.9610400540555284,0.9479275274454327,0.9733106736173625,135.2045405349783,140.6856456860707,72
mbr,ar1,mlp_s123,obs_bias,0.01,0.9616943732467076,0.9482175496702738,0.9743456234330471,135.2852625700749,140.67386306249043,72
mbr,ar1,mlp_s123,obs_bias,0.015,0.9622676116806782,0.9484022977772846,0.9751834572758205,135.41163567384987,140.72138979856393,72
mbr,ar1,mlp_s123,obs_bias,0.02,0.9627580753201104,0.9485775043624376,0.9758571764343842,135.57913251160622,140.82367729455513,72
mbr,ar1,mlp_s123,obs_bias,0.03,0.9635247685400107,0.9488110067241317,0.9771268348786402,136.02159032962112,141.17082899252193,72
mbr,ar1,mlp_s123,obs_bias,0.04,0.9640437893338643,0.9490145074688369,0.9779519695046432,136.58597536158123,141.68026066114643,72
mbr,ar1,mlp_s123,obs_bias,0.05,0.9643620813617406,0.9491131840950587,0.978480809658996,137.25247555463673,142.32462910697143,72
mbr,ar1,mlp_s123,obs_bias,0.07,0.96458219989598,0.9490908933061758,0.9787730269221205,138.83630305518932,143.93413342083375,72
mbr,ar1,mlp_s123,obs_bias,0.09,0.9644542264937178,0.9490959684818231,0.9786281291174543,140.69178573627525,145.87710009604243,72
mbr,ar1,mlp_s123,obs_bias,0.12,0.9638958968055219,0.9485430645448111,0.977711133347946,143.87673845312753,149.2658480339568,72
mbr,ar1,mlp_s123,obs_bias,0.16,0.9627981444538161,0.9479189569986604,0.9762955361764672,148.70980243298425,154.4558465236195,72
mbr,ar1,mlp_s123,obs_bias,0.2,0.961532025143092,0.9470216093802638,0.9746191065234465,154.0637338339869,160.22735572542126,72
mbr,ar1,mlp_s123,obs_bias,0.25,0.9599061401532318,0.9458120091080418,0.9724411285193668,161.32708498335498,168.06547873274567,72
mbr,ar1,mlp_s123,obs_bias,0.3,0.9583416191661027,0.9447711421499179,0.9702974694331733,169.09631142582722,176.44679939181367,72
mbr,ar1,mlp_s123,obs_bias,0.4,0.9555627405041187,0.9432768166737102,0.9665521932569624,185.79803784596433,194.43834504047774,72
mbr,ar1,mlp_s123,obs_bias,0.5,0.95328278822036,0.9421373069236515,0.9630368175820669,203.6761509961499,213.65764022277543,72
mbr,ar1,mlp_s123,obs_bias,0.6,0.9514367146396434,0.9413707775898763,0.9603029564581929,222.44127698091793,233.7951369315904,72
mbr,ar1,mlp_s123,obs_bias,0.8,0.9487245459292165,0.9403529906001828,0.9563129822306716,261.93113573091864,276.0876556370463,72
mbr,ar1,mlp_s123,obs_bias,1.0,0.9469080696531247,0.9398461494829046,0.9533521545698427,303.3078387730834,320.3139232768313,72
mbr,ar1,mlp_s42,obs_bias,0.0,1.5233411242791224,1.2293164143790458,1.8863117793710693,135.17367332657673,88.734999122763,72
mbr,ar1,mlp_s42,obs_bias,0.005,1.5234782553688804,1.2298017689526994,1.886640936213084,135.2045405349783,88.74727293186154,72
mbr,ar1,mlp_s42,obs_bias,0.01,1.5234411926423814,1.2302870984003889,1.8860682407332177,135.2852625700749,88.80241864500529,72
mbr,ar1,mlp_s42,obs_bias,0.015,1.5231879501918522,1.2307302510129765,1.883496508635471,135.41163567384987,88.90014896506645,72
mbr,ar1,mlp_s42,obs_bias,0.02,1.5226763208933756,1.2310783609056393,1.8830736474885734,135.57913251160622,89.04002160620718,72
mbr,ar1,mlp_s42,obs_bias,0.03,1.5207756704146695,1.2301771627761615,1.8767154071807937,136.02159032962112,89.44224514884048,72
mbr,ar1,mlp_s42,obs_bias,0.04,1.5176579013564873,1.2281192700358494,1.8731798867338219,136.58597536158123,89.99786792497854,72
mbr,ar1,mlp_s42,obs_bias,0.05,1.5133896730618293,1.225459101970472,1.8645230913863038,137.25247555463673,90.69209206175765,72
mbr,ar1,mlp_s42,obs_bias,0.07,1.501958798902288,1.2212209750413403,1.842211777465148,138.83630305518932,92.4368252688811,72
mbr,ar1,mlp_s42,obs_bias,0.09,1.4877230053493145,1.215112813026273,1.8135557311098554,140.69178573627525,94.56853542655348,72
mbr,ar1,mlp_s42,obs_bias,0.12,1.4632701029194457,1.2031137806619738,1.7695389699744835,143.87673845312753,98.32548219639807,72
mbr,ar1,mlp_s42,obs_bias,0.16,1.4282073377433866,1.1870454681399256,1.707615124212609,148.70980243298425,104.12339896527244,72
mbr,ar1,mlp_s42,obs_bias,0.2,1.393177249756099,1.1695954297010371,1.6496125084920368,154.0637338339869,110.58444563386213,72
mbr,ar1,mlp_s42,obs_bias,0.25,1.3518150819014128,1.1486283054109998,1.5784831008706948,161.32708498335498,119.34108972688654,72
mbr,ar1,mlp_s42,obs_bias,0.3,1.3142175512973466,1.1284493403210654,1.5169103241328354,169.09631142582722,128.66691002482932,72
mbr,ar1,mlp_s42,obs_bias,0.4,1.2506194435449125,1.0960903117991276,1.415705394749316,185.79803784596433,148.56480826758545,72
mbr,ar1,mlp_s42,obs_bias,0.5,1.2005719653802769,1.0693135916748262,1.3392961944275892,203.6761509961499,169.64926457501963,72
mbr,ar1,mlp_s42,obs_bias,0.6,1.161153432927343,1.0489618933271827,1.2812042116722087,222.44127698091793,191.56923682353423,72
mbr,ar1,mlp_s42,obs_bias,0.8,1.104749007056961,1.0205913149227408,1.1957057853386006,261.93113573091864,237.09560638456716,72
mbr,ar1,mlp_s42,obs_bias,1.0,1.0675456895906594,1.0011202575995692,1.1395226699270788,303.3078387730834,284.1169626092388,72
mbr,ar1,mlp_s7,obs_bias,0.0,2.1290454312675506,1.816089395717539,2.4599027694234565,135.17367332657673,63.49027190373275,72
mbr,ar1,mlp_s7,obs_bias,0.005,2.1259075310244255,1.8134862086208363,2.455383700357668,135.2045405349783,63.59850490290439,72
mbr,ar1,mlp_s7,obs_bias,0.01,2.121866814035273,1.8104773095204596,2.449099377532537,135.2852625700749,63.757659847083104,72
mbr,ar1,mlp_s7,obs_bias,0.015,2.1168877412124414,1.8076658357465418,2.441047770200913,135.41163567384987,63.96732006029439,72
mbr,ar1,mlp_s7,obs_bias,0.02,2.110961832262326,1.8044999973136102,2.432555536695469,135.57913251160622,64.22623585112648,72
mbr,ar1,mlp_s7,obs_bias,0.03,2.0965050399080876,1.7958676380446414,2.413843645598939,136.02159032962112,64.88016376797474,72
mbr,ar1,mlp_s7,obs_bias,0.04,2.0789162679335713,1.783043151809145,2.3907081742930933,136.58597536158123,65.7005659479238,72
mbr,ar1,mlp_s7,obs_bias,0.05,2.0586452651027245,1.768410450142949,2.3653690664449294,137.25247555463673,66.67126089243352,72
mbr,ar1,mlp_s7,obs_bias,0.07,2.0124588402931365,1.735231584817374,2.3008053727848403,138.83630305518932,68.98839383714616,72
mbr,ar1,mlp_s7,obs_bias,0.09,1.96215431323141,1.6990555231611735,2.2329251908234964,140.69178573627525,71.70271205865271,72
mbr,ar1,mlp_s7,obs_bias,0.12,1.8850691138409024,1.6432386443630906,2.132911154717367,143.87673845312753,76.32438375692922,72
mbr,ar1,mlp_s7,obs_bias,0.16,1.7867996305145395,1.5712647370780461,2.0149384805507173,148.70980243298425,83.22690462509259,72
mbr,ar1,mlp_s7,obs_bias,0.2,1.6983140946340922,1.504469709681803,1.9100057779962047,154.0637338339869,90.71568935378852,72
mbr,ar1,mlp_s7,obs_bias,0.25,1.6023884198683727,1.4287974894187279,1.7905548791284622,161.32708498335498,100.67913808101977,72
mbr,ar1,mlp_s7,obs_bias,0.3,1.521572264314539,1.3658431782133396,1.6925888868591883,169.09631142582722,111.13261945662784,72
mbr,ar1,mlp_s7,obs_bias,0.4,1.3974380420077013,1.268092134904943,1.5411577945313317,185.79803784596433,132.95619001399734,72
mbr,ar1,mlp_s7,obs_bias,0.5,1.3084263282160096,1.1967623273932564,1.4323655928186285,203.6761509961499,155.66497448416123,72
mbr,ar1,mlp_s7,obs_bias,0.6,1.2426473181437394,1.146497851709333,1.3514272843622053,222.44127698091793,179.00596068818598,72
mbr,ar1,mlp_s7,obs_bias,0.8,1.154573609460407,1.0783653430777789,1.24198913602689,261.93113573091864,226.8639553032334,72
mbr,ar1,mlp_s7,obs_bias,1.0,1.100142926752258,1.0380342258812567,1.1720151955301543,303.3078387730834,275.69857642813855,72
mbr,ar1,ridge,obs_bias,0.0,1.4864098439884716,1.2149803339345884,1.7915676909761782,135.17367332657673,90.93970540713475,72
mbr,ar1,ridge,obs_bias,0.005,1.482010039207543,1.2113627643099873,1.78615330373092,135.2045405349783,91.23051596011761,72
mbr,ar1,ridge,obs_bias,0.01,1.4770081798526493,1.2077408686252629,1.7796739531218888,135.2852625700749,91.59411871610038,72
mbr,ar1,ridge,obs_bias,0.015,1.4713847992303861,1.2038040187383994,1.7719595902762622,135.41163567384987,92.0300629343714,72
mbr,ar1,ridge,obs_bias,0.02,1.4651272088551288,1.1988477118207501,1.7639551055171667,135.57913251160622,92.53744773298537,72
mbr,ar1,ridge,obs_bias,0.03,1.45073412813041,1.187310408689744,1.7447627311187466,136.02159032962112,93.76052282227265,72
mbr,ar1,ridge,obs_bias,0.04,1.4340161511399985,1.174762483542018,1.7229957880567182,136.58597536158123,95.2471666745173,72
mbr,ar1,ridge,obs_bias,0.05,1.4153063158852657,1.1618276399407308,1.6999117791496798,137.25247555463673,96.97722253771342,72
mbr,ar1,ridge,obs_bias,0.07,1.373460063340465,1.1332981924614334,1.6471013107207095,138.83630305518932,101.08506738631932,72
mbr,ar1,ridge,obs_bias,0.09,1.328124662278209,1.1026503434323518,1.5875963268512165,140.69178573627525,105.93266560906902,72
mbr,ar1,ridge,obs_bias,0.12,1.2586123201446673,1.0536390735197634,1.49909702843022,143.87673845312753,114.3137852302209,72
mbr,ar1,ridge,obs_bias,0.16,1.1705560074618262,0.9897026524415337,1.386721328289491,148.70980243298425,127.04202232530419,72
mbr,ar1,ridge,obs_bias,0.2,1.0922689182172942,0.9317964675237895,1.2869585484567418,154.0637338339869,141.04927025245416,72
mbr,ar1,ridge,obs_bias,0.25,1.0093668533177058,0.8730768836954119,1.180231727692554,161.32708498335498,159.8299809955975,72
mbr,ar1,ridge,obs_bias,0.3,0.9414013079956367,0.8232996187772716,1.0922484228605112,169.09631142582722,179.62192105495882,72
mbr,ar1,ridge,obs_bias,0.4,0.8398272125876769,0.7471723835799917,0.9600885518205814,185.79803784596433,221.23364789940914,72
mbr,ar1,ridge,obs_bias,0.5,0.7697312786503329,0.6936836819515677,0.8682528579951422,203.6761509961499,264.6068266230275,72
mbr,ar1,ridge,obs_bias,0.6,0.7196677945325145,0.6553305647589984,0.801996272842312,222.44127698091793,309.0888305282752,72
mbr,ar1,ridge,obs_bias,0.8,0.654788259433668,0.6054782494708297,0.7164406935940042,261.93113573091864,400.02417874362186,72
mbr,ar1,ridge,obs_bias,1.0,0.61592258417879,0.5769228141007949,0.6646035971576264,303.3078387730834,492.44474316116197,72
mbr,persistence,gru_s123,obs_noise,0.0,2.6552166673919153,2.160226134122246,3.2123882337468013,142.57373747379214,53.69570748206966,72
mbr,persistence,gru_s123,obs_noise,0.005,2.653086770414839,2.161626999109273,3.2060100491371695,142.62275007616083,53.75728817714477,72
mbr,persistence,gru_s123,obs_noise,0.01,2.6491583895027015,2.1623039811357265,3.1993786847416126,142.71880946159627,53.873264062700066,72
mbr,persistence,gru_s123,obs_noise,0.015,2.64343908474529,2.156665974413274,3.1921618421529727,142.8579039335117,54.04244219506077,72
mbr,persistence,gru_s123,obs_noise,0.02,2.6359809026683685,2.1509862678331073,3.1808663377912048,143.03599199231965,54.26290905504141,72
mbr,persistence,gru_s123,obs_noise,0.03,2.6162676022768157,2.143442965340733,3.149672824206418,143.49611533062023,54.847644486268244,72
mbr,persistence,gru_s123,obs_noise,0.04,2.5911028579392767,2.1278858838114876,3.1109056022115125,144.07841022425953,55.6050524134137,72
mbr,persistence,gru_s123,obs_noise,0.05,2.5616672651583414,2.1073414225820755,3.066274630855448,144.76773547155994,56.51309107961435,72
mbr,persistence,gru_s123,obs_noise,0.07,2.4941353177842047,2.0674756781574013,2.9660351801691602,146.42153762379354,58.70633264352102,72
mbr,persistence,gru_s123,obs_noise,0.09,2.4204022488061123,2.0216677379797883,2.857990331222998,148.38299757567222,61.30509821202803,72
mbr,persistence,gru_s123,obs_noise,0.12,2.307373361386678,1.94250402979699,2.703558003257486,151.78499740781206,65.78259069290493,72
mbr,persistence,gru_s123,obs_noise,0.16,2.1637134172094967,1.8425589250383096,2.5223632951171133,156.979571780709,72.55099983766002,72
mbr,persistence,gru_s123,obs_noise,0.2,2.0348893896947864,1.749299940655582,2.3599941270147577,162.73664508774198,79.97321422573779,72
mbr,persistence,gru_s123,obs_noise,0.25,1.8969035527442941,1.6518323135144362,2.1787479409181523,170.52516025789174,89.89658963482306,72
mbr,persistence,gru_s123,obs_noise,0.3,1.7823414357733076,1.5691353418300074,2.03178007187064,178.82440341099925,100.33117102134383,72
mbr,persistence,gru_s123,obs_noise,0.4,1.6083067452117534,1.4422817999058444,1.8108629690734046,196.57627828073439,122.22561328302623,72
mbr,persistence,gru_s123,obs_noise,0.5,1.485803420249905,1.349896958311423,1.658097962845305,215.4807744608115,145.02643588245923,72
mbr,persistence,gru_s123,obs_noise,0.6,1.3966718969947904,1.2823137348101048,1.5445250040032452,235.24318675568713,168.43124520644994,72
mbr,persistence,gru_s123,obs_noise,0.8,1.2781481844804155,1.192581049798092,1.392448267305266,276.6312012825026,216.43124376455376,72
mbr,persistence,gru_s123,obs_noise,1.0,1.2047550124037982,1.1369302161959645,1.299828692737585,319.7867304053229,265.4371445753652,72
mbr,persistence,gru_s42,obs_noise,0.0,3.7809824995548915,3.3257151536896026,4.2184731838038285,142.57373747379214,37.70811885285804,72
mbr,persistence,gru_s42,obs_noise,0.005,3.783956259560585,3.3304380134990494,4.219648829708107,142.62275007616083,37.691437292862105,72
mbr,persistence,gru_s42,obs_noise,0.01,3.7804224899099945,3.3298938630478476,4.214221005386319,142.71880946159627,37.752079256356915,72
mbr,persistence,gru_s42,obs_noise,0.015,3.770527532460647,3.3198479093757265,4.201469363277152,142.8579039335117,37.88804158135469,72
mbr,persistence,gru_s42,obs_noise,0.02,3.7546275268948075,3.304999096880472,4.183211514836842,143.03599199231965,38.09592055876041,72
mbr,persistence,gru_s42,obs_noise,0.03,3.7069543303564023,3.269440171768933,4.126543721709789,143.49611533062023,38.70997658523187,72
mbr,persistence,gru_s42,obs_noise,0.04,3.642297007765495,3.2168638842759743,4.056046028777285,144.07841022425953,39.55701852898863,72
mbr,persistence,gru_s42,obs_noise,0.05,3.5656793539495566,3.1513922370811596,3.977528948965416,144.76773547155994,40.600323557194415,72
mbr,persistence,gru_s42,obs_noise,0.07,3.3932276640703276,3.0080834905384455,3.791327520710517,146.42153762379354,43.1511092445104,72
mbr,persistence,gru_s42,obs_noise,0.09,3.214143576951572,2.848811318205169,3.5978819553960233,148.38299757567222,46.16564071366248,72
mbr,persistence,gru_s42,obs_noise,0.12,2.9594722505614945,2.629662005380854,3.318664378871375,151.78499740781206,51.287859644236974,72
mbr,persistence,gru_s42,obs_noise,0.16,2.6668692395228484,2.3688582982552835,2.9960727662858155,156.979571780709,58.86286791053749,72
mbr,persistence,gru_s42,obs_noise,0.2,2.429140289783608,2.1630962224504584,2.7293652969991564,162.73664508774198,66.99351444302084,72
mbr,persistence,gru_s42,obs_noise,0.25,2.195534440636105,1.9657303233904397,2.4648210811491262,170.52516025789174,77.66908917561142,72
mbr,persistence,gru_s42,obs_noise,0.3,2.0152856938217836,1.8111523024143805,2.2559991362879144,178.82440341099925,88.7340211659405,72
mbr,persistence,gru_s42,obs_noise,0.4,1.7611005202788432,1.5974107692668267,1.9659269905665062,196.57627828073439,111.62127091394508,72
mbr,persistence,gru_s42,obs_noise,0.5,1.5942655347464598,1.4586119649752431,1.7662199691098355,215.4807744608115,135.15990264136266,72
mbr,persistence,gru_s42,obs_noise,0.6,1.478418961527457,1.3633403166603035,1.626743612128702,235.24318675568713,159.1180801094712,72
mbr,persistence,gru_s42,obs_noise,0.8,1.3311039542063279,1.2432436866845413,1.4458031282487456,276.6312012825026,207.8208846186204,72
mbr,persistence,gru_s42,obs_noise,1.0,1.2436429755884755,1.173953130496866,1.3368804354005355,319.7867304053229,257.13708570902674,72
mbr,persistence,gru_s7,obs_noise,0.0,3.7180705434566206,3.1537478012495477,4.357110442822515,142.57373747379214,38.34616256130633,72
mbr,persistence,gru_s7,obs_noise,0.005,3.7112011787378267,3.1480722426845427,4.34730215900042,142.62275007616083,38.43034726688317,72
mbr,persistence,gru_s7,obs_noise,0.01,3.698279683351103,3.1397996515142648,4.333875966922945,142.71880946159627,38.590593919677595,72
mbr,persistence,gru_s7,obs_noise,0.015,3.6797664649497652,3.1292400836064487,4.315640714241487,142.8579039335117,38.82254629315503,72
mbr,persistence,gru_s7,obs_noise,0.02,3.656230581070791,3.110446911332449,4.290967824633294,143.03599199231965,39.12116285358268,72
mbr,persistence,gru_s7,obs_noise,0.03,3.5966294882989875,3.059275362213503,4.225432469380235,143.49611533062023,39.89738609369134,72
mbr,persistence,gru_s7,obs_noise,0.04,3.5244954166392164,2.9978289260746247,4.145520621511989,144.07841022425953,40.87915948026556,72
mbr,persistence,gru_s7,obs_noise,0.05,3.4443134624655736,2.9302368349032974,4.056418941999552,144.76773547155994,42.03094086794573,72
mbr,persistence,gru_s7,obs_noise,0.07,3.273306077425301,2.7849191505456403,3.8549574775061712,146.42153762379354,44.73200310646323,72
mbr,persistence,gru_s7,obs_noise,0.09,3.1023164434399435,2.641198934497153,3.6443664774240796,148.38299757567222,47.82974280055732,72
mbr,persistence,gru_s7,obs_noise,0.12,2.8639106289329948,2.445503290297145,3.36596553351624,151.78499740781206,52.99920880015816,72
mbr,persistence,gru_s7,obs_noise,0.16,2.5918952860111633,2.2254443982566547,3.040162449954312,156.979571780709,60.56555317954033,72
mbr,persistence,gru_s7,obs_noise,0.2,2.370224078013143,2.045899404799499,2.7821931866094953,162.73664508774198,68.6587595651113,72
mbr,persistence,gru_s7,obs_noise,0.25,2.150790301338111,1.8689644532135365,2.5126368919099678,170.52516025789174,79.2848843291695,72
mbr,persistence,gru_s7,obs_noise,0.3,1.980061932411016,1.7323731758793193,2.3009221129105497,178.82440341099925,90.31253037285268,72
mbr,persistence,gru_s7,obs_noise,0.4,1.7370434850640755,1.5438842306219152,1.9934527970232803,196.57627828073439,113.16716016092317,72
mbr,persistence,gru_s7,obs_noise,0.5,1.5762013035921947,1.4181826891562865,1.7867894893358027,215.4807744608115,136.70891780746942,72
mbr,persistence,gru_s7,obs_noise,0.6,1.4640482617889115,1.3313755119339838,1.6430099644599057,235.24318675568713,160.67993992783062,72
mbr,persistence,gru_s7,obs_noise,0.8,1.321274507036653,1.2227761317921757,1.454748673196918,276.6312012825026,209.36694063895135,72
mbr,persistence,gru_s7,obs_noise,1.0,1.2367924495817473,1.1601620194218691,1.34206377298674,319.7867304053229,258.5613540198009,72
mbr,persistence,mlp_s123,obs_noise,0.0,1.0129452310145741,1.0074371038208616,1.0198700732673938,142.57373747379214,140.75167453129635,72
mbr,persistence,mlp_s123,obs_noise,0.005,1.0131135164670102,1.0075261304237821,1.0201632356157315,142.62275007616083,140.7766728584605,72
mbr,persistence,mlp_s123,obs_noise,0.01,1.0131674662385042,1.0075711418874025,1.0201888005454083,142.71880946159627,140.86398765986394,72
mbr,persistence,mlp_s123,obs_noise,0.015,1.0131175817772717,1.0076236298116934,1.0199898334108066,142.8579039335117,141.00821711424825,72
mbr,persistence,mlp_s123,obs_noise,0.02,1.0129992469503657,1.0076550125931685,1.0196727574398219,143.03599199231965,141.20049192823146,72
mbr,persistence,mlp_s123,obs_noise,0.03,1.012633472216712,1.0075974876205898,1.0188449409493063,143.49611533062023,141.70587805723932,72
mbr,persistence,mlp_s123,obs_noise,0.04,1.0121687042055865,1.007489698437606,1.0179273623136278,144.07841022425953,142.3462409236821,72
mbr,persistence,mlp_s123,obs_noise,0.05,1.0116629425534043,1.0073086586458146,1.0170727309507224,144.76773547155994,143.09878259074205,72
mbr,persistence,mlp_s123,obs_noise,0.07,1.0106470680126496,1.0068134997470581,1.0156441372978993,146.42153762379354,144.87900104605148,72
mbr,persistence,mlp_s123,obs_noise,0.09,1.0097014712682206,1.0063247227333478,1.01424314531729,148.38299757567222,146.9572955948038,72
mbr,persistence,mlp_s123,obs_noise,0.12,1.0084639564266122,1.0055316636038831,1.0123831354930293,151.78499740781206,150.51107820020312,72
mbr,persistence,mlp_s123,obs_noise,0.16,1.007134337130771,1.0046517028126347,1.0105090434051391,156.979571780709,155.86756005949385,72
mbr,persistence,mlp_s123,obs_noise,0.2,1.0060919743358754,1.0039220654016605,1.0090460915445272,162.73664508774198,161.7512605596173,72
mbr,persistence,mlp_s123,obs_noise,0.25,1.0050701108612656,1.0031591142398966,1.0075624160730015,170.52516025789174,169.6649402017986,72
mbr,persistence,mlp_s123,obs_noise,0.3,1.0042640864381156,1.002501859509069,1.0065419971336642,178.82440341099925,178.06511835472142,72
mbr,persistence,mlp_s123,obs_noise,0.4,1.00307560878677,1.0015107650064117,1.0050935400648955,196.57627828073439,195.9735403380961,72
mbr,persistence,mlp_s123,obs_noise,0.5,1.002255576885561,1.000734693402069,1.0041607755294526,215.4807744608115,214.99583482528766,72
mbr,persistence,mlp_s123,obs_noise,0.6,1.0016717065224534,1.0001372751018436,1.0035013559956751,235.24318675568713,234.8505855001046,72
mbr,persistence,mlp_s123,obs_noise,0.8,1.0009303900855422,0.99937772989007,1.0025781977705226,276.6312012825026,276.37406559197484,72
mbr,persistence,mlp_s123,obs_noise,1.0,1.000508188179755,0.9990154463450895,1.0020159141399134,319.7867304053229,319.6243011135345,72
mbr,persistence,mlp_s42,obs_noise,0.0,1.6067362245256167,1.277677659136347,2.0102198504060946,142.57373747379214,88.734999122763,72
mbr,persistence,mlp_s42,obs_noise,0.005,1.6065741690097917,1.2774830959944135,2.0099036816468487,142.62275007616083,88.77445736854217,72
mbr,persistence,mlp_s42,obs_noise,0.01,1.6061254902546271,1.27760632994835,2.009174265757724,142.71880946159627,88.85906507776696,72
mbr,persistence,mlp_s42,obs_noise,0.015,1.6053668611885494,1.2776375857337936,2.008037545028746,142.8579039335117,88.98769956403947,72
mbr,persistence,mlp_s42,obs_noise,0.02,1.6042842552584633,1.2775591623225886,2.00543266873936,143.03599199231965,89.1587581960501,72
mbr,persistence,mlp_s42,obs_noise,0.03,1.6011582745560584,1.2769672234543576,1.9972599556175998,143.49611533062023,89.62019408756224,72
mbr,persistence,mlp_s42,obs_noise,0.04,1.596853538165429,1.27577580019542,1.9864898068593169,144.07841022425953,90.22644017170563,72
mbr,persistence,mlp_s42,obs_noise,0.05,1.5915448623714834,1.2741219237092527,1.9738455188965083,144.76773547155994,90.96051194928216,72
mbr,persistence,mlp_s42,obs_noise,0.07,1.5785383603086007,1.270832056233795,1.947001534646499,146.42153762379354,92.75766829965947,72
mbr,persistence,mlp_s42,obs_noise,0.09,1.5632444007534962,1.2662007717269415,1.9190140988590365,148.38299757567222,94.91989704498569,72
mbr,persistence,mlp_s42,obs_noise,0.12,1.5377945781030846,1.2535685519169482,1.871836115214332,151.78499740781206,98.70303847412661,72
mbr,persistence,mlp_s42,obs_noise,0.16,1.5020693853889533,1.2404546583654126,1.8020317402798531,156.979571780709,104.50886843689976,72
mbr,persistence,mlp_s42,obs_noise,0.2,1.4667478189799257,1.2265645216138346,1.7477853223266353,162.73664508774198,110.95066444408958,72
mbr,persistence,mlp_s42,obs_noise,0.25,1.4251480623140707,1.2067985335422309,1.6849954505466118,170.52516025789174,119.65434663750173,72
mbr,persistence,mlp_s42,obs_noise,0.3,1.3872484678846777,1.1862713703223347,1.6245431580626326,178.82440341099925,128.90582152429883,72
mbr,persistence,mlp_s42,obs_noise,0.4,1.3228757198683678,1.1539252559165711,1.5143523749875787,196.57627828073439,148.59769162616018,72
mbr,persistence,mlp_s42,obs_noise,0.5,1.2719455263091561,1.1294663868110744,1.4297873745901764,215.4807744608115,169.41037961435248,72
mbr,persistence,mlp_s42,obs_noise,0.6,1.2315100928250935,1.1084849082706512,1.3642872517109728,235.24318675568713,191.02010460672514,72
mbr,persistence,mlp_s42,obs_noise,0.8,1.1728339756425492,1.0795274559394394,1.271880146185196,276.6312012825026,235.8656101610182,72
mbr,persistence,mlp_s42,obs_noise,1.0,1.1334323547895364,1.0611275891817966,1.2127951062038884,319.7867304053229,282.1401110123622,72
mbr,persistence,mlp_s7,obs_noise,0.0,2.24559973045902,1.8917360938679044,2.6022352524251926,142.57373747379214,63.49027190373275,72
mbr,persistence,mlp_s7,obs_noise,0.005,2.245114494100693,1.8923389477872514,2.5981169092011083,142.62275007616083,63.52582483027889,72
mbr,persistence,mlp_s7,obs_noise,0.01,2.243424479433436,1.8917850404069985,2.5951741156409547,142.71880946159627,63.61649824630561,72
mbr,persistence,mlp_s7,obs_noise,0.015,2.2405114371494372,1.8906185661680268,2.590435669304178,142.8579039335117,63.76129198218567,72
mbr,persistence,mlp_s7,obs_noise,0.02,2.2363918300138574,1.8885243278064574,2.5843198704792796,143.03599199231965,63.958377093263366,72
mbr,persistence,mlp_s7,obs_noise,0.03,2.224793674371963,1.8842898509728865,2.5646907649344923,143.49611533062023,64.49861710035998,72
mbr,persistence,mlp_s7,obs_noise,0.04,2.209326040732854,1.875691540052719,2.5403417951197986,144.07841022425953,65.2137382929988,72
mbr,persistence,mlp_s7,obs_noise,0.05,2.1907694375466398,1.8646798839387355,2.5163330836391133,144.76773547155994,66.08077189249083,72
mbr,persistence,mlp_s7,obs_noise,0.07,2.147205602856606,1.8386197553411754,2.452592350060073,146.42153762379354,68.19167080646437,72
mbr,persistence,mlp_s7,obs_noise,0.09,2.0987046348916003,1.8071297735319083,2.386322412080106,148.38299757567222,70.70218224554324,72
mbr,persistence,mlp_s7,obs_noise,0.12,2.023237770844881,1.7544423176181547,2.2870077860950624,151.78499740781206,75.02084015781712,72
mbr,persistence,mlp_s7,obs_noise,0.16,1.925775985630706,1.6891224725250193,2.1632404205709013,156.979571780709,81.51497004429464,72
mbr,persistence,mlp_s7,obs_noise,0.2,1.8367506156592042,1.621368511048697,2.0544185680760703,162.73664508774198,88.60029429163212,72
mbr,persistence,mlp_s7,obs_noise,0.25,1.7391374543324198,1.5467157099153082,1.9374655324354393,170.52516025789174,98.05157138850133,72
mbr,persistence,mlp_s7,obs_noise,0.3,1.655909659454643,1.4826195779389286,1.8369201482216926,178.82440341099925,107.99164217080131,72
mbr,persistence,mlp_s7,obs_noise,0.4,1.5250344342343742,1.3831003476120511,1.6810632028732222,196.57627828073439,128.89956703136556,72
mbr,persistence,mlp_s7,obs_noise,0.5,1.4290339817857949,1.3099293848974378,1.5648424064154918,215.4807744608115,150.78771898169668,72
mbr,persistence,mlp_s7,obs_noise,0.6,1.3569763311338776,1.2545311255161955,1.4753608423175515,235.24318675568713,173.3583566333246,72
mbr,persistence,mlp_s7,obs_noise,0.8,1.258158735597008,1.1796098415565461,1.3526948924410744,276.6312012825026,219.86987289901742,72
mbr,persistence,mlp_s7,obs_noise,1.0,1.1952921189827157,1.1332457467446524,1.2735115341184233,319.7867304053229,267.5385584215896,72
mbr,persistence,ridge,obs_noise,0.0,1.5677831463769663,1.2759373535314589,1.8966904052918325,142.57373747379214,90.93970540713475,72
mbr,persistence,ridge,obs_noise,0.005,1.5689434448910209,1.2768645552001863,1.8977110759288556,142.62275007616083,90.90369097789082,72
mbr,persistence,ridge,obs_noise,0.01,1.569680259451373,1.277667887257391,1.8981786566657486,142.71880946159627,90.92221718547869,72
mbr,persistence,ridge,obs_noise,0.015,1.569955938695403,1.2782982765101971,1.8980031733141949,142.8579039335117,90.99484922629313,72
mbr,persistence,ridge,obs_noise,0.02,1.5697425865970243,1.278710149222339,1.8972090124761234,143.03599199231965,91.12066730788077,72
mbr,persistence,ridge,obs_noise,0.03,1.5678057512369967,1.2786308053194784,1.8935106443630525,143.49611533062023,91.52671829236624,72
mbr,persistence,ridge,obs_noise,0.04,1.5638766745319768,1.2768044802021437,1.8863506446467495,144.07841022425953,92.12901027977672,72
mbr,persistence,ridge,obs_noise,0.05,1.558043624477498,1.272475575261842,1.8771614061616815,144.76773547155994,92.91635561238468,72
mbr,persistence,ridge,obs_noise,0.07,1.5411616130750103,1.2645523753131536,1.8535430058417754,146.42153762379354,95.00725711150127,72
mbr,persistence,ridge,obs_noise,0.09,1.518328862696496,1.2499492672774497,1.821589166924512,148.38299757567222,97.7278382972642,72
mbr,persistence,ridge,obs_noise,0.12,1.4760459620180724,1.2211578466222923,1.7629329258271402,151.78499740781206,102.83216194723998,72
mbr,persistence,ridge,obs_noise,0.16,1.4119898551762837,1.1756471471655088,1.6779986100110797,156.979571780709,111.17613289162793,72
mbr,persistence,ridge,obs_noise,0.2,1.3466397449009706,1.1341883064489826,1.5903465116165463,162.73664508774198,120.84645927312158,72
mbr,persistence,ridge,obs_noise,0.25,1.2699681727406442,1.0848302071829963,1.488320126362333,170.52516025789174,134.2751447777556,72
mbr,persistence,ridge,obs_noise,0.3,1.2020614045237605,1.0341622583879009,1.3988962642996317,178.82440341099925,148.7647825127926,72
mbr,persistence,ridge,obs_noise,0.4,1.0930883969861152,0.9548332578634785,1.2568301382754197,196.57627828073439,179.83566454711107,72
mbr,persistence,ridge,obs_noise,0.5,1.0130230644226006,0.8970131730649691,1.1530063109618487,215.4807744608115,212.71063022008337,72
mbr,persistence,ridge,obs_noise,0.6,0.9533779917873137,0.852802081931903,1.0765499645139984,235.24318675568713,246.74702875684468,72
mbr,persistence,ridge,obs_noise,0.8,0.8726716188458143,0.7918297440227026,0.9679265765566447,276.6312012825026,316.99346616585507,72
mbr,persistence,ridge,obs_noise,1.0,0.8221013452671303,0.7532005888595135,0.9005276815789917,319.7867304053229,388.9869932050928,72
mbr,history_mean,gru_s123,obs_noise,0.0,2.586734483820666,2.2264765419181196,3.014334311354093,138.89653817701694,53.69570748206966,72
mbr,history_mean,gru_s123,obs_noise,0.005,2.584091131902683,2.2251774048453115,3.011894910716587,138.91373165369674,53.75728817714477,72
mbr,history_mean,gru_s123,obs_noise,0.01,2.578880767440599,2.221588355548233,3.0067258331694746,138.932724570546,53.873264062700066,72
mbr,history_mean,gru_s123,obs_noise,0.015,2.5711921905964275,2.2154234511643605,2.997277539324031,138.9535053326991,54.04244219506077,72
mbr,history_mean,gru_s123,obs_noise,0.02,2.5611612680512064,2.2077755915385717,2.984391570314508,138.97606096355716,54.26290905504141,72
mbr,history_mean,gru_s123,obs_noise,0.03,2.5347750205986066,2.186000414587593,2.954485999833242,139.02643918246565,54.847644486268244,72
mbr,history_mean,gru_s123,obs_noise,0.04,2.5012787326854498,2.1592252748148875,2.91676171827905,139.08373503153143,55.6050524134137,72
mbr,history_mean,gru_s123,obs_noise,0.05,2.4622226656803026,2.126243090879789,2.8654416821586075,139.14781376388177,56.51309107961435,72
mbr,history_mean,gru_s123,obs_noise,0.07,2.3727551612687234,2.051480622124447,2.7607461565515705,139.29575377907304,58.70633264352102,72
mbr,history_mean,gru_s123,obs_noise,0.09,2.275000240518629,1.9733057348374143,2.6459757557024566,139.46911317738193,61.30509821202803,72
mbr,history_mean,gru_s123,obs_noise,0.12,2.124792444989505,1.8430597952942775,2.4652655948660875,139.77435171612132,65.78259069290493,72
mbr,history_mean,gru_s123,obs_noise,0.16,1.933262666310439,1.6777298085098207,2.241467204982999,140.26013938964283,72.55099983766002,72
mbr,history_mean,gru_s123,obs_noise,0.2,1.760949755364574,1.5291683090733614,2.0424569755850523,140.82881202653164,79.97321422573779,72
mbr,history_mean,gru_s123,obs_noise,0.25,1.5756474264960438,1.365646306249298,1.8270260561665699,141.64533010887988,89.89658963482306,72
mbr,history_mean,gru_s123,obs_noise,0.3,1.4209681055893697,1.2246530916265752,1.649525917781692,142.567394017762,100.33117102134383,72
mbr,history_mean,gru_s123,obs_noise,0.4,1.1837427747046552,1.0171214374533937,1.3756500477941602,144.68368660762764,122.22561328302623,72
mbr,history_mean,gru_s123,obs_noise,0.5,1.0143183992696556,0.8700196861081031,1.179101877387488,147.10298229607938,145.02643588245923,72
mbr,history_mean,gru_s123,obs_noise,0.6,0.8892119773107772,0.7620122734978845,1.0333235764620674,149.7710805909437,168.43124520644994,72
mbr,history_mean,gru_s123,obs_noise,0.8,0.7194200000129976,0.6172930121376076,0.8343113967410651,155.70496539190833,216.43124376455376,72
mbr,history_mean,gru_s123,obs_noise,1.0,0.6113176718826294,0.5267516854231855,0.7063401176399223,162.26641725298518,265.4371445753652,72
mbr,history_mean,gru_s42,obs_noise,0.0,3.68346505745909,3.3765325981105554,3.9784224233132757,138.89653817701694,37.70811885285804,72
mbr,history_mean,gru_s42,obs_noise,0.005,3.6855514575986685,3.3795428452177174,3.979902111446496,138.91373165369674,37.691437292862105,72
mbr,history_mean,gru_s42,obs_noise,0.01,3.68013437424514,3.3782410541581402,3.9724517473809184,138.932724570546,37.752079256356915,72
mbr,history_mean,gru_s42,obs_noise,0.015,3.667476584513683,3.36787501241513,3.957259570894742,138.9535053326991,37.88804158135469,72
mbr,history_mean,gru_s42,obs_noise,0.02,3.6480562465788395,3.353234267135678,3.9374006243518465,138.97606096355716,38.09592055876041,72
mbr,history_mean,gru_s42,obs_noise,0.03,3.591488588900496,3.304435888694203,3.877663143459526,139.02643918246565,38.70997658523187,72
mbr,history_mean,gru_s42,obs_noise,0.04,3.516031799252173,3.230174167008589,3.7992973766882514,139.08373503153143,39.55701852898863,72
mbr,history_mean,gru_s42,obs_noise,0.05,3.4272587401393912,3.1461715399212893,3.710972617019123,139.14781376388177,40.600323557194415,72
mbr,history_mean,gru_s42,obs_noise,0.07,3.228092074986322,2.9477548359285572,3.5145512496270532,139.29575377907304,43.1511092445104,72
mbr,history_mean,gru_s42,obs_noise,0.09,3.021058757581735,2.7440235897507734,3.3078227443078747,139.46911317738193,46.16564071366248,72
mbr,history_mean,gru_s42,obs_noise,0.12,2.725291183638373,2.4569570909776903,3.023278586630075,139.77435171612132,51.287859644236974,72
mbr,history_mean,gru_s42,obs_noise,0.16,2.382828842162714,2.1152730170095353,2.6743685965506288,140.26013938964283,58.86286791053749,72
mbr,history_mean,gru_s42,obs_noise,0.2,2.102126052012229,1.8446789394078558,2.383580713728207,140.82881202653164,66.99351444302084,72
mbr,history_mean,gru_s42,obs_noise,0.25,1.8237027318373318,1.5828566236520114,2.091825181631558,141.64533010887988,77.66908917561142,72
mbr,history_mean,gru_s42,obs_noise,0.3,1.6066824442808505,1.3844744574009855,1.8550938237814176,142.567394017762,88.7340211659405,72
mbr,history_mean,gru_s42,obs_noise,0.4,1.2962017492093614,1.1080543322882195,1.5063585142870628,144.68368660762764,111.62127091394508,72
mbr,history_mean,gru_s42,obs_noise,0.5,1.0883625943887134,0.9268157465975682,1.2677246148183237,147.10298229607938,135.15990264136266,72
mbr,history_mean,gru_s42,obs_noise,0.6,0.9412574641920209,0.8013938953015832,1.0976018328157138,149.7710805909437,159.1180801094712,72
mbr,history_mean,gru_s42,obs_noise,0.8,0.7492267472426948,0.6398624058044938,0.8721798202385812,155.70496539190833,207.8208846186204,72
mbr,history_mean,gru_s42,obs_noise,1.0,0.6310502306796925,0.5418045022637195,0.7308047986445556,162.26641725298518,257.13708570902674,72
mbr,history_mean,gru_s7,obs_noise,0.0,3.6221756989360965,3.190313315541669,4.191225447536822,138.89653817701694,38.34616256130633,72
mbr,history_mean,gru_s7,obs_noise,0.005,3.614688430708087,3.1837289167103275,4.17845301437578,138.91373165369674,38.43034726688317,72
mbr,history_mean,gru_s7,obs_noise,0.01,3.600170675261447,3.1714389204964317,4.155304986048124,138.932724570546,38.590593919677595,72
mbr,history_mean,gru_s7,obs_noise,0.015,3.5791960754825247,3.152799715149579,4.132808485937927,138.9535053326991,38.82254629315503,72
mbr,history_mean,gru_s7,obs_noise,0.02,3.5524521978985564,3.129446955977882,4.1031247383542135,138.97606096355716,39.12116285358268,72
mbr,history_mean,gru_s7,obs_noise,0.03,3.484600190498415,3.0675854916459784,4.024342327084288,139.02643918246565,39.89738609369134,72
mbr,history_mean,gru_s7,obs_noise,0.04,3.4023139614373483,2.995294066680976,3.9310078075041,139.08373503153143,40.87915948026556,72
mbr,history_mean,gru_s7,obs_noise,0.05,3.3106043046017266,2.915965475556815,3.8308447602913884,139.14781376388177,42.03094086794573,72
mbr,history_mean,gru_s7,obs_noise,0.07,3.1140066195458727,2.7263535032431028,3.6158532476661716,139.29575377907304,44.73200310646323,72
mbr,history_mean,gru_s7,obs_noise,0.09,2.9159494701643434,2.545723194457195,3.3975193415514826,139.46911317738193,47.82974280055732,72
mbr,history_mean,gru_s7,obs_noise,0.12,2.6372912894447627,2.2947971981844053,3.0846137906113733,139.77435171612132,52.99920880015816,72
mbr,history_mean,gru_s7,obs_noise,0.16,2.315840143882714,1.9986439607674773,2.723875840255347,140.26013938964283,60.56555317954033,72
mbr,history_mean,gru_s7,obs_noise,0.2,2.051141222453621,1.758971438289462,2.4210363883354913,140.82881202653164,68.6587595651113,72
mbr,history_mean,gru_s7,obs_noise,0.25,1.7865363783695085,1.5253890168384774,2.113497678420252,141.64533010887988,79.2848843291695,72
mbr,history_mean,gru_s7,obs_noise,0.3,1.5786003717222477,1.3409126442224026,1.8745817864255816,142.567394017762,90.31253037285268,72
mbr,history_mean,gru_s7,obs_noise,0.4,1.278495337356598,1.0855861940630438,1.5207386834997016,144.68368660762764,113.16716016092317,72
mbr,history_mean,gru_s7,obs_noise,0.5,1.076030625180196,0.9134686588142233,1.2754781850605061,147.10298229607938,136.70891780746942,72
mbr,history_mean,gru_s7,obs_noise,0.6,0.9321081440422082,0.7929791975466455,1.102070559221753,149.7710805909437,160.67993992783062,72
mbr,history_mean,gru_s7,obs_noise,0.8,0.7436941329740214,0.636687448446021,0.8722280867533413,155.70496539190833,209.36694063895135,72
mbr,history_mean,gru_s7,obs_noise,1.0,0.6275741317496297,0.5402828728115274,0.7304297533042705,162.26641725298518,258.5613540198009,72
mbr,history_mean,mlp_s123,obs_noise,0.0,0.9868197919459429,0.9106056868194395,1.0618401441256926,138.89653817701694,140.75167453129635,72
mbr,history_mean,mlp_s123,obs_noise,0.005,0.9867666910508903,0.9107043981130174,1.0616145427234884,138.91373165369674,140.7766728584605,72
mbr,history_mean,mlp_s123,obs_noise,0.01,0.9862898735056311,0.9103920418424672,1.0607146353572017,138.932724570546,140.86398765986394,72
mbr,history_mean,mlp_s123,obs_noise,0.015,0.9854284252109622,0.9098075419365358,1.0595047574908083,138.9535053326991,141.00821711424825,72
mbr,history_mean,mlp_s123,obs_noise,0.02,0.9842462945114602,0.9089500729274427,1.0578528973579302,138.97606096355716,141.20049192823146,72
mbr,history_mean,mlp_s123,obs_noise,0.03,0.9810915474254966,0.9071523352879637,1.0540037797761008,139.02643918246565,141.70587805723932,72
mbr,history_mean,mlp_s123,obs_noise,0.04,0.9770804914061634,0.9035658487885118,1.0488320817221006,139.08373503153143,142.3462409236821,72
mbr,history_mean,mlp_s123,obs_noise,0.05,0.9723899200585101,0.8993485875329135,1.042092213278915,139.14781376388177,143.09878259074205,72
mbr,history_mean,mlp_s123,obs_noise,0.07,0.9614626879902095,0.8901916933588624,1.0290213695036057,139.29575377907304,144.87900104605148,72
mbr,history_mean,mlp_s123,obs_noise,0.09,0.9490451808662254,0.8799808606637698,1.0157794137165606,139.46911317738193,146.9572955948038,72
mbr,history_mean,mlp_s123,obs_noise,0.12,0.9286648756193197,0.8614940924589504,0.9940482675686328,139.77435171612132,150.51107820020312,72
mbr,history_mean,mlp_s123,obs_noise,0.16,0.8998674216501897,0.8341075828725525,0.9621801321437006,140.26013938964283,155.86756005949385,72
mbr,history_mean,mlp_s123,obs_noise,0.2,0.8706504761650733,0.8052061970081379,0.9307992897745576,140.82881202653164,161.7512605596173,72
mbr,history_mean,mlp_s123,obs_noise,0.25,0.8348532698647562,0.7683550721002652,0.8940901336333884,141.64533010887988,169.6649402017986,72
mbr,history_mean,mlp_s123,obs_noise,0.3,0.8006475121857117,0.7345595386004764,0.8592299193731749,142.567394017762,178.06511835472142,72
mbr,history_mean,mlp_s123,obs_noise,0.4,0.7382817412902654,0.6728103594928542,0.7937227663345354,144.68368660762764,195.9735403380961,72
mbr,history_mean,mlp_s123,obs_noise,0.5,0.6842131728534177,0.6196307265195603,0.7387100672774403,147.10298229607938,214.99583482528766,72
mbr,history_mean,mlp_s123,obs_noise,0.6,0.6377292195035937,0.5742620724781681,0.6920113575210536,149.7710805909437,234.8505855001046,72
mbr,history_mean,mlp_s123,obs_noise,0.8,0.5633848641275319,0.5040156536832483,0.6133224120660459,155.70496539190833,276.37406559197484,72
mbr,history_mean,mlp_s123,obs_noise,1.0,0.5076785985535753,0.4530383847384149,0.5555466272984894,162.26641725298518,319.6243011135345,72
mbr,history_mean,mlp_s42,obs_noise,0.0,1.565295988619513,1.3213377862953632,1.8430844298424403,138.89653817701694,88.734999122763,72
mbr,history_mean,mlp_s42,obs_noise,0.005,1.5647939257685821,1.321097440207733,1.8420378146840122,138.91373165369674,88.77445736854217,72
mbr,history_mean,mlp_s42,obs_noise,0.01,1.5635177395683375,1.3205177445642111,1.8398510574748737,138.932724570546,88.85906507776696,72
mbr,history_mean,mlp_s42,obs_noise,0.015,1.5614911500516095,1.3194170861824912,1.8365651371305098,138.9535053326991,88.98769956403947,72
mbr,history_mean,mlp_s42,obs_noise,0.02,1.558748279759173,1.31716152839932,1.8322551140795227,138.97606096355716,89.1587581960501,72
mbr,history_mean,mlp_s42,obs_noise,0.03,1.5512847366368308,1.3115579870505218,1.8207000994665774,139.02643918246565,89.62019408756224,72
mbr,history_mean,mlp_s42,obs_noise,0.04,1.5414964257356027,1.3044460757892127,1.8042196729578344,139.08373503153143,90.22644017170563,72
mbr,history_mean,mlp_s42,obs_noise,0.05,1.5297606706684757,1.2964100578767033,1.788290349468175,139.14781376388177,90.96051194928216,72
mbr,history_mean,mlp_s42,obs_noise,0.07,1.501716853522766,1.2773580261239006,1.7470747361944101,139.29575377907304,92.75766829965947,72
mbr,history_mean,mlp_s42,obs_noise,0.09,1.4693348551703853,1.2521175820652783,1.7022865008266457,139.46911317738193,94.91989704498569,72
mbr,history_mean,mlp_s42,obs_noise,0.12,1.4161099179612477,1.2156444384095966,1.6346110680812576,139.77435171612132,98.70303847412661,72
mbr,history_mean,mlp_s42,obs_noise,0.16,1.3420883939082062,1.163095298581663,1.541231647883357,140.26013938964283,104.50886843689976,72
mbr,history_mean,mlp_s42,obs_noise,0.2,1.2692921915532853,1.1049885888656228,1.4519813540691955,140.82881202653164,110.95066444408958,72
mbr,history_mean,mlp_s42,obs_noise,0.25,1.1837875855692968,1.031978747178507,1.351384444968323,141.64533010887988,119.65434663750173,72
mbr,history_mean,mlp_s42,obs_noise,0.3,1.1059810358594857,0.9669109699906141,1.262682830227579,142.567394017762,128.90582152429883,72
mbr,history_mean,mlp_s42,obs_noise,0.4,0.9736603915195443,0.8506610013280014,1.1079976383553864,144.68368660762764,148.59769162616018,72
mbr,history_mean,mlp_s42,obs_noise,0.5,0.8683233142558685,0.7582678533366292,0.9859417806259644,147.10298229607938,169.41037961435248,72
mbr,history_mean,mlp_s42,obs_noise,0.6,0.7840592533403461,0.6855043462466324,0.8909506532613046,149.7710805909437,191.02010460672514,72
mbr,history_mean,mlp_s42,obs_noise,0.8,0.6601427197700137,0.5792240122652348,0.7500914581846292,155.70496539190833,235.8656101610182,72
mbr,history_mean,mlp_s42,obs_noise,1.0,0.5751270766526188,0.5049148818370108,0.6518587979412874,162.26641725298518,282.1401110123622,72
mbr,history_mean,mlp_s7,obs_noise,0.0,2.1876822072461604,1.904650462589284,2.501035567312262,138.89653817701694,63.49027190373275,72
mbr,history_mean,mlp_s7,obs_noise,0.005,2.1867285001781673,1.904852655964332,2.499453229210247,138.91373165369674,63.52582483027889,72
mbr,history_mean,mlp_s7,obs_noise,0.01,2.183910281144942,1.9036528863758586,2.4929738051166606,138.932724570546,63.61649824630561,72
mbr,history_mean,mlp_s7,obs_noise,0.015,2.1792768153368263,1.9010650901004689,2.4870005920387035,138.9535053326991,63.76129198218567,72
mbr,history_mean,mlp_s7,obs_noise,0.02,2.172914124461036,1.8971156442654926,2.4783398383575204,138.97606096355716,63.958377093263366,72
mbr,history_mean,mlp_s7,obs_noise,0.03,2.1554948839622443,1.884731148317407,2.451878394211145,139.02643918246565,64.49861710035998,72
mbr,history_mean,mlp_s7,obs_noise,0.04,2.1327367311262257,1.868346544454193,2.4207721379026244,139.08373503153143,65.2137382929988,72
mbr,history_mean,mlp_s7,obs_noise,0.05,2.1057231896483644,1.8507267381536827,2.384667316182461,139.14781376388177,66.08077189249083,72
mbr,history_mean,mlp_s7,obs_noise,0.07,2.042709206735967,1.8081841323227326,2.3018023053903542,139.29575377907304,68.19167080646437,72
mbr,history_mean,mlp_s7,obs_noise,0.09,1.972628124730527,1.7546831851137346,2.216018480228856,139.46911317738193,70.70218224554324,72
mbr,history_mean,mlp_s7,obs_noise,0.12,1.863140314372458,1.6675257872666878,2.093950664399688,139.77435171612132,75.02084015781712,72
mbr,history_mean,mlp_s7,obs_noise,0.16,1.7206672506096303,1.5419650068269164,1.9309805980215897,140.26013938964283,81.51497004429464,72
mbr,history_mean,mlp_s7,obs_noise,0.2,1.5894846981318915,1.4201333043874957,1.7805653196556825,140.82881202653164,88.60029429163212,72
mbr,history_mean,mlp_s7,obs_noise,0.25,1.4446003067880548,1.2846557802829233,1.6270843623301128,141.64533010887988,98.05157138850133,72
mbr,history_mean,mlp_s7,obs_noise,0.3,1.3201706275775966,1.1693365197477996,1.4902789746544916,142.567394017762,107.99164217080131,72
mbr,history_mean,mlp_s7,obs_noise,0.4,1.1224528517804973,0.9843489113047321,1.2763629750495695,144.68368660762764,128.89956703136556,72
mbr,history_mean,mlp_s7,obs_noise,0.5,0.9755634165003545,0.8513034064827101,1.1133336866626018,147.10298229607938,150.78771898169668,72
mbr,history_mean,mlp_s7,obs_noise,0.6,0.8639392037369675,0.7527907072756642,0.9872674232904095,149.7710805909437,173.3583566333246,72
mbr,history_mean,mlp_s7,obs_noise,0.8,0.7081687151537175,0.617557227240592,0.8084614444176667,155.70496539190833,219.86987289901742,72
mbr,history_mean,mlp_s7,obs_noise,1.0,0.6065160035634354,0.5288128823733109,0.6886618246697291,162.26641725298518,267.5385584215896,72
mbr,history_mean,ridge,obs_noise,0.0,1.5273475711756561,1.2920941331337976,1.8092408309096695,138.89653817701694,90.93970540713475,72
mbr,history_mean,ridge,obs_noise,0.005,1.5281418186581963,1.2933102830477468,1.8099600984885977,138.91373165369674,90.90369097789082,72
mbr,history_mean,ridge,obs_noise,0.01,1.5280393381424835,1.2939975362406637,1.80951215367529,138.932724570546,90.92221718547869,72
mbr,history_mean,ridge,obs_noise,0.015,1.5270480308961074,1.2938648582823347,1.8086283629908577,138.9535053326991,90.99484922629313,72
mbr,history_mean,ridge,obs_noise,0.02,1.525187041200888,1.2925884177867406,1.8071510949226923,138.97606096355716,91.12066730788077,72
mbr,history_mean,ridge,obs_noise,0.03,1.518971091461728,1.2895358767675245,1.799542575417666,139.02643918246565,91.52671829236624,72
mbr,history_mean,ridge,obs_noise,0.04,1.5096627501930493,1.2823501117910139,1.7852016524605347,139.08373503153143,92.12901027977672,72
mbr,history_mean,ridge,obs_noise,0.05,1.4975599596733966,1.2731266370532701,1.7696358689092886,139.14781376388177,92.91635561238468,72
mbr,history_mean,ridge,obs_noise,0.07,1.4661590915691254,1.2485995590228938,1.7308142212130881,139.29575377907304,95.00725711150127,72
mbr,history_mean,ridge,obs_noise,0.09,1.4271175502025428,1.2171203606747274,1.690376032407372,139.46911317738193,97.7278382972642,72
mbr,history_mean,ridge,obs_noise,0.12,1.359247428716273,1.164103870730959,1.6133093190354997,139.77435171612132,102.83216194723998,72
mbr,history_mean,ridge,obs_noise,0.16,1.2616029694643667,1.083379903123505,1.4946773432427096,140.26013938964283,111.17613289162793,72
mbr,history_mean,ridge,obs_noise,0.2,1.165353233132371,1.0064043809036622,1.377542721963927,140.82881202653164,120.84645927312158,72
mbr,history_mean,ridge,obs_noise,0.25,1.0548886790874288,0.9145548783800732,1.2449680663109013,141.64533010887988,134.2751447777556,72
mbr,history_mean,ridge,obs_noise,0.3,0.958341024062616,0.8326664738927702,1.130632328990025,142.567394017762,148.7647825127926,72
mbr,history_mean,ridge,obs_noise,0.4,0.8045327770328073,0.6984229598140599,0.9522817005744434,144.68368660762764,179.83566454711107,72
mbr,history_mean,ridge,obs_noise,0.5,0.6915638496481237,0.5982965318198239,0.8156415008033956,147.10298229607938,212.71063022008337,72
mbr,history_mean,ridge,obs_noise,0.6,0.6069823063139483,0.5247518056123042,0.7151192451799763,149.7710805909437,246.74702875684468,72
mbr,history_mean,ridge,obs_noise,0.8,0.49119298033241315,0.42491349379515947,0.5767394789175743,155.70496539190833,316.99346616585507,72
mbr,history_mean,ridge,obs_noise,1.0,0.41715126749091697,0.36198666294835763,0.4858724886498014,162.26641725298518,388.9869932050928,72
mbr,drift,gru_s123,obs_noise,0.0,6.832233846892663,5.502660932504068,8.262094800919568,366.86163009184395,53.69570748206966,72
mbr,drift,gru_s123,obs_noise,0.005,6.824766021603842,5.490798266161152,8.256542652136691,366.88091376494356,53.75728817714477,72
mbr,drift,gru_s123,obs_noise,0.01,6.820094521999733,5.481611335766912,8.253120665020433,367.4207531162658,53.873264062700066,72
mbr,drift,gru_s123,obs_noise,0.015,6.8165725864714535,5.477565025775892,8.247516460295966,368.3842299728194,54.04244219506077,72
mbr,drift,gru_s123,obs_noise,0.02,6.812591267490805,5.474118278724347,8.240757812565457,369.67102037702284,54.26290905504141,72
mbr,drift,gru_s123,obs_noise,0.03,6.799634556263715,5.467307622485322,8.229901888651531,372.9439387784966,54.847644486268244,72
mbr,drift,gru_s123,obs_noise,0.04,6.778198098567503,5.449998407300066,8.187561306168575,376.90206053934713,55.6050524134137,72
mbr,drift,gru_s123,obs_noise,0.05,6.748409262576937,5.4256590745194755,8.127661188575043,381.3734672985235,56.51309107961435,72
mbr,drift,gru_s123,obs_noise,0.07,6.668111000480281,5.374825206606595,7.994424026899746,391.46034249811714,58.70633264352102,72
mbr,drift,gru_s123,obs_noise,0.09,6.5684557520320555,5.320461840303751,7.825961444006455,402.6798249796856,61.30509821202803,72
mbr,drift,gru_s123,obs_noise,0.12,6.400643481905725,5.234528814396703,7.542769258409502,421.0509103414141,65.78259069290493,72
mbr,drift,gru_s123,obs_noise,0.16,6.170441585631153,5.1225038520884825,7.168262635985306,447.67170647741636,72.55099983766002,72
mbr,drift,gru_s123,obs_noise,0.2,5.95341572810562,5.010609256557227,6.836822998444302,476.11379139866744,79.97321422573779,72
mbr,drift,gru_s123,obs_noise,0.25,5.713596083207689,4.870324888588371,6.479111935128167,513.6328024312539,89.89658963482306,72
mbr,drift,gru_s123,obs_noise,0.3,5.510729535796973,4.770840388125916,6.173141635479543,552.8979475084169,100.33117102134383,72
mbr,drift,gru_s123,obs_noise,0.4,5.199463542963844,4.594013881598113,5.7176734248845795,635.5076202814923,122.22561328302623,72
mbr,drift,gru_s123,obs_noise,0.5,4.980713939259059,4.47303852042848,5.413003785406176,722.3351907608247,145.02643588245923,72
mbr,drift,gru_s123,obs_noise,0.6,4.823384717530589,4.39217085868004,5.190429977502817,812.4086940834378,168.43124520644994,72
mbr,drift,gru_s123,obs_noise,0.8,4.6196196778546135,4.27260392362036,4.907974765759741,999.8300325972812,216.43124376455376,72
mbr,drift,gru_s123,obs_noise,1.0,4.499604345540824,4.202754181165217,4.74922950355255,1194.3621291992613,265.4371445753652,72
mbr,drift,gru_s42,obs_noise,0.0,9.728982544140838,7.741878864472102,11.509836091878668,366.86163009184395,37.70811885285804,72
mbr,drift,gru_s42,obs_noise,0.005,9.733800038302663,7.735994883799155,11.526514554195177,366.88091376494356,37.691437292862105,72
mbr,drift,gru_s42,obs_noise,0.01,9.732464021949133,7.755938036971287,11.535697242656573,367.4207531162658,37.752079256356915,72
mbr,drift,gru_s42,obs_noise,0.015,9.722968372007571,7.738972905337897,11.537187048899296,368.3842299728194,37.88804158135469,72
mbr,drift,gru_s42,obs_noise,0.02,9.703690446509357,7.710240026040086,11.512778703501732,369.67102037702284,38.09592055876041,72
mbr,drift,gru_s42,obs_noise,0.03,9.634310626805632,7.667618338532478,11.427946003631666,372.9439387784966,38.70997658523187,72
mbr,drift,gru_s42,obs_noise,0.04,9.528070480416552,7.578697961262266,11.30436087330182,376.90206053934713,39.55701852898863,72
mbr,drift,gru_s42,obs_noise,0.05,9.393360295793597,7.472220872666873,11.167471818301168,381.3734672985235,40.600323557194415,72
mbr,drift,gru_s42,obs_noise,0.07,9.071848889908154,7.237073656157125,10.7647561397314,391.46034249811714,43.1511092445104,72
mbr,drift,gru_s42,obs_noise,0.09,8.722500516721187,6.990479303582528,10.318700435284123,402.6798249796856,46.16564071366248,72
mbr,drift,gru_s42,obs_noise,0.12,8.209562911419448,6.618588101747822,9.653464296451954,421.0509103414141,51.287859644236974,72
mbr,drift,gru_s42,obs_noise,0.16,7.605332909667408,6.188080184380207,8.885603455453113,447.67170647741636,58.86286791053749,72
mbr,drift,gru_s42,obs_noise,0.2,7.106863930890065,5.848058456446814,8.223959421557293,476.11379139866744,66.99351444302084,72
mbr,drift,gru_s42,obs_noise,0.25,6.613091615763892,5.527771677559191,7.563716316406013,513.6328024312539,77.66908917561142,72
mbr,drift,gru_s42,obs_noise,0.3,6.230957869861984,5.283073688562486,7.075125946741023,552.8979475084169,88.7340211659405,72
mbr,drift,gru_s42,obs_noise,0.4,5.693427561592985,4.945237087807802,6.361310716568078,635.5076202814923,111.62127091394508,72
mbr,drift,gru_s42,obs_noise,0.5,5.344300910585076,4.724685923429897,5.908440691246479,722.3351907608247,135.15990264136266,72
mbr,drift,gru_s42,obs_noise,0.6,5.105696936039644,4.577011524876716,5.578729323045323,812.4086940834378,159.1180801094712,72
mbr,drift,gru_s42,obs_noise,0.8,4.811018076610083,4.395809555972369,5.177908146467034,999.8300325972812,207.8208846186204,72
mbr,drift,gru_s42,obs_noise,1.0,4.644845864632639,4.29472272465504,4.949546836644171,1194.3621291992613,257.13708570902674,72
mbr,drift,gru_s7,obs_noise,0.0,9.567101519097774,7.860239801460922,11.02978035793332,366.86163009184395,38.34616256130633,72
mbr,drift,gru_s7,obs_noise,0.005,9.546645811371532,7.816561372020174,11.020595284477514,366.88091376494356,38.43034726688317,72
mbr,drift,gru_s7,obs_noise,0.01,9.520992443936334,7.797101802995157,11.002798987356062,367.4207531162658,38.590593919677595,72
mbr,drift,gru_s7,obs_noise,0.015,9.488924997116195,7.770159324317836,10.969500608234668,368.3842299728194,38.82254629315503,72
mbr,drift,gru_s7,obs_noise,0.02,9.449387324210601,7.731499071994231,10.928400044470065,369.67102037702284,39.12116285358268,72
mbr,drift,gru_s7,obs_noise,0.03,9.347578257450488,7.62962517703268,10.833011740250596,372.9439387784966,39.89738609369134,72
mbr,drift,gru_s7,obs_noise,0.04,9.219907290933829,7.506494260411392,10.709392838032686,376.90206053934713,40.87915948026556,72
mbr,drift,gru_s7,obs_noise,0.05,9.073636217108152,7.372568514205023,10.550766122799104,381.3734672985235,42.03094086794573,72
mbr,drift,gru_s7,obs_noise,0.07,8.751236593774534,7.09450912722991,10.172597383046034,391.46034249811714,44.73200310646323,72
mbr,drift,gru_s7,obs_noise,0.09,8.41902551428718,6.824562732361176,9.79171008332857,402.6798249796856,47.82974280055732,72
mbr,drift,gru_s7,obs_noise,0.12,7.944475396397949,6.458773065524985,9.239649467299843,421.0509103414141,52.99920880015816,72
mbr,drift,gru_s7,obs_noise,0.16,7.391523448161033,6.041362977356214,8.56631768073904,447.67170647741636,60.56555317954033,72
mbr,drift,gru_s7,obs_noise,0.2,6.934494511907888,5.7214755733173135,7.9996227223391685,476.11379139866744,68.6587595651113,72
mbr,drift,gru_s7,obs_noise,0.25,6.478319376727458,5.419892374362678,7.420180422998914,513.6328024312539,79.2848843291695,72
mbr,drift,gru_s7,obs_noise,0.3,6.1220513391197615,5.182319462191986,6.9700136703150655,552.8979475084169,90.31253037285268,72
mbr,drift,gru_s7,obs_noise,0.4,5.6156540411352855,4.867264475154889,6.295344836801942,635.5076202814923,113.16716016092317,72
mbr,drift,gru_s7,obs_noise,0.5,5.283745949756602,4.65609513692725,5.847038613273451,722.3351907608247,136.70891780746942,72
mbr,drift,gru_s7,obs_noise,0.6,5.05606794755046,4.518503172445674,5.5296749458744054,812.4086940834378,160.67993992783062,72
mbr,drift,gru_s7,obs_noise,0.8,4.775491438839267,4.354218578039629,5.137702602993947,999.8300325972812,209.36694063895135,72
mbr,drift,gru_s7,obs_noise,1.0,4.619260034923069,4.269388761253005,4.919481026764067,1194.3621291992613,258.5613540198009,72
mbr,drift,mlp_s123,obs_noise,0.0,2.606445936174434,2.089296032247108,3.1329037142181804,366.86163009184395,140.75167453129635,72
mbr,drift,mlp_s123,obs_noise,0.005,2.606120078813146,2.087212550982108,3.130982387726662,366.88091376494356,140.7766728584605,72
mbr,drift,mlp_s123,obs_noise,0.01,2.608337015160009,2.087139638208734,3.131575243639082,367.4207531162658,140.86398765986394,72
mbr,drift,mlp_s123,obs_noise,0.015,2.612501863450593,2.0901316377034513,3.1354620790653622,368.3842299728194,141.00821711424825,72
mbr,drift,mlp_s123,obs_noise,0.02,2.61805759547153,2.0965843083443287,3.1427252126965417,369.67102037702284,141.20049192823146,72
mbr,drift,mlp_s123,obs_noise,0.03,2.631816999347431,2.1145509413765784,3.1588691945392258,372.9439387784966,141.70587805723932,72
mbr,drift,mlp_s123,obs_noise,0.04,2.647783728559579,2.1349876193979416,3.174283060474767,376.90206053934713,142.3462409236821,72
mbr,drift,mlp_s123,obs_noise,0.05,2.6651063020517753,2.153104769478624,3.1892736960327555,381.3734672985235,143.09878259074205,72
mbr,drift,mlp_s123,obs_noise,0.07,2.7019812372511245,2.1931770200560714,3.2210238076226134,391.46034249811714,144.87900104605148,72
mbr,drift,mlp_s123,obs_noise,0.09,2.7401145574287753,2.2397737639279094,3.2605595555619837,402.6798249796856,146.9572955948038,72
mbr,drift,mlp_s123,obs_noise,0.12,2.7974745472313405,2.30680758577063,3.312066643976059,421.0509103414141,150.51107820020312,72
mbr,drift,mlp_s123,obs_noise,0.16,2.87212878873925,2.3963209549871487,3.3710496520580486,447.67170647741636,155.86756005949385,72
mbr,drift,mlp_s123,obs_noise,0.2,2.9434935452832796,2.494582411566819,3.436846484659811,476.11379139866744,161.7512605596173,72
mbr,drift,mlp_s123,obs_noise,0.25,3.0273361238941985,2.6025208616375677,3.5044544004050078,513.6328024312539,169.6649402017986,72
mbr,drift,mlp_s123,obs_noise,0.3,3.105032319732579,2.695285255021853,3.5628062873353077,552.8979475084169,178.06511835472142,72
mbr,drift,mlp_s123,obs_noise,0.4,3.242823593354013,2.8724350471540063,3.6611605144054,635.5076202814923,195.9735403380961,72
mbr,drift,mlp_s123,obs_noise,0.5,3.359763650062416,3.0204253257473215,3.7512662774260175,722.3351907608247,214.99583482528766,72
mbr,drift,mlp_s123,obs_noise,0.6,3.459257690814128,3.148848781480822,3.821552543649697,812.4086940834378,234.8505855001046,72
mbr,drift,mlp_s123,obs_noise,0.8,3.617669517780953,3.353311733339666,3.9244614954802333,999.8300325972812,276.37406559197484,72
mbr,drift,mlp_s123,obs_noise,1.0,3.736768840911784,3.505316714521991,4.003816733660979,1194.3621291992613,319.6243011135345,72
mbr,drift,mlp_s42,obs_noise,0.0,4.13435097445934,3.314682438486904,5.2500752687785095,366.86163009184395,88.734999122763,72
mbr,drift,mlp_s42,obs_noise,0.005,4.132730569581046,3.3121249598989064,5.244725853234745,366.88091376494356,88.77445736854217,72
mbr,drift,mlp_s42,obs_noise,0.01,4.13487079562124,3.3124015846285793,5.2434044497957375,367.4207531162658,88.85906507776696,72
mbr,drift,mlp_s42,obs_noise,0.015,4.139720790374111,3.3142098913855205,5.247890697873264,368.3842299728194,88.98769956403947,72
mbr,drift,mlp_s42,obs_noise,0.02,4.1462109596026195,3.3186833269890417,5.25285779807186,369.67102037702284,89.1587581960501,72
mbr,drift,mlp_s42,obs_noise,0.03,4.161382850991336,3.329325406115683,5.2725953615693015,372.9439387784966,89.62019408756224,72
mbr,drift,mlp_s42,obs_noise,0.04,4.177290601536344,3.3451076352505797,5.286654267904566,376.90206053934713,90.22644017170563,72
mbr,drift,mlp_s42,obs_noise,0.05,4.192736596636242,3.3622516018934827,5.306109593975263,381.3734672985235,90.96051194928216,72
mbr,drift,mlp_s42,obs_noise,0.07,4.220247766831308,3.397747181793789,5.333646407842321,391.46034249811714,92.75766829965947,72
mbr,drift,mlp_s42,obs_noise,0.09,4.2423120706593505,3.4263754669845965,5.344641142315228,402.6798249796856,94.91989704498569,72
mbr,drift,mlp_s42,obs_noise,0.12,4.2658353466168695,3.4762682255160855,5.330375998130576,421.0509103414141,98.70303847412661,72
mbr,drift,mlp_s42,obs_noise,0.16,4.283576247385274,3.523943160470885,5.271171441635468,447.67170647741636,104.50886843689976,72
mbr,drift,mlp_s42,obs_noise,0.2,4.291220731161925,3.5684749843845665,5.204075667058022,476.11379139866744,110.95066444408958,72
mbr,drift,mlp_s42,obs_noise,0.25,4.292638060089265,3.623555324246467,5.120706710707853,513.6328024312539,119.65434663750173,72
mbr,drift,mlp_s42,obs_noise,0.3,4.289161970890471,3.670931044298606,5.0383426395886,552.8979475084169,128.90582152429883,72
mbr,drift,mlp_s42,obs_noise,0.4,4.276699142004794,3.7464121324045885,4.902732311570791,635.5076202814923,148.59769162616018,72
mbr,drift,mlp_s42,obs_noise,0.5,4.2638189726341205,3.8017270706968698,4.794856102544701,722.3351907608247,169.41037961435248,72
mbr,drift,mlp_s42,obs_noise,0.6,4.253000990424732,3.8367140003888998,4.7084586859108395,812.4086940834378,191.02010460672514,72
mbr,drift,mlp_s42,obs_noise,0.8,4.238981816445085,3.8937626848798517,4.590253681575471,999.8300325972812,235.8656101610182,72
mbr,drift,mlp_s42,obs_noise,1.0,4.233223432548127,3.924204185282877,4.522586022231903,1194.3621291992613,282.1401110123622,72
mbr,drift,mlp_s7,obs_noise,0.0,5.778233721350235,4.961769854500694,6.599022799660846,366.86163009184395,63.49027190373275,72
mbr,drift,mlp_s7,obs_noise,0.005,5.775303425734879,4.95553155035812,6.594211838523574,366.88091376494356,63.52582483027889,72
mbr,drift,mlp_s7,obs_noise,0.01,5.7755576500566495,4.952481829865996,6.594585800597135,367.4207531162658,63.61649824630561,72
mbr,drift,mlp_s7,obs_noise,0.015,5.77755278352488,4.950800498775281,6.595128780642848,368.3842299728194,63.76129198218567,72
mbr,drift,mlp_s7,obs_noise,0.02,5.779868676748518,4.94837046334635,6.595713156191881,369.67102037702284,63.958377093263366,72
mbr,drift,mlp_s7,obs_noise,0.03,5.782200542349537,4.940713178226142,6.596567807598344,372.9439387784966,64.49861710035998,72
mbr,drift,mlp_s7,obs_noise,0.04,5.779488653847198,4.933882512244537,6.594489264241667,376.90206053934713,65.2137382929988,72
mbr,drift,mlp_s7,obs_noise,0.05,5.771322827750766,4.9251256037562365,6.57415840260015,381.3734672985235,66.08077189249083,72
mbr,drift,mlp_s7,obs_noise,0.07,5.740588811925808,4.894527928591233,6.54974401549501,391.46034249811714,68.19167080646437,72
mbr,drift,mlp_s7,obs_noise,0.09,5.6954370033616435,4.858030483133672,6.478777047357832,402.6798249796856,70.70218224554324,72
mbr,drift,mlp_s7,obs_noise,0.12,5.612452612576359,4.803145813508845,6.355278671108636,421.0509103414141,75.02084015781712,72
mbr,drift,mlp_s7,obs_noise,0.16,5.491895614193992,4.726340146757155,6.184241873494704,447.67170647741636,81.51497004429464,72
mbr,drift,mlp_s7,obs_noise,0.2,5.373726974670265,4.649937596105664,6.019154874358875,476.11379139866744,88.60029429163212,72
mbr,drift,mlp_s7,obs_noise,0.25,5.238394399577042,4.575209826725719,5.833822390485078,513.6328024312539,98.05157138850133,72
mbr,drift,mlp_s7,obs_noise,0.3,5.119821649104518,4.509802778221499,5.675914775454534,552.8979475084169,107.99164217080131,72
mbr,drift,mlp_s7,obs_noise,0.4,4.9302541111472635,4.399604779496574,5.407365475318826,635.5076202814923,128.89956703136556,72
mbr,drift,mlp_s7,obs_noise,0.5,4.790411285739425,4.325322570832286,5.202669374589723,722.3351907608247,150.78771898169668,72
mbr,drift,mlp_s7,obs_noise,0.6,4.686296696973123,4.267092979769304,5.047351598045303,812.4086940834378,173.3583566333246,72
mbr,drift,mlp_s7,obs_noise,0.8,4.547371676775774,4.202759817587982,4.83604269635839,999.8300325972812,219.86987289901742,72
mbr,drift,mlp_s7,obs_noise,1.0,4.464261660994581,4.165551445294785,4.7122493466212365,1194.3621291992613,267.5385584215896,72
mbr,drift,ridge,obs_noise,0.0,4.034119403063972,3.190815553879339,4.8575546728840955,366.86163009184395,90.93970540713475,72
mbr,drift,ridge,obs_noise,0.005,4.035929782589077,3.1967606981327763,4.85450280976905,366.88091376494356,90.90369097789082,72
mbr,drift,ridge,obs_noise,0.01,4.0410448016983365,3.2024398512195202,4.85654133526712,367.4207531162658,90.92221718547869,72
mbr,drift,ridge,obs_noise,0.015,4.048407498941974,3.210562884211328,4.858753922788699,368.3842299728194,90.99484922629313,72
mbr,drift,ridge,obs_noise,0.02,4.056939345362444,3.2250538693478625,4.865833856827299,369.67102037702284,91.12066730788077,72
mbr,drift,ridge,obs_noise,0.03,4.074700215812303,3.2511717209806585,4.879397896487857,372.9439387784966,91.52671829236624,72
mbr,drift,ridge,obs_noise,0.04,4.091024742312694,3.2667067311243954,4.889405531983591,376.90206053934713,92.12901027977672,72
mbr,drift,ridge,obs_noise,0.05,4.104481549938134,3.282940593039871,4.8951940808976095,381.3734672985235,92.91635561238468,72
mbr,drift,ridge,obs_noise,0.07,4.12032043024562,3.3146506355792593,4.893385705627042,391.46034249811714,95.00725711150127,72
mbr,drift,ridge,obs_noise,0.09,4.1204208749080475,3.3383190852855087,4.867355602299422,402.6798249796856,97.7278382972642,72
mbr,drift,ridge,obs_noise,0.12,4.094544959167954,3.36141095361365,4.802624882588082,421.0509103414141,102.83216194723998,72
mbr,drift,ridge,obs_noise,0.16,4.026688955927231,3.353758415016543,4.676003680604797,447.67170647741636,111.17613289162793,72
mbr,drift,ridge,obs_noise,0.2,3.93982408969564,3.323074601818139,4.5264945263491345,476.11379139866744,120.84645927312158,72
mbr,drift,ridge,obs_noise,0.25,3.825226204606884,3.2580826795272704,4.338273152147209,513.6328024312539,134.2751447777556,72
mbr,drift,ridge,obs_noise,0.3,3.716591643327089,3.2032524989625313,4.160822090874126,552.8979475084169,148.7647825127926,72
mbr,drift,ridge,obs_noise,0.4,3.533824182660999,3.1020384736450217,3.906461651941776,635.5076202814923,179.83566454711107,72
mbr,drift,ridge,obs_noise,0.5,3.395858448698369,3.022212620940234,3.715516455458693,722.3351907608247,212.71063022008337,72
mbr,drift,ridge,obs_noise,0.6,3.292476096577523,2.9532053469798476,3.573120401468862,812.4086940834378,246.74702875684468,72
mbr,drift,ridge,obs_noise,0.8,3.154102968400482,2.8647400272308583,3.3951761097152753,999.8300325972812,316.99346616585507,72
mbr,drift,ridge,obs_noise,1.0,3.070442328567875,2.809167353081499,3.2897407079506817,1194.3621291992613,388.9869932050928,72
mbr,ar1,gru_s123,obs_noise,0.0,2.5174018495186905,2.070935878311991,3.028431051706469,135.17367332657673,53.69570748206966,72
mbr,ar1,gru_s123,obs_noise,0.005,2.515011624776017,2.0696670875174474,3.0249023648120943,135.20020468195344,53.75728817714477,72
mbr,ar1,gru_s123,obs_noise,0.01,2.511111597595077,2.0677655384781373,3.017855390503135,135.28177818814822,53.873264062700066,72
mbr,ar1,gru_s123,obs_noise,0.015,2.505699709269284,2.065080807044233,3.0103828534739696,135.41413169636587,54.04244219506077,72
mbr,ar1,gru_s123,obs_noise,0.02,2.4987975568404996,2.0615622978507613,2.9995914024968893,135.5920245737957,54.26290905504141,72
mbr,ar1,gru_s123,obs_noise,0.03,2.4807819638832354,2.051929449151644,2.973728591776442,136.06504720301405,54.847644486268244,72
mbr,ar1,gru_s123,obs_noise,0.04,2.457838030365764,2.0382579431653913,2.9395696631289576,136.6682125021698,55.6050524134137,72
mbr,ar1,gru_s123,obs_noise,0.05,2.4309017233527546,2.0217346771582254,2.903183892608587,137.3777704974257,56.51309107961435,72
mbr,ar1,gru_s123,obs_noise,0.07,2.3686287549543312,1.9804954596037068,2.812339898915385,139.05350759735802,58.70633264352102,72
mbr,ar1,gru_s123,obs_noise,0.09,2.3000527032910014,1.933548933573671,2.7131013094094576,141.0049568680954,61.30509821202803,72
mbr,ar1,gru_s123,obs_noise,0.12,2.194152386229457,1.8605467115000356,2.571927644287006,144.33702834119305,65.78259069290493,72
mbr,ar1,gru_s123,obs_noise,0.16,2.0586812159675314,1.7642605570135204,2.3998015687445533,149.3593805654541,72.55099983766002,72
mbr,ar1,gru_s123,obs_noise,0.2,1.936654576852616,1.6748484987511019,2.238191546815947,154.88049135588983,79.97321422573779,72
mbr,ar1,gru_s123,obs_noise,0.25,1.8055495215661825,1.58082384003924,2.0691197294785066,162.31274440558622,89.89658963482306,72
mbr,ar1,gru_s123,obs_noise,0.3,1.6964537529317614,1.5000899552188496,1.9311778884012691,170.20719161519713,100.33117102134383,72
mbr,ar1,gru_s123,obs_noise,0.4,1.5303491304811083,1.3757504820227766,1.7252595238960118,187.0478610101994,122.22561328302623,72
mbr,ar1,gru_s123,obs_noise,0.5,1.4131523712758183,1.28572837552563,1.5772758712687087,204.94445176497766,145.02643588245923,72
mbr,ar1,gru_s123,obs_noise,0.6,1.327720947123146,1.220737878974869,1.4687669552711455,223.62969241063854,168.43124520644994,72
mbr,ar1,gru_s123,obs_noise,0.8,1.2138765734617463,1.133780532121136,1.3234503322109434,262.72081657098045,216.43124376455376,72
mbr,ar1,gru_s123,obs_noise,1.0,1.1432265148178355,1.0799455253596717,1.234374567372349,303.4547816960927,265.4371445753652,72
mbr,ar1,gru_s42,obs_noise,0.0,3.5847365882674205,3.1844156252111615,3.9758237130336735,135.17367332657673,37.70811885285804,72
mbr,ar1,gru_s42,obs_noise,0.005,3.587027038301807,3.1903304045779803,3.9767934758393007,135.20020468195344,37.691437292862105,72
mbr,ar1,gru_s42,obs_noise,0.01,3.583425889459286,3.189911338470146,3.9716726289149644,135.28177818814822,37.752079256356915,72
mbr,ar1,gru_s42,obs_noise,0.015,3.5740599419898578,3.1830557275375693,3.961256854802602,135.41413169636587,37.88804158135469,72
mbr,ar1,gru_s42,obs_noise,0.02,3.559226882696116,3.1713142313806237,3.9430497019770887,135.5920245737957,38.09592055876041,72
mbr,ar1,gru_s42,obs_noise,0.03,3.514986554006954,3.1344293511710286,3.8904820254422603,136.06504720301405,38.70997658523187,72
mbr,ar1,gru_s42,obs_noise,0.04,3.4549674769349727,3.083057405513741,3.827406731169226,136.6682125021698,39.55701852898863,72
mbr,ar1,gru_s42,obs_noise,0.05,3.3836619627895117,3.0135181674798335,3.7504173855890826,137.3777704974257,40.600323557194415,72
mbr,ar1,gru_s42,obs_noise,0.07,3.2224781710576336,2.876484517424605,3.582210893659285,139.05350759735802,43.1511092445104,72
mbr,ar1,gru_s42,obs_noise,0.09,3.054326869254643,2.7240523035554904,3.3999399275406685,141.0049568680954,46.16564071366248,72
mbr,ar1,gru_s42,obs_noise,0.12,2.814253301705322,2.50937509784667,3.1437614594486973,144.33702834119305,51.287859644236974,72
mbr,ar1,gru_s42,obs_noise,0.16,2.537412563595396,2.2656385706254976,2.8380166470773958,149.3593805654541,58.86286791053749,72
mbr,ar1,gru_s42,obs_noise,0.2,2.311872912528248,2.0682731090294197,2.5882393498401934,154.88049135588983,66.99351444302084,72
mbr,ar1,gru_s42,obs_noise,0.25,2.089798478756378,1.8762603067607255,2.3418588469459785,162.31274440558622,77.66908917561142,72
mbr,ar1,gru_s42,obs_noise,0.3,1.9181728651392296,1.7299328682522126,2.147442696854534,170.20719161519713,88.7340211659405,72
mbr,ar1,gru_s42,obs_noise,0.4,1.6757367075170178,1.5235391924659991,1.8699886799698788,187.0478610101994,111.62127091394508,72
mbr,ar1,gru_s42,obs_noise,0.5,1.5163110342627533,1.3898175621109181,1.6819884401045246,204.94445176497766,135.15990264136266,72
mbr,ar1,gru_s42,obs_noise,0.6,1.405432319550262,1.2977968003651434,1.5487178110894002,223.62969241063854,159.1180801094712,72
mbr,ar1,gru_s42,obs_noise,0.8,1.2641694652253497,1.182038720805456,1.3755131572832275,262.72081657098045,207.8208846186204,72
mbr,ar1,gru_s42,obs_noise,1.0,1.1801284161689478,1.1140711162182164,1.2702868173233162,303.4547816960927,257.13708570902674,72
mbr,ar1,gru_s7,obs_noise,0.0,3.525089977659861,3.0116410212915867,4.136551471764895,135.17367332657673,38.34616256130633,72
mbr,ar1,gru_s7,obs_noise,0.005,3.5180583652560533,3.0067284548816713,4.125942401485805,135.20020468195344,38.43034726688317,72
mbr,ar1,gru_s7,obs_noise,0.01,3.5055635181392524,2.996269668069351,4.113486123014442,135.28177818814822,38.590593919677595,72
mbr,ar1,gru_s7,obs_noise,0.015,3.4880280822858167,2.9813298402033728,4.09164949554108,135.41413169636587,38.82254629315503,72
mbr,ar1,gru_s7,obs_noise,0.02,3.465950771485779,2.9622621578917943,4.06602153538495,135.5920245737957,39.12116285358268,72
mbr,ar1,gru_s7,obs_noise,0.03,3.410374977535908,2.915671088470942,4.000242471855444,136.06504720301405,39.89738609369134,72
mbr,ar1,gru_s7,obs_noise,0.04,3.3432246220264505,2.857982297480728,3.9235047346846574,136.6682125021698,40.87915948026556,72
mbr,ar1,gru_s7,obs_noise,0.05,3.2684914413180506,2.7935052864094607,3.838716436154942,137.3777704974257,42.03094086794573,72
mbr,ar1,gru_s7,obs_noise,0.07,3.108591119123536,2.6586949312656043,3.6434414694145114,139.05350759735802,44.73200310646323,72
mbr,ar1,gru_s7,obs_noise,0.09,2.9480601109661912,2.5280981519903962,3.4598697404908205,141.0049568680954,47.82974280055732,72
mbr,ar1,gru_s7,obs_noise,0.12,2.7233808128238004,2.3391602549732338,3.1979961280665354,144.33702834119305,52.99920880015816,72
mbr,ar1,gru_s7,obs_noise,0.16,2.4660780381662435,2.1302624703425077,2.8893642776666266,149.3593805654541,60.56555317954033,72
mbr,ar1,gru_s7,obs_noise,0.2,2.255800896155307,1.9570993941916899,2.6370314823560825,154.88049135588983,68.6587595651113,72
mbr,ar1,gru_s7,obs_noise,0.25,2.047209197300552,1.7889018460857637,2.3820753285244174,162.31274440558622,79.2848843291695,72
mbr,ar1,gru_s7,obs_noise,0.3,1.8846464705672807,1.6569261028066802,2.180849687227362,170.20719161519713,90.31253037285268,72
mbr,ar1,gru_s7,obs_noise,0.4,1.6528457614754863,1.4711260830060853,1.8960902284963943,187.0478610101994,113.16716016092317,72
mbr,ar1,gru_s7,obs_noise,0.5,1.4991300864045025,1.3509215369000391,1.699689066649408,204.94445176497766,136.70891780746942,72
mbr,ar1,gru_s7,obs_noise,0.6,1.3917710730479598,1.2678021428644872,1.561748943323726,223.62969241063854,160.67993992783062,72
mbr,ar1,gru_s7,obs_noise,0.8,1.2548342912649073,1.1626983847367338,1.3835371408547945,262.72081657098045,209.36694063895135,72
mbr,ar1,gru_s7,obs_noise,1.0,1.173627755959438,1.102233856271797,1.2741631344539937,303.4547816960927,258.5613540198009,72
mbr,ar1,mlp_s123,obs_noise,0.0,0.9603699123062345,0.947686894244871,0.9722331448039538,135.17367332657673,140.75167453129635,72
mbr,ar1,mlp_s123,obs_noise,0.005,0.9603878393822125,0.9477408453523875,0.972314871243109,135.20020468195344,140.7766728584605,72
mbr,ar1,mlp_s123,obs_noise,0.01,0.9603716353309921,0.9477077803289556,0.972202638698415,135.28177818814822,140.86398765986394,72
mbr,ar1,mlp_s123,obs_noise,0.015,0.9603279473184891,0.9476798455673247,0.9721066304892187,135.41413169636587,141.00821711424825,72
mbr,ar1,mlp_s123,obs_noise,0.02,0.9602801146239179,0.9475985479053192,0.971986209805142,135.5920245737957,141.20049192823146,72
mbr,ar1,mlp_s123,obs_noise,0.03,0.9601933883649713,0.9475500700821148,0.9717291269656235,136.06504720301405,141.70587805723932,72
mbr,ar1,mlp_s123,obs_noise,0.04,0.9601111460009926,0.9475856089705377,0.9714279766813256,136.6682125021698,142.3462409236821,72
mbr,ar1,mlp_s123,obs_noise,0.05,0.9600205397296897,0.9475272413977694,0.9712552548865467,137.3777704974257,143.09878259074205,72
mbr,ar1,mlp_s123,obs_noise,0.07,0.9597906293760146,0.9475608206130828,0.9707517661360279,139.05350759735802,144.87900104605148,72
mbr,ar1,mlp_s123,obs_noise,0.09,0.9594961331955889,0.9474703318801422,0.9702410914810073,141.0049568680954,146.9572955948038,72
mbr,ar1,mlp_s123,obs_noise,0.12,0.958979432392361,0.947427427253292,0.969351583993134,144.33702834119305,150.51107820020312,72
mbr,ar1,mlp_s123,obs_noise,0.16,0.9582454521546651,0.9474459531952649,0.9682142746122014,149.3593805654541,155.86756005949385,72
mbr,ar1,mlp_s123,obs_noise,0.2,0.95752262344073,0.9473275811650029,0.9669578485734092,154.88049135588983,161.7512605596173,72
mbr,ar1,mlp_s123,obs_noise,0.25,0.9566663814724025,0.9472295391529221,0.9654963627778189,162.31274440558622,169.6649402017986,72
mbr,ar1,mlp_s123,obs_noise,0.3,0.9558704882116743,0.9472076829688917,0.9641637474857512,170.20719161519713,178.06511835472142,72
mbr,ar1,mlp_s123,obs_noise,0.4,0.9544546712148079,0.9469507231202359,0.9618151459106212,187.0478610101994,195.9735403380961,72
mbr,ar1,mlp_s123,obs_noise,0.5,0.9532484754019627,0.9467075495032737,0.9597185855609793,204.94445176497766,214.99583482528766,72
mbr,ar1,mlp_s123,obs_noise,0.6,0.9522211406645139,0.9465344119538003,0.9581628792409153,223.62969241063854,234.8505855001046,72
mbr,ar1,mlp_s123,obs_noise,0.8,0.9505986605807241,0.9460717693044569,0.9555781023009436,262.72081657098045,276.37406559197484,72
mbr,ar1,mlp_s123,obs_noise,1.0,0.9494108571810433,0.9455499773455869,0.9538538753342881,303.4547816960927,319.6243011135345,72
mbr,ar1,mlp_s42,obs_noise,0.0,1.5233411242791224,1.2293164143790458,1.8863117793710693,135.17367332657673,88.734999122763,72
mbr,ar1,mlp_s42,obs_noise,0.005,1.52296289596767,1.229298321642079,1.8850753335597479,135.20020468195344,88.77445736854217,72
mbr,ar1,mlp_s42,obs_noise,0.01,1.522430807366175,1.2293338176427853,1.8832731218521688,135.28177818814822,88.85906507776696,72
mbr,ar1,mlp_s42,obs_noise,0.015,1.5217174099316488,1.228696185134288,1.8808700540460017,135.41413169636587,88.98769956403947,72
mbr,ar1,mlp_s42,obs_noise,0.02,1.5207931034172106,1.2287701530134867,1.878540355314021,135.5920245737957,89.1587581960501,72
mbr,ar1,mlp_s42,obs_noise,0.03,1.5182409342929282,1.228031577927619,1.8721181685051393,136.06504720301405,89.62019408756224,72
mbr,ar1,mlp_s42,obs_noise,0.04,1.514724644373457,1.225869144285866,1.864642315741314,136.6682125021698,90.22644017170563,72
mbr,ar1,mlp_s42,obs_noise,0.05,1.5103012016249964,1.223287612430289,1.8532082981668698,137.3777704974257,90.96051194928216,72
mbr,ar1,mlp_s42,obs_noise,0.07,1.4991052507716875,1.2169876458025572,1.8321103422420293,139.05350759735802,92.75766829965947,72
mbr,ar1,mlp_s42,obs_noise,0.09,1.4855152740132922,1.2117045999173734,1.8050422574199472,141.0049568680954,94.91989704498569,72
mbr,ar1,mlp_s42,obs_noise,0.12,1.462336221584796,1.2040351137921115,1.765237310679657,144.33702834119305,98.70303847412661,72
mbr,ar1,mlp_s42,obs_noise,0.16,1.4291550831940558,1.189869991111269,1.7023163887654194,149.3593805654541,104.50886843689976,72
mbr,ar1,mlp_s42,obs_noise,0.2,1.3959401877573923,1.1739536352867617,1.6478690844150234,154.88049135588983,110.95066444408958,72
mbr,ar1,mlp_s42,obs_noise,0.25,1.3565135656736318,1.1526532721157556,1.588736607867679,162.31274440558622,119.65434663750173,72
mbr,ar1,mlp_s42,obs_noise,0.3,1.3203995723584367,1.135981798469,1.53126898603723,170.20719161519713,128.90582152429883,72
mbr,ar1,mlp_s42,obs_noise,0.4,1.2587534770107436,1.1070352433617041,1.4312323069800534,187.0478610101994,148.59769162616018,72
mbr,ar1,mlp_s42,obs_noise,0.5,1.2097514463488914,1.079845857725262,1.3525685091187933,204.94445176497766,169.41037961435248,72
mbr,ar1,mlp_s42,obs_noise,0.6,1.1707128570107868,1.057194135490476,1.2923838135158237,223.62969241063854,191.02010460672514,72
mbr,ar1,mlp_s42,obs_noise,0.8,1.1138580838114935,1.0275035683488172,1.2067670279947953,262.72081657098045,235.8656101610182,72
mbr,ar1,mlp_s42,obs_noise,1.0,1.0755464035484008,1.0075267034806028,1.150914588480708,303.4547816960927,282.1401110123622,72
mbr,ar1,mlp_s7,obs_noise,0.0,2.1290454312675506,1.816089395717539,2.4599027694234565,135.17367332657673,63.49027190373275,72
mbr,ar1,mlp_s7,obs_noise,0.005,2.1282715343431753,1.8162966548531025,2.4579572363057585,135.20020468195344,63.52582483027889,72
mbr,ar1,mlp_s7,obs_noise,0.01,2.1265203511261235,1.8158855970222136,2.455436833792495,135.28177818814822,63.61649824630561,72
mbr,ar1,mlp_s7,obs_noise,0.015,2.123767061279112,1.8150145567857714,2.450380243289479,135.41413169636587,63.76129198218567,72
mbr,ar1,mlp_s7,obs_noise,0.02,2.120004145447233,1.8132415002833941,2.44491630685663,135.5920245737957,63.958377093263366,72
mbr,ar1,mlp_s7,obs_noise,0.03,2.109580845606295,1.8058764676897177,2.4294956617095327,136.06504720301405,64.49861710035998,72
mbr,ar1,mlp_s7,obs_noise,0.04,2.0956966442888647,1.7964490715545895,2.408504083529684,136.6682125021698,65.2137382929988,72
mbr,ar1,mlp_s7,obs_noise,0.05,2.078937133496723,1.7866610602018973,2.382980047129792,137.3777704974257,66.08077189249083,72
mbr,ar1,mlp_s7,obs_noise,0.07,2.0391567760820455,1.7604844485986009,2.3235942798520974,139.05350759735802,68.19167080646437,72
mbr,ar1,mlp_s7,obs_noise,0.09,1.9943508444816602,1.730059426560606,2.2612913952006735,141.0049568680954,70.70218224554324,72
mbr,ar1,mlp_s7,obs_noise,0.12,1.9239591030646865,1.6818455656890838,2.171227227959431,144.33702834119305,75.02084015781712,72
mbr,ar1,mlp_s7,obs_noise,0.16,1.8322938778520472,1.6174405262465743,2.0551420104720424,149.3593805654541,81.51497004429464,72
mbr,ar1,mlp_s7,obs_noise,0.2,1.7480810035020116,1.5537242658029085,1.9553236687037767,154.88049135588983,88.60029429163212,72
mbr,ar1,mlp_s7,obs_noise,0.25,1.6553813682645468,1.4804006243096721,1.8411675529421905,162.31274440558622,98.05157138850133,72
mbr,ar1,mlp_s7,obs_noise,0.3,1.5761144862117635,1.4186297078218972,1.748724049579535,170.20719161519713,107.99164217080131,72
mbr,ar1,mlp_s7,obs_noise,0.4,1.4511131830620068,1.320460261672451,1.601117365975781,187.0478610101994,128.89956703136556,72
mbr,ar1,mlp_s7,obs_noise,0.5,1.3591587773129903,1.247380422161626,1.4890295538464724,204.94445176497766,150.78771898169668,72
mbr,ar1,mlp_s7,obs_noise,0.6,1.2899850734259344,1.1934369171003862,1.4053652115800046,223.62969241063854,173.3583566333246,72
mbr,ar1,mlp_s7,obs_noise,0.8,1.1948922929138353,1.1207485777731534,1.2857798730001637,262.72081657098045,219.86987289901742,72
mbr,ar1,mlp_s7,obs_noise,1.0,1.1342469043953882,1.0755020545300253,1.2090964962810888,303.4547816960927,267.5385584215896,72
mbr,ar1,ridge,obs_noise,0.0,1.4864098439884716,1.2149803339345884,1.7915676909761782,135.17367332657673,90.93970540713475,72
mbr,ar1,ridge,obs_noise,0.005,1.4872905954372768,1.2152936753414163,1.792109491235036,135.20020468195344,90.90369097789082,72
mbr,ar1,ridge,obs_noise,0.01,1.4878847258220433,1.2156484544154764,1.7926631393798034,135.28177818814822,90.92221718547869,72
mbr,ar1,ridge,obs_noise,0.015,1.488151613500753,1.216839050920238,1.7927777725981335,135.41413169636587,90.99484922629313,72
mbr,ar1,ridge,obs_noise,0.02,1.4880490736053766,1.218954767820134,1.7932436997769654,135.5920245737957,91.12066730788077,72
mbr,ar1,ridge,obs_noise,0.03,1.486615599702568,1.2199607083633723,1.790180350230987,136.06504720301405,91.52671829236624,72
mbr,ar1,ridge,obs_noise,0.04,1.4834438369318932,1.2189008311423122,1.7845580125426805,136.6682125021698,92.12901027977672,72
mbr,ar1,ridge,obs_noise,0.05,1.4785101028985561,1.2172751804827122,1.7749915773548064,137.3777704974257,92.91635561238468,72
mbr,ar1,ridge,obs_noise,0.07,1.4636093265398002,1.2111501954116466,1.7553901030103458,139.05350759735802,95.00725711150127,72
mbr,ar1,ridge,obs_noise,0.09,1.4428330691117182,1.1960660843265791,1.7276486601869985,141.0049568680954,97.7278382972642,72
mbr,ar1,ridge,obs_noise,0.12,1.403617560965488,1.1704869768203925,1.6733108061977293,144.33702834119305,102.83216194723998,72
mbr,ar1,ridge,obs_noise,0.16,1.3434482445170708,1.1291281626901641,1.59274560504741,149.3593805654541,111.17613289162793,72
mbr,ar1,ridge,obs_noise,0.2,1.2816303620931824,1.0862508863023017,1.5092225591208865,154.88049135588983,120.84645927312158,72
mbr,ar1,ridge,obs_noise,0.25,1.2088070705433744,1.0372776685414817,1.4152797964862693,162.31274440558622,134.2751447777556,72
mbr,ar1,ridge,obs_noise,0.3,1.1441363254139847,0.9900929659931046,1.329841628540809,170.20719161519713,148.7647825127926,72
mbr,ar1,ridge,obs_noise,0.4,1.0401043724071706,0.9133344956782014,1.1946518583321086,187.0478610101994,179.83566454711107,72
mbr,ar1,ridge,obs_noise,0.5,0.963489467136314,0.8565490845142048,1.0979102639802305,204.94445176497766,212.71063022008337,72
mbr,ar1,ridge,obs_noise,0.6,0.9063115918247309,0.8146652054618371,1.0231328201364644,223.62969241063854,246.74702875684468,72
mbr,ar1,ridge,obs_noise,0.8,0.8287893745845271,0.7547104092651381,0.9202709732885336,262.72081657098045,316.99346616585507,72
mbr,ar1,ridge,obs_noise,1.0,0.7801154974251199,0.7165848498306526,0.8552234912433403,303.4547816960927,388.9869932050928,72
mbr,persistence,gru_s123,process,0.0,2.6552166673919153,2.160226134122246,3.2123882337468013,142.57373747379214,53.69570748206966,72
mbr,persistence,gru_s123,process,10.0,2.6307270660318434,2.1358311019409886,3.1894489549442295,141.68109650516124,53.856250743210424,72
mbr,persistence,gru_s123,process,25.0,2.572165959515012,2.0940769903043965,3.117869501045898,140.97475044767094,54.807797267580696,72
mbr,persistence,gru_s123,process,50.0,2.4432415220834223,2.0048864115791516,2.9617737399597934,141.59815487486856,57.95503784420123,72
mbr,persistence,gru_s123,process,75.0,2.2995457822284844,1.9068168361535012,2.755586490347024,143.77169936542728,62.521781682510564,72
mbr,persistence,gru_s123,process,100.0,2.162707715342099,1.812977981584696,2.5748699342926082,147.17122163237752,68.04951986269576,72
mbr,persistence,gru_s42,process,0.0,3.7809824995548915,3.3257151536896026,4.2184731838038285,142.57373747379214,37.70811885285804,72
mbr,persistence,gru_s42,process,10.0,3.733518530121805,3.284963173526408,4.164724146617521,141.68109650516124,37.94841122712707,72
mbr,persistence,gru_s42,process,25.0,3.5924187000151475,3.1591713911279222,4.007298091596442,140.97475044767094,39.2422939027337,72
mbr,persistence,gru_s42,process,50.0,3.2659772821331017,2.86803464430214,3.6552559571302736,141.59815487486856,43.35552352109039,72
mbr,persistence,gru_s42,process,75.0,2.9342023264320045,2.569335170328711,3.3096844877811447,143.77169936542728,48.998563619930714,72
mbr,persistence,gru_s42,process,100.0,2.6518898066284704,2.3241808547496903,2.998703852484085,147.17122163237752,55.49673341046037,72
mbr,persistence,gru_s7,process,0.0,3.7180705434566206,3.1537478012495477,4.357110442822515,142.57373747379214,38.34616256130633,72
mbr,persistence,gru_s7,process,10.0,3.6775955884786335,3.113308796691874,4.322702576561191,141.68109650516124,38.52546945320124,72
mbr,persistence,gru_s7,process,25.0,3.544197224863051,2.999851212808961,4.16866833103216,140.97475044767094,39.776214895354265,72
mbr,persistence,gru_s7,process,50.0,3.2291999168475485,2.744640895219839,3.804965799641617,141.59815487486856,43.84929967826252,72
mbr,persistence,gru_s7,process,75.0,2.907409153771031,2.480224618262227,3.4350602773393053,143.77169936542728,49.45010893253514,72
mbr,persistence,gru_s7,process,100.0,2.633451486443247,2.254356570531645,3.1052192024967202,147.17122163237752,55.885298206555426,72
mbr,persistence,mlp_s123,process,0.0,1.0129452310145741,1.0074371038208616,1.0198700732673938,142.57373747379214,140.75167453129635,72
mbr,persistence,mlp_s123,process,10.0,1.003196436356344,0.9985699327555587,1.0075038835036367,141.68109650516124,141.22966486977722,72
mbr,persistence,mlp_s123,process,25.0,0.9902007286103107,0.9832142970968322,0.9960427253514765,140.97475044767094,142.36987145578132,72
mbr,persistence,mlp_s123,process,50.0,0.9745550517103811,0.9630686520616666,0.9831766199435487,141.59815487486856,145.29518330068518,72
mbr,persistence,mlp_s123,process,75.0,0.9637817590113534,0.9490319480296597,0.9747430038157179,143.77169936542728,149.1745387595924,72
mbr,persistence,mlp_s123,process,100.0,0.9578827339557869,0.9431118974256172,0.9693550726828013,147.17122163237752,153.6422115310521,72
mbr,persistence,mlp_s42,process,0.0,1.6067362245256167,1.277677659136347,2.0102198504060946,142.57373747379214,88.734999122763,72
mbr,persistence,mlp_s42,process,10.0,1.5884505801096807,1.2641546876836778,1.9871859274403727,141.68109650516124,89.19452596087586,72
mbr,persistence,mlp_s42,process,25.0,1.5595414498036775,1.2446047471343695,1.943514679402199,140.97475044767094,90.39500070063384,72
mbr,persistence,mlp_s42,process,50.0,1.513686523616556,1.2159183845376225,1.8737798155402523,141.59815487486856,93.54523057822897,72
mbr,persistence,mlp_s42,process,75.0,1.4707148241096686,1.190983582555487,1.7994418010321729,143.77169936542728,97.756340664114,72
mbr,persistence,mlp_s42,process,100.0,1.4332310987377324,1.1719477838158063,1.7398669844401338,147.17122163237752,102.68492063980008,72
mbr,persistence,mlp_s7,process,0.0,2.24559973045902,1.8917360938679044,2.6022352524251926,142.57373747379214,63.49027190373275,72
mbr,persistence,mlp_s7,process,10.0,2.2219546715060536,1.8687986000810815,2.5751421750674015,141.68109650516124,63.76417049458933,72
mbr,persistence,mlp_s7,process,25.0,2.1745787800245773,1.8304929539287567,2.519152723976115,140.97475044767094,64.82853219329108,72
mbr,persistence,mlp_s7,process,50.0,2.080690519149869,1.7641656340697864,2.3962002037705794,141.59815487486856,68.05344359079547,72
mbr,persistence,mlp_s7,process,75.0,1.980288714422414,1.6941569248084607,2.269001861010339,143.77169936542728,72.60138297933028,72
mbr,persistence,mlp_s7,process,100.0,1.8867440100656772,1.6257358449660313,2.168884319499278,147.17122163237752,78.00275015965443,72
mbr,persistence,ridge,process,0.0,1.5677831463769663,1.2759373535314589,1.8966904052918325,142.57373747379214,90.93970540713475,72
mbr,persistence,ridge,process,10.0,1.554214157877117,1.263379961229304,1.8823157397810655,141.68109650516124,91.1593140411755,72
mbr,persistence,ridge,process,25.0,1.5345280458187656,1.2446913324961284,1.8598384325256716,140.97475044767094,91.8684743702108,72
mbr,persistence,ridge,process,50.0,1.506696209909486,1.22493721277526,1.8224654795246598,141.59815487486856,93.97923346696079,72
mbr,persistence,ridge,process,75.0,1.4808069964062236,1.2158613497408153,1.7861284014758343,143.77169936542728,97.09010000246312,72
mbr,persistence,ridge,process,100.0,1.456810493093111,1.2069074427164455,1.7475204749061817,147.17122163237752,101.0229005969764,72
mbr,history_mean,gru_s123,process,0.0,2.586734483820666,2.2264765419181196,3.014334311354093,138.89653817701694,53.69570748206966,72
mbr,history_mean,gru_s123,process,10.0,2.561868409521603,2.201382269404819,2.9930509702705317,137.97262743430514,53.856250743210424,72
mbr,history_mean,gru_s123,process,25.0,2.5021515255626827,2.1513041006057327,2.9263669524823857,137.13741354580728,54.807797267580696,72
mbr,history_mean,gru_s123,process,50.0,2.369184256095866,2.0471906235397475,2.7697530476599574,137.30616322192165,57.95503784420123,72
mbr,history_mean,gru_s123,process,75.0,2.225752493907442,1.9352363200107223,2.5852820274545434,139.1580115033845,62.521781682510564,72
mbr,history_mean,gru_s123,process,100.0,2.0884454164144266,1.8331324404751177,2.4115320848830066,142.11770784644943,68.04951986269576,72
mbr,history_mean,gru_s42,process,0.0,3.68346505745909,3.3765325981105554,3.9784224233132757,138.89653817701694,37.70811885285804,72
mbr,history_mean,gru_s42,process,10.0,3.6357945688033624,3.3363098605726087,3.9309751917327223,137.97262743430514,37.94841122712707,72
mbr,history_mean,gru_s42,process,25.0,3.49463295610897,3.1997989350824145,3.7889204253325866,137.13741354580728,39.2422939027337,72
mbr,history_mean,gru_s42,process,50.0,3.1669820145322145,2.8931420573913766,3.4635875519519272,137.30616322192165,43.35552352109039,72
mbr,history_mean,gru_s42,process,75.0,2.8400426711035345,2.564450041011297,3.135403685337036,139.1580115033845,48.998563619930714,72
mbr,history_mean,gru_s42,process,100.0,2.560830144638066,2.3012070225728967,2.8535014906800393,142.11770784644943,55.49673341046037,72
mbr,history_mean,gru_s7,process,0.0,3.6221756989360965,3.190313315541669,4.191225447536822,138.89653817701694,38.34616256130633,72
mbr,history_mean,gru_s7,process,10.0,3.5813353968835395,3.146545700541124,4.147564971126094,137.97262743430514,38.52546945320124,72
mbr,history_mean,gru_s7,process,25.0,3.447724070945335,3.029753745881216,3.9905539031200705,137.13741354580728,39.776214895354265,72
mbr,history_mean,gru_s7,process,50.0,3.1313194105580813,2.758448542428996,3.644503974236932,137.30616322192165,43.84929967826252,72
mbr,history_mean,gru_s7,process,75.0,2.814109301422126,2.476442795139573,3.2776179129840957,139.1580115033845,49.45010893253514,72
mbr,history_mean,gru_s7,process,100.0,2.5430249530238496,2.2384920332676335,2.9551159000455804,142.11770784644943,55.885298206555426,72
mbr,history_mean,mlp_s123,process,0.0,0.9868197919459429,0.9106056868194395,1.0618401441256926,138.89653817701694,140.75167453129635,72
mbr,history_mean,mlp_s123,process,10.0,0.9769380077586725,0.9010896972719643,1.0509099004604179,137.97262743430514,141.22966486977722,72
mbr,history_mean,mlp_s123,process,25.0,0.9632474353142955,0.8884814264935798,1.0343395905460333,137.13741354580728,142.36987145578132,72
mbr,history_mean,mlp_s123,process,50.0,0.945015244846552,0.8708116025749412,1.0140374098480984,137.30616322192165,145.29518330068518,72
mbr,history_mean,mlp_s123,process,75.0,0.9328536401754833,0.8595961677231729,1.001252039317652,139.1580115033845,149.1745387595924,72
mbr,history_mean,mlp_s123,process,100.0,0.9249912926287611,0.8535546604987637,0.9916163632631986,142.11770784644943,153.6422115310521,72
mbr,history_mean,mlp_s42,process,0.0,1.565295988619513,1.3213377862953632,1.8430844298424403,138.89653817701694,88.734999122763,72
mbr,history_mean,mlp_s42,process,10.0,1.546873263218252,1.3062830031433432,1.8203958747843347,137.97262743430514,89.19452596087586,72
mbr,history_mean,mlp_s42,process,25.0,1.5170906851361492,1.2850393228715684,1.777677375917739,137.13741354580728,90.39500070063384,72
mbr,history_mean,mlp_s42,process,50.0,1.4678050647071395,1.2496394605197958,1.706660536147456,137.30616322192165,93.54523057822897,72
mbr,history_mean,mlp_s42,process,75.0,1.423519032709342,1.2215568723953074,1.638160051629169,139.1580115033845,97.756340664114,72
mbr,history_mean,mlp_s42,process,100.0,1.3840173119962993,1.1969341105973774,1.5807977412435625,142.11770784644943,102.68492063980008,72
mbr,history_mean,mlp_s7,process,0.0,2.1876822072461604,1.904650462589284,2.501035567312262,138.89653817701694,63.49027190373275,72
mbr,history_mean,mlp_s7,process,10.0,2.163795535394171,1.8825004447982303,2.4791619456839635,137.97262743430514,63.76417049458933,72
mbr,history_mean,mlp_s7,process,25.0,2.115386680928112,1.8440642734250283,2.424375911058458,137.13741354580728,64.82853219329108,72
mbr,history_mean,mlp_s7,process,50.0,2.0176225621666104,1.768560224006541,2.3006051636167055,137.30616322192165,68.05344359079547,72
mbr,history_mean,mlp_s7,process,75.0,1.9167405053840776,1.694196391498149,2.1711372383853864,139.1580115033845,72.60138297933028,72
mbr,history_mean,mlp_s7,process,100.0,1.821957656051432,1.6229261694197425,2.0521765347646403,142.11770784644943,78.00275015965443,72
mbr,history_mean,ridge,process,0.0,1.5273475711756561,1.2920941331337976,1.8092408309096695,138.89653817701694,90.93970540713475,72
mbr,history_mean,ridge,process,10.0,1.5135329712110894,1.2817082229870342,1.7947958640527075,137.97262743430514,91.1593140411755,72
mbr,history_mean,ridge,process,25.0,1.492758146751976,1.2639335541189831,1.7740072880203355,137.13741354580728,91.8684743702108,72
mbr,history_mean,ridge,process,50.0,1.4610266348915562,1.241143771496056,1.73661944073951,137.30616322192165,93.97923346696079,72
mbr,history_mean,ridge,process,75.0,1.4332873434042621,1.2261322054659274,1.6965913709038054,139.1580115033845,97.09010000246312,72
mbr,history_mean,ridge,process,100.0,1.4067870453791247,1.2105149256189935,1.6523864711452996,142.11770784644943,101.0229005969764,72
mbr,drift,gru_s123,process,0.0,6.832233846892663,5.502660932504068,8.262094800919568,366.86163009184395,53.69570748206966,72
mbr,drift,gru_s123,process,10.0,6.818166230724004,5.495091135882974,8.242018921311992,367.20087013076187,53.856250743210424,72
mbr,drift,gru_s123,process,25.0,6.715736933559349,5.423706914263204,8.105906425406815,368.07474835692483,54.807797267580696,72
mbr,drift,gru_s123,process,50.0,6.389782982060344,5.148319637955759,7.692233758216035,370.3201145415402,57.95503784420123,72
mbr,drift,gru_s123,process,75.0,5.970549901724285,4.790523104098327,7.13555791265991,373.2894174801406,62.521781682510564,72
mbr,drift,gru_s123,process,100.0,5.536754941117903,4.429574545891832,6.601781960170633,376.77351534048165,68.04951986269576,72
mbr,drift,gru_s42,process,0.0,9.728982544140838,7.741878864472102,11.509836091878668,366.86163009184395,37.70811885285804,72
mbr,drift,gru_s42,process,10.0,9.67631735444755,7.716577950936312,11.430908677910198,367.20087013076187,37.94841122712707,72
mbr,drift,gru_s42,process,25.0,9.379542115179051,7.5012605910589345,11.063957611131256,368.07474835692483,39.2422939027337,72
mbr,drift,gru_s42,process,50.0,8.541474867934582,6.810610002908337,10.060079284090913,370.3201145415402,43.35552352109039,72
mbr,drift,gru_s42,process,75.0,7.61837470125963,6.039603766803502,8.99637137281327,373.2894174801406,48.998563619930714,72
mbr,drift,gru_s42,process,100.0,6.7891115780422675,5.34710205947817,8.026097106142748,376.77351534048165,55.49673341046037,72
mbr,drift,gru_s7,process,0.0,9.567101519097774,7.860239801460922,11.02978035793332,366.86163009184395,38.34616256130633,72
mbr,drift,gru_s7,process,10.0,9.53137950925734,7.8364874057157525,10.980697577510613,367.20087013076187,38.52546945320124,72
mbr,drift,gru_s7,process,25.0,9.25363937532213,7.596418190413579,10.670158809501133,368.07474835692483,39.776214895354265,72
mbr,drift,gru_s7,process,50.0,8.445291424463036,6.878725413431163,9.779145494727487,370.3201145415402,43.84929967826252,72
mbr,drift,gru_s7,process,75.0,7.548808800187275,6.1066319876017845,8.808794492387731,373.2894174801406,49.45010893253514,72
mbr,drift,gru_s7,process,100.0,6.741907575547044,5.405927046994472,7.912639195194364,376.77351534048165,55.885298206555426,72
mbr,drift,mlp_s123,process,0.0,2.606445936174434,2.089296032247108,3.1329037142181804,366.86163009184395,140.75167453129635,72
mbr,drift,mlp_s123,process,10.0,2.6000264920924687,2.085931040974742,3.1244196026836555,367.20087013076187,141.22966486977722,72
mbr,drift,mlp_s123,process,25.0,2.585341579599903,2.0763556979315836,3.106472767714174,368.07474835692483,142.36987145578132,72
mbr,drift,mlp_s123,process,50.0,2.5487432282952622,2.0493876777382214,3.051131142132804,370.3201145415402,145.29518330068518,72
mbr,drift,mlp_s123,process,75.0,2.50236682871015,2.014946699089036,2.99180173628823,373.2894174801406,149.1745387595924,72
mbr,drift,mlp_s123,process,100.0,2.4522786517189203,1.9744018398520482,2.922446941598559,376.77351534048165,153.6422115310521,72
mbr,drift,mlp_s42,process,0.0,4.13435097445934,3.314682438486904,5.2500752687785095,366.86163009184395,88.734999122763,72
mbr,drift,mlp_s42,process,10.0,4.116854326820799,3.301601822984024,5.2234200760216405,367.20087013076187,89.19452596087586,72
mbr,drift,mlp_s42,process,25.0,4.0718485038337295,3.268870236703699,5.1591001339980735,368.07474835692483,90.39500070063384,72
mbr,drift,mlp_s42,process,50.0,3.9587279036300305,3.193126024745369,4.997548404840355,370.3201145415402,93.54523057822897,72
mbr,drift,mlp_s42,process,75.0,3.8185698742830887,3.07816462135186,4.78536270248435,373.2894174801406,97.756340664114,72
mbr,drift,mlp_s42,process,100.0,3.6692195211615757,2.96840969954065,4.564224927636204,376.77351534048165,102.68492063980008,72
mbr,drift,mlp_s7,process,0.0,5.778233721350235,4.961769854500694,6.599022799660846,366.86163009184395,63.49027190373275,72
mbr,drift,mlp_s7,process,10.0,5.758733584747573,4.951746460390273,6.573864008282107,367.20087013076187,63.76417049458933,72
mbr,drift,mlp_s7,process,25.0,5.677665927395712,4.881809708231721,6.466265157273183,368.07474835692483,64.82853219329108,72
mbr,drift,mlp_s7,process,50.0,5.441607286888678,4.655050892015818,6.20391218868115,370.3201145415402,68.05344359079547,72
mbr,drift,mlp_s7,process,75.0,5.141629569045767,4.354888730724796,5.859025800839614,373.2894174801406,72.60138297933028,72
mbr,drift,mlp_s7,process,100.0,4.830259376359287,4.060896345121413,5.528356230307322,376.77351534048165,78.00275015965443,72
mbr,drift,ridge,process,0.0,4.034119403063972,3.190815553879339,4.8575546728840955,366.86163009184395,90.93970540713475,72
mbr,drift,ridge,process,10.0,4.028122348144282,3.1867824883869784,4.850837371019422,367.20087013076187,91.1593140411755,72
mbr,drift,ridge,process,25.0,4.006540338023469,3.1712659886894747,4.827124495832519,368.07474835692483,91.8684743702108,72
mbr,drift,ridge,process,50.0,3.9404462122127164,3.120659256192267,4.74322991933203,370.3201145415402,93.97923346696079,72
mbr,drift,ridge,process,75.0,3.8447732309542424,3.0530534533915876,4.6185421963179225,373.2894174801406,97.09010000246312,72
mbr,drift,ridge,process,100.0,3.7295852040874626,2.9678773317553016,4.47444412133016,376.77351534048165,101.0229005969764,72
mbr,ar1,gru_s123,process,0.0,2.5174018495186905,2.070935878311991,3.028431051706469,135.17367332657673,53.69570748206966,72
mbr,ar1,gru_s123,process,10.0,2.517447572801955,2.0703587511325674,3.0262550499460406,135.58028771370857,53.856250743210424,72
mbr,ar1,gru_s123,process,25.0,2.4965360604872604,2.0595188591354994,2.9948580715824447,136.82964227439035,54.807797267580696,72
mbr,ar1,gru_s123,process,50.0,2.4150127980058187,2.007084959501416,2.8774942292090793,139.96215810265753,57.95503784420123,72
mbr,ar1,gru_s123,process,75.0,2.302337093560821,1.9311945635499386,2.726821198530628,143.94621712315555,62.521781682510564,72
mbr,ar1,gru_s123,process,100.0,2.182639969492539,1.8493405965873235,2.5642770518715907,148.5276019570962,68.04951986269576,72
mbr,ar1,gru_s42,process,0.0,3.5847365882674205,3.1844156252111615,3.9758237130336735,135.17367332657673,37.70811885285804,72
mbr,ar1,gru_s42,process,10.0,3.572752674736229,3.1823243511327743,3.9538495022939357,135.58028771370857,37.94841122712707,72
mbr,ar1,gru_s42,process,25.0,3.4867901100159315,3.1102802839836197,3.8481273511659397,136.82964227439035,39.2422939027337,72
mbr,ar1,gru_s42,process,50.0,3.2282428335705053,2.882995051109154,3.5743970029499597,139.96215810265753,43.35552352109039,72
mbr,ar1,gru_s42,process,75.0,2.9377640177314057,2.622674837288965,3.258820495777824,143.94621712315555,48.998563619930714,72
mbr,ar1,gru_s42,process,100.0,2.6763305302776756,2.391791314688884,2.9828254966774628,148.5276019570962,55.49673341046037,72
mbr,ar1,gru_s7,process,0.0,3.525089977659861,3.0116410212915867,4.136551471764895,135.17367332657673,38.34616256130633,72
mbr,ar1,gru_s7,process,10.0,3.519237783160684,3.0088553977214456,4.124802208038117,135.58028771370857,38.52546945320124,72
mbr,ar1,gru_s7,process,25.0,3.4399865003336862,2.9479647408052725,4.023474893064336,136.82964227439035,39.776214895354265,72
mbr,ar1,gru_s7,process,50.0,3.191890386610694,2.7559539605456473,3.7127367841971943,139.96215810265753,43.84929967826252,72
mbr,ar1,gru_s7,process,75.0,2.9109383220882608,2.529819426844286,3.3826591833251447,143.94621712315555,49.45010893253514,72
mbr,ar1,gru_s7,process,100.0,2.6577222762260164,2.3267941550232902,3.0834834679174894,148.5276019570962,55.885298206555426,72
mbr,ar1,mlp_s123,process,0.0,0.9603699123062345,0.947686894244871,0.9722331448039538,135.17367332657673,140.75167453129635,72
mbr,ar1,mlp_s123,process,10.0,0.9599986506993574,0.9478832179811739,0.9708387986087447,135.58028771370857,141.22966486977722,72
mbr,ar1,mlp_s123,process,25.0,0.961085662825005,0.9494128262132004,0.9721719594715382,136.82964227439035,142.36987145578132,72
mbr,ar1,mlp_s123,process,50.0,0.963295237482229,0.951519892168161,0.9748493382001899,139.96215810265753,145.29518330068518,72
mbr,ar1,mlp_s123,process,75.0,0.964951648720277,0.9535920658381094,0.9761056003543855,143.94621712315555,149.1745387595924,72
mbr,ar1,mlp_s123,process,100.0,0.9667109089163156,0.9555835509453741,0.977444592306425,148.5276019570962,153.6422115310521,72
mbr,ar1,mlp_s42,process,0.0,1.5233411242791224,1.2293164143790458,1.8863117793710693,135.17367332657673,88.734999122763,72
mbr,ar1,mlp_s42,process,10.0,1.520051665201733,1.226619873622241,1.8813822645989364,135.58028771370857,89.19452596087586,72
mbr,ar1,mlp_s42,process,25.0,1.5136859473848194,1.2229034890709758,1.866633977003353,136.82964227439035,90.39500070063384,72
mbr,ar1,mlp_s42,process,50.0,1.4961976921486289,1.2152740724989153,1.8319473688570223,139.96215810265753,93.54523057822897,72
mbr,ar1,mlp_s42,process,75.0,1.4725000562137212,1.2047066429748725,1.7834059071914838,143.94621712315555,97.756340664114,72
mbr,ar1,mlp_s42,process,100.0,1.4464402468411488,1.1928917709243894,1.7360388547523746,148.5276019570962,102.68492063980008,72
mbr,ar1,mlp_s7,process,0.0,2.1290454312675506,1.816089395717539,2.4599027694234565,135.17367332657673,63.49027190373275,72
mbr,ar1,mlp_s7,process,10.0,2.1262769775263233,1.8140509760206573,2.455379833667952,135.58028771370857,63.76417049458933,72
mbr,ar1,mlp_s7,process,25.0,2.110639214635041,1.7990457009484162,2.4330835939859954,136.82964227439035,64.82853219329108,72
mbr,ar1,mlp_s7,process,50.0,2.056650636876633,1.7619421297819542,2.3516843784101504,139.96215810265753,68.05344359079547,72
mbr,ar1,mlp_s7,process,75.0,1.9826924944961068,1.7114859907757296,2.2445453206491406,143.94621712315555,72.60138297933028,72
mbr,ar1,mlp_s7,process,100.0,1.904132888303207,1.6568224653824324,2.1460470291671774,148.5276019570962,78.00275015965443,72
mbr,ar1,ridge,process,0.0,1.4864098439884716,1.2149803339345884,1.7915676909761782,135.17367332657673,90.93970540713475,72
mbr,ar1,ridge,process,10.0,1.4872894683308902,1.2177588003112365,1.7914764781267607,135.58028771370857,91.1593140411755,72
mbr,ar1,ridge,process,25.0,1.4894080174118862,1.2246492154432953,1.7900776724276675,136.82964227439035,91.8684743702108,72
mbr,ar1,ridge,process,50.0,1.489288143128582,1.2347675714696382,1.7819584385805605,139.96215810265753,93.97923346696079,72
mbr,ar1,ridge,process,75.0,1.482604478927344,1.2336873899463716,1.7645943977357472,143.94621712315555,97.09010000246312,72
mbr,ar1,ridge,process,100.0,1.470236956961238,1.232123787162795,1.7381919232319276,148.5276019570962,101.0229005969764,72
tep,persistence,gru_s123,actuation_idv14,0.0,2.031191908659167,1.9416744125865215,2.124826331427249,1.3090827527410798,0.6444899406896678,80
tep,persistence,gru_s123,actuation_idv14,0.5,1.4727553145876777,1.4341813372002488,1.5120170523986372,1.9165389243209225,1.3013288122864384,80
tep,persistence,gru_s123,actuation_idv14,1.0,1.2382663136336571,1.21534967519482,1.2605132500822682,3.348255470236334,2.7039865603797084,80
tep,persistence,gru_s123,actuation_idv14,2.0,1.118872780582782,1.1072319749283526,1.129770283866971,6.254768086371196,5.590240637647208,80
tep,persistence,gru_s123,actuation_idv14,3.0,1.0804474194506972,1.073034406154815,1.0876871920244953,9.027568267782787,8.355398055716982,80
tep,persistence,gru_s123,actuation_idv14,5.0,1.0564875888839234,1.0520720263414958,1.060713458552612,12.536964523048015,11.866646286202094,80
tep,persistence,gru_s123,actuation_idv14,8.0,1.036732864334764,1.031196034293602,1.0420447655377256,15.53778188935426,14.98725701082537,80
tep,persistence,gru_s2024,actuation_idv14,0.0,2.0337231637367323,1.9426394958440756,2.1293127637325937,1.3090827527410798,0.6436877821344134,80
tep,persistence,gru_s2024,actuation_idv14,0.5,1.4757334330912961,1.4361165083684657,1.5155689877597214,1.9165389243209225,1.2987026527590746,80
tep,persistence,gru_s2024,actuation_idv14,1.0,1.2452347578528566,1.2213193380013563,1.2683095567059692,3.348255470236334,2.6888548116097324,80
tep,persistence,gru_s2024,actuation_idv14,2.0,1.1239117911600198,1.1122348334988483,1.1350476996633767,6.254768086371196,5.565177032189937,80
tep,persistence,gru_s2024,actuation_idv14,3.0,1.083391609160273,1.0756948567521845,1.0904805631759216,9.027568267782787,8.332691698415472,80
tep,persistence,gru_s2024,actuation_idv14,5.0,1.0598459857627864,1.055529484997063,1.0641469088148945,12.536964523048015,11.829043739808082,80
tep,persistence,gru_s2024,actuation_idv14,8.0,1.0375598310253862,1.0321299157328567,1.0426719278410022,15.53778188935426,14.975311711902709,80
tep,persistence,gru_s31337,actuation_idv14,0.0,2.0332699410439474,1.9409053373463996,2.130162298395264,1.3090827527410798,0.643831262301037,80
tep,persistence,gru_s31337,actuation_idv14,0.5,1.4707306203017256,1.4321592434772044,1.5097039712957427,1.9165389243209225,1.3031202980786092,80
tep,persistence,gru_s31337,actuation_idv14,1.0,1.2351535566443446,1.212346082887197,1.256936313488579,3.348255470236334,2.7108009787324323,80
tep,persistence,gru_s31337,actuation_idv14,2.0,1.1163572770746846,1.1052050446062405,1.1270392497503445,6.254768086371196,5.6028372052729045,80
tep,persistence,gru_s31337,actuation_idv14,3.0,1.0772465085682077,1.070317170997123,1.083883064086517,9.027568267782787,8.380225135082153,80
tep,persistence,gru_s31337,actuation_idv14,5.0,1.053757254350399,1.0498197305316808,1.057667822722897,12.536964523048015,11.897393324021834,80
tep,persistence,gru_s31337,actuation_idv14,8.0,1.0351487259901093,1.030288586121484,1.0395485991670057,15.53778188935426,15.010192737756142,80
tep,persistence,gru_s42,actuation_idv14,0.0,2.036663254116132,1.9453067925119645,2.132234894574256,1.3090827527410798,0.642758566049346,80
tep,persistence,gru_s42,actuation_idv14,0.5,1.472092211170615,1.4332274114955041,1.511497410142704,1.9165389243209225,1.3019149953907312,80
tep,persistence,gru_s42,actuation_idv14,1.0,1.23847877156928,1.2161101019702563,1.2602023463317382,3.348255470236334,2.703522698248392,80
tep,persistence,gru_s42,actuation_idv14,2.0,1.1161003759266697,1.1048926418476015,1.1266584132274937,6.254768086371196,5.604126852101471,80
tep,persistence,gru_s42,actuation_idv14,3.0,1.0761917153611384,1.0689430099449122,1.0832661889061306,9.027568267782787,8.388438731618928,80
tep,persistence,gru_s42,actuation_idv14,5.0,1.0504763583938646,1.0456724424058037,1.0552031063480112,12.536964523048015,11.934551808682798,80
tep,persistence,gru_s42,actuation_idv14,8.0,1.0304176204173296,1.0250910752707283,1.0358833469782294,15.53778188935426,15.079111208386848,80
tep,persistence,gru_s7,actuation_idv14,0.0,2.0420252135074644,1.947383551081116,2.1381656822063917,1.3090827527410798,0.641070807589367,80
tep,persistence,gru_s7,actuation_idv14,0.5,1.4758993182281472,1.4371584522494658,1.5163221169763372,1.9165389243209225,1.2985566838134825,80
tep,persistence,gru_s7,actuation_idv14,1.0,1.2407987481559515,1.217118100893966,1.2634298259406613,3.348255470236334,2.698467801657956,80
tep,persistence,gru_s7,actuation_idv14,2.0,1.1181372736656503,1.1069017180451126,1.1289872942808759,6.254768086371196,5.593917879032732,80
tep,persistence,gru_s7,actuation_idv14,3.0,1.0742242004676197,1.067075821501728,1.08135740797956,9.027568267782787,8.403802729312003,80
tep,persistence,gru_s7,actuation_idv14,5.0,1.044751798383402,1.0403271776153664,1.0492399107367103,12.536964523048015,11.999945386499551,80
tep,persistence,gru_s7,actuation_idv14,8.0,1.0274890045987748,1.0230197512335328,1.031966588745717,15.53778188935426,15.122090669400034,80
tep,persistence,mlp_s123,actuation_idv14,0.0,1.980023781422337,1.8879808938691585,2.0778344677474756,1.3090827527410798,0.6611449645320466,80
tep,persistence,mlp_s123,actuation_idv14,0.5,1.4679560900834872,1.4253690350604427,1.5127003719363477,1.9165389243209225,1.3055832781836976,80
tep,persistence,mlp_s123,actuation_idv14,1.0,1.2811000603201288,1.2455319849898292,1.3174173089155141,3.348255470236334,2.613578419003159,80
tep,persistence,mlp_s123,actuation_idv14,2.0,1.2058947952224919,1.1708073637147556,1.2409852822569076,6.254768086371196,5.186827334483327,80
tep,persistence,mlp_s123,actuation_idv14,3.0,1.1863153886167486,1.159064028290666,1.2142689296099711,9.027568267782787,7.609753994938049,80
tep,persistence,mlp_s123,actuation_idv14,5.0,1.2240026607999124,1.1846023313093095,1.2649243714380458,12.536964523048015,10.24259580845587,80
tep,persistence,mlp_s123,actuation_idv14,8.0,1.1783427496789651,1.1323946278325778,1.2235278149940998,15.53778188935426,13.186131024769718,80
tep,persistence,mlp_s2024,actuation_idv14,0.0,1.9552907895415652,1.8698677433785695,2.0507465590609346,1.3090827527410798,0.6695079625716467,80
tep,persistence,mlp_s2024,actuation_idv14,0.5,1.4608239770404707,1.4187760132484573,1.5040588621230473,1.9165389243209225,1.3119574667741278,80
tep,persistence,mlp_s2024,actuation_idv14,1.0,1.2741325853701329,1.2389782918294256,1.309674379753483,3.348255470236334,2.6278705282964507,80
tep,persistence,mlp_s2024,actuation_idv14,2.0,1.2036259948042902,1.1695231907328116,1.237410493533705,6.254768086371196,5.196604354983395,80
tep,persistence,mlp_s2024,actuation_idv14,3.0,1.1839576390944049,1.1573990181496827,1.2117400200693509,9.027568267782787,7.624908163680473,80
tep,persistence,mlp_s2024,actuation_idv14,5.0,1.2205650339495808,1.183396018084877,1.2592438719118375,12.536964523048015,10.271443285967418,80
tep,persistence,mlp_s2024,actuation_idv14,8.0,1.1826188175626828,1.138521254589406,1.226552954893202,15.53778188935426,13.138453116598328,80
tep,persistence,mlp_s31337,actuation_idv14,0.0,2.0012521763978772,1.9097377995731617,2.0957564428868434,1.3090827527410798,0.6541318321498807,80
tep,persistence,mlp_s31337,actuation_idv14,0.5,1.4720074964365837,1.4297374870764188,1.51603667678384,1.9165389243209225,1.3019899212201396,80
tep,persistence,mlp_s31337,actuation_idv14,1.0,1.2796552480425996,1.2441907102156167,1.3153761136840925,3.348255470236334,2.6165293154995686,80
tep,persistence,mlp_s31337,actuation_idv14,2.0,1.2042770922268868,1.1695190272629825,1.2384684032595699,6.254768086371196,5.193794789208522,80
tep,persistence,mlp_s31337,actuation_idv14,3.0,1.1852729240684605,1.15800880463367,1.213677470164013,9.027568267782787,7.616446882795207,80
tep,persistence,mlp_s31337,actuation_idv14,5.0,1.2221770380393775,1.1828279182028987,1.2629578449931314,12.536964523048015,10.257895650829667,80
tep,persistence,mlp_s31337,actuation_idv14,8.0,1.1749754738013747,1.1282442615540973,1.2216564868233382,15.53778188935426,13.223920188806312,80
tep,persistence,mlp_s42,actuation_idv14,0.0,1.9580027087371825,1.8687082718513797,2.053249136275355,1.3090827527410798,0.6685806648272592,80
tep,persistence,mlp_s42,actuation_idv14,0.5,1.4651948913764816,1.4226680552721522,1.5104658706772027,1.9165389243209225,1.3080436845643275,80
tep,persistence,mlp_s42,actuation_idv14,1.0,1.2765525389755659,1.2410670359189642,1.3123267246049586,3.348255470236334,2.622888888633844,80
tep,persistence,mlp_s42,actuation_idv14,2.0,1.203688606851735,1.1690283519030107,1.2376789493845681,6.254768086371196,5.196334044176619,80
tep,persistence,mlp_s42,actuation_idv14,3.0,1.1840403905377577,1.1568234987896562,1.2121074617247807,9.027568267782787,7.624375266187262,80
tep,persistence,mlp_s42,actuation_idv14,5.0,1.219616029089262,1.1813395703074518,1.2582067305546405,12.536964523048015,10.279435678137068,80
tep,persistence,mlp_s42,actuation_idv14,8.0,1.173579336547628,1.129004907694937,1.2176103462201304,15.53778188935426,13.239651896958637,80
tep,persistence,mlp_s7,actuation_idv14,0.0,1.9499994102790221,1.8574613698795308,2.0483686567715043,1.3090827527410798,0.6713246916078632,80
tep,persistence,mlp_s7,actuation_idv14,0.5,1.4600629022102702,1.4188798031824492,1.5037520917964184,1.9165389243209225,1.3126413399173629,80
tep,persistence,mlp_s7,actuation_idv14,1.0,1.272672985983012,1.238343728014036,1.3081183877844833,3.348255470236334,2.630884372586995,80
tep,persistence,mlp_s7,actuation_idv14,2.0,1.2018968137530044,1.1678705570632155,1.2349899051154816,6.254768086371196,5.2040807620083935,80
tep,persistence,mlp_s7,actuation_idv14,3.0,1.18240849070374,1.1560345253905613,1.2097326708188108,9.027568267782787,7.634898039686609,80
tep,persistence,mlp_s7,actuation_idv14,5.0,1.2202767818956088,1.1833220806541733,1.25832437478457,12.536964523048015,10.273869591759976,80
tep,persistence,mlp_s7,actuation_idv14,8.0,1.175594627603371,1.1328877047751718,1.2179990511479133,15.53778188935426,13.21695550874573,80
tep,persistence,ridge,actuation_idv14,0.0,2.0030699014306435,1.9101006100930051,2.1028499303600645,1.3090827527410798,0.6535382274009007,80
tep,persistence,ridge,actuation_idv14,0.5,1.4963132048498053,1.4546993616493686,1.5405814738899306,1.9165389243209225,1.2808407478521837,80
tep,persistence,ridge,actuation_idv14,1.0,1.309040945911197,1.2720880561708727,1.347549438813785,3.348255470236334,2.557792772406887,80
tep,persistence,ridge,actuation_idv14,2.0,1.2250467345278544,1.1889964001656328,1.2603952269097136,6.254768086371196,5.1057383445716855,80
tep,persistence,ridge,actuation_idv14,3.0,1.2004203529441442,1.1726355478613728,1.2290802929459304,9.027568267782787,7.520339225873523,80
tep,persistence,ridge,actuation_idv14,5.0,1.240361521300081,1.199542334359129,1.281950033306439,12.536964523048015,10.107508422147308,80
tep,persistence,ridge,actuation_idv14,8.0,1.1679101431427468,1.1196238398689526,1.216263853216199,15.53778188935426,13.303918953510765,80
tep,history_mean,gru_s123,actuation_idv14,0.0,1.9927920708436537,1.8792295739835938,2.1106769211965952,1.2843344435448667,0.6444899406896678,80
tep,history_mean,gru_s123,actuation_idv14,0.5,1.31417846711162,1.271655706814798,1.3609062862769552,1.7101783037387766,1.3013288122864384,80
tep,history_mean,gru_s123,actuation_idv14,1.0,1.0384794624082947,1.0254016554060275,1.0518676407068985,2.8080345095823738,2.7039865603797084,80
tep,history_mean,gru_s123,actuation_idv14,2.0,0.9306812862249821,0.9141410127376481,0.9473184116557443,5.202732346952668,5.590240637647208,80
tep,history_mean,gru_s123,actuation_idv14,3.0,0.9034888322738135,0.8887149945497406,0.91825591709516,7.549008832542628,8.355398055716982,80
tep,history_mean,gru_s123,actuation_idv14,5.0,0.8425423259728619,0.8187754897787033,0.8671442223988591,9.998151763473937,11.866646286202094,80
tep,history_mean,gru_s123,actuation_idv14,8.0,0.8555842508962037,0.8244297351434838,0.887569762186071,12.822861062595901,14.98725701082537,80
tep,history_mean,gru_s2024,actuation_idv14,0.0,1.9952754723510893,1.8786687134995912,2.116169885932743,1.2843344435448667,0.6436877821344134,80
tep,history_mean,gru_s2024,actuation_idv14,0.5,1.3168359209134808,1.2736197168208097,1.3635664643536054,1.7101783037387766,1.2987026527590746,80
tep,history_mean,gru_s2024,actuation_idv14,1.0,1.0443235899008219,1.0316901233170617,1.057531300280266,2.8080345095823738,2.6888548116097324,80
tep,history_mean,gru_s2024,actuation_idv14,2.0,0.9348727483167513,0.9180347951167442,0.9518992538754851,5.202732346952668,5.565177032189937,80
tep,history_mean,gru_s2024,actuation_idv14,3.0,0.905950814666302,0.8911502893373117,0.9207222327748638,7.549008832542628,8.332691698415472,80
tep,history_mean,gru_s2024,actuation_idv14,5.0,0.8452206267381804,0.8219884804080688,0.8693214907743817,9.998151763473937,11.829043739808082,80
tep,history_mean,gru_s2024,actuation_idv14,8.0,0.8562667214735843,0.825332989008779,0.8881835795493811,12.822861062595901,14.975311711902709,80
tep,history_mean,gru_s31337,actuation_idv14,0.0,1.994830817867848,1.8774745378579742,2.117934203141976,1.2843344435448667,0.643831262301037,80
tep,history_mean,gru_s31337,actuation_idv14,0.5,1.3123717789219886,1.2693969791170858,1.358807517356993,1.7101783037387766,1.3031202980786092,80
tep,history_mean,gru_s31337,actuation_idv14,1.0,1.0358689301106154,1.0227535199857185,1.0491092171096437,2.8080345095823738,2.7108009787324323,80
tep,history_mean,gru_s31337,actuation_idv14,2.0,0.9285888838705338,0.911549509413786,0.9461371293194147,5.202732346952668,5.6028372052729045,80
tep,history_mean,gru_s31337,actuation_idv14,3.0,0.9008121751932652,0.8856467008687038,0.9161031828954727,7.549008832542628,8.380225135082153,80
tep,history_mean,gru_s31337,actuation_idv14,5.0,0.8403649010482683,0.8163661590773861,0.865063847934556,9.998151763473937,11.897393324021834,80
tep,history_mean,gru_s31337,actuation_idv14,8.0,0.8542769094724347,0.8227032346767311,0.8872275286564363,12.822861062595901,15.010192737756142,80
tep,history_mean,gru_s42,actuation_idv14,0.0,1.9981599800978234,1.8828128878752075,2.1182175969304615,1.2843344435448667,0.642758566049346,80
tep,history_mean,gru_s42,actuation_idv14,0.5,1.3135867624180158,1.2709482655618929,1.3599782130802316,1.7101783037387766,1.3019149953907312,80
tep,history_mean,gru_s42,actuation_idv14,1.0,1.0386576415288449,1.0251050490709581,1.052406969364893,2.8080345095823738,2.703522698248392,80
tep,history_mean,gru_s42,actuation_idv14,2.0,0.9283751928280699,0.9109378098311495,0.9460514418355817,5.202732346952668,5.604126852101471,80
tep,history_mean,gru_s42,actuation_idv14,3.0,0.8999301388574017,0.884685049941163,0.915285557984776,7.549008832542628,8.388438731618928,80
tep,history_mean,gru_s42,actuation_idv14,5.0,0.8377484067897661,0.8138560278141224,0.8625440066089736,9.998151763473937,11.934551808682798,80
tep,history_mean,gru_s42,actuation_idv14,8.0,0.8503724712544036,0.819262855670219,0.882521274354457,12.822861062595901,15.079111208386848,80
tep,history_mean,gru_s7,actuation_idv14,0.0,2.003420571238267,1.885301753215249,2.1265980596552003,1.2843344435448667,0.641070807589367,80
tep,history_mean,gru_s7,actuation_idv14,0.5,1.3169839446026192,1.2737366037513405,1.3630065186024316,1.7101783037387766,1.2985566838134825,80
tep,history_mean,gru_s7,actuation_idv14,1.0,1.040603303792285,1.0276171336454327,1.0538737917239804,2.8080345095823738,2.698467801657956,80
tep,history_mean,gru_s7,actuation_idv14,2.0,0.9300694896601331,0.9117767090010244,0.9483331893145566,5.202732346952668,5.593917879032732,80
tep,history_mean,gru_s7,actuation_idv14,3.0,0.8982848688501575,0.8827692002851787,0.914035336766882,7.549008832542628,8.403802729312003,80
tep,history_mean,gru_s7,actuation_idv14,5.0,0.8331831055433204,0.8091342103421693,0.8585874393544662,9.998151763473937,11.999945386499551,80
tep,history_mean,gru_s7,actuation_idv14,8.0,0.8479555732689339,0.8162189477322346,0.8810569258536793,12.822861062595901,15.122090669400034,80
tep,history_mean,mlp_s123,actuation_idv14,0.0,1.9425912809513854,1.825673993017461,2.0657960635161325,1.2843344435448667,0.6611449645320466,80
tep,history_mean,mlp_s123,actuation_idv14,0.5,1.3098959923245523,1.263435458928229,1.359970313860793,1.7101783037387766,1.3055832781836976,80
tep,history_mean,mlp_s123,actuation_idv14,1.0,1.0744022406847782,1.0611098712635125,1.08779792675131,2.8080345095823738,2.613578419003159,80
tep,history_mean,mlp_s123,actuation_idv14,2.0,1.0030664241247438,0.9970660603154505,1.0091122560468198,5.202732346952668,5.186827334483327,80
tep,history_mean,mlp_s123,actuation_idv14,3.0,0.9920174604283098,0.9879473061838907,0.9961446794296844,7.549008832542628,7.609753994938049,80
tep,history_mean,mlp_s123,actuation_idv14,5.0,0.9761345610474904,0.9710502188084493,0.9812879182063942,9.998151763473937,10.24259580845587,80
tep,history_mean,mlp_s123,actuation_idv14,8.0,0.9724506027210388,0.9660924871688609,0.978579129458514,12.822861062595901,13.186131024769718,80
tep,history_mean,mlp_s2024,actuation_idv14,0.0,1.9183258681668405,1.8081573893894007,2.034270603019317,1.2843344435448667,0.6695079625716467,80
tep,history_mean,mlp_s2024,actuation_idv14,0.5,1.3035318194756753,1.2585755246960624,1.352452896458826,1.7101783037387766,1.3119574667741278,80
tep,history_mean,mlp_s2024,actuation_idv14,1.0,1.0685589260756756,1.055608347339385,1.0820443118861847,2.8080345095823738,2.6278705282964507,80
tep,history_mean,mlp_s2024,actuation_idv14,2.0,1.0011792300415165,0.9957853296850938,1.0066785644002045,5.202732346952668,5.196604354983395,80
tep,history_mean,mlp_s2024,actuation_idv14,3.0,0.9900458694703532,0.9864946983033479,0.9937265936916176,7.549008832542628,7.624908163680473,80
tep,history_mean,mlp_s2024,actuation_idv14,5.0,0.9733930748693471,0.9694911182542632,0.9773793183099604,9.998151763473937,10.271443285967418,80
tep,history_mean,mlp_s2024,actuation_idv14,8.0,0.9759795121083374,0.9689399994598926,0.9827566062433623,12.822861062595901,13.138453116598328,80
tep,history_mean,mlp_s31337,actuation_idv14,0.0,1.9634183515022523,1.847572990903052,2.0843684204909176,1.2843344435448667,0.6541318321498807,80
tep,history_mean,mlp_s31337,actuation_idv14,0.5,1.3135111692232684,1.2676272394804198,1.3630567834042209,1.7101783037387766,1.3019899212201396,80
tep,history_mean,mlp_s31337,actuation_idv14,1.0,1.0731905402123276,1.059931271115699,1.087253450713232,2.8080345095823738,2.6165293154995686,80
tep,history_mean,mlp_s31337,actuation_idv14,2.0,1.0017208145694774,0.9954994854144721,1.008083674914823,5.202732346952668,5.193794789208522,80
tep,history_mean,mlp_s31337,actuation_idv14,3.0,0.9911457335303008,0.9867720916027483,0.9956775786476775,7.549008832542628,7.616446882795207,80
tep,history_mean,mlp_s31337,actuation_idv14,5.0,0.9746786381732473,0.9693186030730011,0.9800390509095472,9.998151763473937,10.257895650829667,80
tep,history_mean,mlp_s31337,actuation_idv14,8.0,0.9696716918671442,0.9632646159686219,0.9758543254688238,12.822861062595901,13.223920188806312,80
tep,history_mean,mlp_s42,actuation_idv14,0.0,1.920986518323409,1.806535328704552,2.04198440716408,1.2843344435448667,0.6685806648272592,80
tep,history_mean,mlp_s42,actuation_idv14,0.5,1.3074321017867143,1.2623013403822274,1.357279372411766,1.7101783037387766,1.3080436845643275,80
tep,history_mean,mlp_s42,actuation_idv14,1.0,1.0705884346648649,1.057237461978462,1.0841504983103707,2.8080345095823738,2.622888888633844,80
tep,history_mean,mlp_s42,actuation_idv14,2.0,1.0012313109052755,0.995374813423328,1.0072279889770945,5.202732346952668,5.196334044176619,80
tep,history_mean,mlp_s42,actuation_idv14,3.0,0.9901150676595274,0.9862296231295239,0.9942693809488362,7.549008832542628,7.624375266187262,80
tep,history_mean,mlp_s42,actuation_idv14,5.0,0.97263624935546,0.9681212518225779,0.9771990688115672,9.998151763473937,10.279435678137068,80
tep,history_mean,mlp_s42,actuation_idv14,8.0,0.9685195020528841,0.9618793748693595,0.9749360699755332,12.822861062595901,13.239651896958637,80
tep,history_mean,mlp_s7,actuation_idv14,0.0,1.9131345228324732,1.796322442310771,2.035335100116241,1.2843344435448667,0.6713246916078632,80
tep,history_mean,mlp_s7,actuation_idv14,0.5,1.302852692302408,1.2574415713893647,1.3510005143020853,1.7101783037387766,1.3126413399173629,80
tep,history_mean,mlp_s7,actuation_idv14,1.0,1.0673348243051761,1.0538860533066141,1.0809209221895004,2.8080345095823738,2.630884372586995,80
tep,history_mean,mlp_s7,actuation_idv14,2.0,0.9997408927498648,0.9943502067422504,1.0052301774088324,5.202732346952668,5.2040807620083935,80
tep,history_mean,mlp_s7,actuation_idv14,3.0,0.9887504447737843,0.9852308077677663,0.9924164893091354,7.549008832542628,7.634898039686609,80
tep,history_mean,mlp_s7,actuation_idv14,5.0,0.9731631956369025,0.9685389655269296,0.977916222218488,9.998151763473937,10.273869591759976,80
tep,history_mean,mlp_s7,actuation_idv14,8.0,0.9701826607580653,0.9625582173917355,0.9779618511895336,12.822861062595901,13.21695550874573,80
tep,history_mean,ridge,actuation_idv14,0.0,1.9652017123047585,1.8446710389859076,2.0879001234687196,1.2843344435448667,0.6535382274009007,80
tep,history_mean,ridge,actuation_idv14,0.5,1.3351997948273744,1.289057567014724,1.3837265255098556,1.7101783037387766,1.2808407478521837,80
tep,history_mean,ridge,actuation_idv14,1.0,1.0978350317801582,1.0841391902109792,1.1123871755640973,2.8080345095823738,2.557792772406887,80
tep,history_mean,ridge,actuation_idv14,2.0,1.0189970570043223,1.0123432636111156,1.0256898163779846,5.202732346952668,5.1057383445716855,80
tep,history_mean,ridge,actuation_idv14,3.0,1.0038122757242742,0.9980246032920634,1.0096135250580422,7.549008832542628,7.520339225873523,80
tep,history_mean,ridge,actuation_idv14,5.0,0.9891806512440047,0.9833067050238724,0.9953541338285575,9.998151763473937,10.107508422147308,80
tep,history_mean,ridge,actuation_idv14,8.0,0.9638408883430609,0.957633210514931,0.970193340267837,12.822861062595901,13.303918953510765,80
tep,drift,gru_s123,actuation_idv14,0.0,3.518760325427404,3.358532893757267,3.680614146431289,2.267805633435864,0.6444899406896678,80
tep,drift,gru_s123,actuation_idv14,0.5,2.381346650930763,2.291318415421309,2.472546176749702,3.0989150088980173,1.3013288122864384,80
tep,drift,gru_s123,actuation_idv14,1.0,1.9030650664164233,1.817641752016145,1.9856683083098934,5.145862363118126,2.7039865603797084,80
tep,drift,gru_s123,actuation_idv14,2.0,1.6370362335057287,1.5725321107823873,1.6988917702004624,9.151426477844648,5.590240637647208,80
tep,drift,gru_s123,actuation_idv14,3.0,1.5460914810407327,1.4922694462654973,1.5997758481925484,12.918209754648327,8.355398055716982,80
tep,drift,gru_s123,actuation_idv14,5.0,1.5888857988498555,1.5339105141570843,1.6410841753538963,18.854745764120885,11.866646286202094,80
tep,drift,gru_s123,actuation_idv14,8.0,1.584750768144226,1.5157376940110132,1.6548560437747535,23.751067060280445,14.98725701082537,80
tep,drift,gru_s2024,actuation_idv14,0.0,3.5231453763438156,3.359720903501048,3.686443461499343,2.267805633435864,0.6436877821344134,80
tep,drift,gru_s2024,actuation_idv14,0.5,2.386162068980469,2.2959743882426054,2.476628663470045,3.0989150088980173,1.2987026527590746,80
tep,drift,gru_s2024,actuation_idv14,1.0,1.9137747195942725,1.8279301207965533,1.9964624011498129,5.145862363118126,2.6888548116097324,80
tep,drift,gru_s2024,actuation_idv14,2.0,1.6444088705374924,1.5783284238402924,1.7065204286299736,9.151426477844648,5.565177032189937,80
tep,drift,gru_s2024,actuation_idv14,3.0,1.550304538100795,1.4964441652362985,1.6037813851654115,12.918209754648327,8.332691698415472,80
tep,drift,gru_s2024,actuation_idv14,5.0,1.5939366003584319,1.5380009676121345,1.6474530145221384,18.854745764120885,11.829043739808082,80
tep,drift,gru_s2024,actuation_idv14,8.0,1.586014870154761,1.5158562013198758,1.6577678173077002,23.751067060280445,14.975311711902709,80
tep,drift,gru_s31337,actuation_idv14,0.0,3.5223602304286725,3.3622138043567196,3.6824042587730057,2.267805633435864,0.643831262301037,80
tep,drift,gru_s31337,actuation_idv14,0.5,2.3780728559498496,2.2864851565785576,2.4682677455811035,3.0989150088980173,1.3031202980786092,80
tep,drift,gru_s31337,actuation_idv14,1.0,1.8982811366418813,1.8143338407269751,1.9801107828249103,5.145862363118126,2.7108009787324323,80
tep,drift,gru_s31337,actuation_idv14,2.0,1.6333557700430987,1.5696228256418814,1.6947701306266738,9.151426477844648,5.6028372052729045,80
tep,drift,gru_s31337,actuation_idv14,3.0,1.5415110628196371,1.488653370916483,1.5940106920161792,12.918209754648327,8.380225135082153,80
tep,drift,gru_s31337,actuation_idv14,5.0,1.584779560582533,1.5308191909137352,1.6370121254977017,18.854745764120885,11.897393324021834,80
tep,drift,gru_s31337,actuation_idv14,8.0,1.5823292528774662,1.5124067601470428,1.6531546982379726,23.751067060280445,15.010192737756142,80
tep,drift,gru_s42,actuation_idv14,0.0,3.5282386781318436,3.365640794063725,3.6911280777272233,2.267805633435864,0.642758566049346,80
tep,drift,gru_s42,actuation_idv14,0.5,2.380274457141474,2.292428108551017,2.4702194146481506,3.0989150088980173,1.3019149953907312,80
tep,drift,gru_s42,actuation_idv14,1.0,1.903391588482731,1.819725930873184,1.9852662120413342,5.145862363118126,2.703522698248392,80
tep,drift,gru_s42,actuation_idv14,2.0,1.6329798948810355,1.5693808367224191,1.693776579826566,9.151426477844648,5.604126852101471,80
tep,drift,gru_s42,actuation_idv14,3.0,1.5400016818332505,1.4872301936903134,1.5922140369321736,12.918209754648327,8.388438731618928,80
tep,drift,gru_s42,actuation_idv14,5.0,1.5798453152135472,1.5252071040710742,1.6310148682145622,18.854745764120885,11.934551808682798,80
tep,drift,gru_s42,actuation_idv14,8.0,1.5750972807382932,1.5074053935100957,1.6439927375437227,23.751067060280445,15.079111208386848,80
tep,drift,gru_s7,actuation_idv14,0.0,3.5375275345379467,3.374655772269487,3.7013133174617927,2.267805633435864,0.641070807589367,80
tep,drift,gru_s7,actuation_idv14,0.5,2.3864302941304087,2.2960186654514256,2.476949033383808,3.0989150088980173,1.2985566838134825,80
tep,drift,gru_s7,actuation_idv14,1.0,1.9069571109784875,1.8219727539145882,1.990231275785257,5.145862363118126,2.698467801657956,80
tep,drift,gru_s7,actuation_idv14,2.0,1.6359601044817376,1.5725682144690565,1.6969126704642807,9.151426477844648,5.593917879032732,80
tep,drift,gru_s7,actuation_idv14,3.0,1.5371862204226092,1.4840833162278648,1.5890155935390369,12.918209754648327,8.403802729312003,80
tep,drift,gru_s7,actuation_idv14,5.0,1.5712359645680785,1.5172419731222073,1.6220188271325624,18.854745764120885,11.999945386499551,80
tep,drift,gru_s7,actuation_idv14,8.0,1.5706205960225712,1.5036093086595723,1.639396852076002,23.751067060280445,15.122090669400034,80
tep,drift,mlp_s123,actuation_idv14,0.0,3.4301185898632673,3.2729351925166688,3.5957936568083966,2.267805633435864,0.6611449645320466,80
tep,drift,mlp_s123,actuation_idv14,0.5,2.3735866265146783,2.278967260203045,2.4720369209230655,3.0989150088980173,1.3055832781836976,80
tep,drift,mlp_s123,actuation_idv14,1.0,1.9688953374051819,1.8645651618302395,2.0752774934920737,5.145862363118126,2.613578419003159,80
tep,drift,mlp_s123,actuation_idv14,2.0,1.7643591906373426,1.6617754142678354,1.866557273890077,9.151426477844648,5.186827334483327,80
tep,drift,mlp_s123,actuation_idv14,3.0,1.6975857252733035,1.6106458699304083,1.7853297489185846,12.918209754648327,7.609753994938049,80
tep,drift,mlp_s123,actuation_idv14,5.0,1.8408171245569578,1.7268503215260051,1.9574865000749582,18.854745764120885,10.24259580845587,80
tep,drift,mlp_s123,actuation_idv14,8.0,1.801215763415731,1.6771861606805856,1.9283713056273186,23.751067060280445,13.186131024769718,80
tep,drift,mlp_s2024,actuation_idv14,0.0,3.3872720866903463,3.2305277694583507,3.544910405075705,2.267805633435864,0.6695079625716467,80
tep,drift,mlp_s2024,actuation_idv14,0.5,2.3620544776635963,2.2688342007853213,2.4581165572187498,3.0989150088980173,1.3119574667741278,80
tep,drift,mlp_s2024,actuation_idv14,1.0,1.9581871738764824,1.855115405616106,2.0622877709787817,5.145862363118126,2.6278705282964507,80
tep,drift,mlp_s2024,actuation_idv14,2.0,1.7610396814351839,1.659378091140838,1.8618396317910475,9.151426477844648,5.196604354983395,80
tep,drift,mlp_s2024,actuation_idv14,3.0,1.6942118485021629,1.6085618113154354,1.7799532674537093,12.918209754648327,7.624908163680473,80
tep,drift,mlp_s2024,actuation_idv14,5.0,1.8356471665359584,1.724335637643317,1.9488430009900242,18.854745764120885,10.271443285967418,80
tep,drift,mlp_s2024,actuation_idv14,8.0,1.8077521645432355,1.6847729099733686,1.9344476169232971,23.751067060280445,13.138453116598328,80
tep,drift,mlp_s31337,actuation_idv14,0.0,3.4668938614139226,3.3088392813781056,3.6290538558680323,2.267805633435864,0.6541318321498807,80
tep,drift,mlp_s31337,actuation_idv14,0.5,2.380137479093477,2.2859826482468737,2.479158724153151,3.0989150088980173,1.3019899212201396,80
tep,drift,mlp_s31337,actuation_idv14,1.0,1.9666748362556132,1.8620418867585606,2.071229993976398,5.145862363118126,2.6165293154995686,80
tep,drift,mlp_s31337,actuation_idv14,2.0,1.7619923099116563,1.6598243074935968,1.8629333538422554,9.151426477844648,5.193794789208522,80
tep,drift,mlp_s31337,actuation_idv14,3.0,1.6960939862692763,1.609156666070938,1.7833743486200073,12.918209754648327,7.616446882795207,80
tep,drift,mlp_s31337,actuation_idv14,5.0,1.838071511538129,1.7245175140516644,1.9528053907094995,18.854745764120885,10.257895650829667,80
tep,drift,mlp_s31337,actuation_idv14,8.0,1.7960685425480014,1.6737224452463566,1.9206030540218135,23.751067060280445,13.223920188806312,80
tep,drift,mlp_s42,actuation_idv14,0.0,3.3919701133172846,3.2340351326837684,3.551853234051696,2.267805633435864,0.6685806648272592,80
tep,drift,mlp_s42,actuation_idv14,0.5,2.3691219532397945,2.274707493533697,2.467817949517035,3.0989150088980173,1.3080436845643275,80
tep,drift,mlp_s42,actuation_idv14,1.0,1.961906348918347,1.856779962801233,2.0664749617637757,5.145862363118126,2.622888888633844,80
tep,drift,mlp_s42,actuation_idv14,2.0,1.7611312898754818,1.6593594042728583,1.8626937557629557,9.151426477844648,5.196334044176619,80
tep,drift,mlp_s42,actuation_idv14,3.0,1.694330263613633,1.608549623864775,1.780856302899306,12.918209754648327,7.624375266187262,80
tep,drift,mlp_s42,actuation_idv14,5.0,1.8342199274832092,1.7227351614374304,1.947054065874697,18.854745764120885,10.279435678137068,80
tep,drift,mlp_s42,actuation_idv14,8.0,1.793934405914135,1.671151071520999,1.91880841177828,23.751067060280445,13.239651896958637,80
tep,drift,mlp_s7,actuation_idv14,0.0,3.378105500639835,3.2185962899780627,3.5411800677221983,2.267805633435864,0.6713246916078632,80
tep,drift,mlp_s7,actuation_idv14,0.5,2.3608238706645555,2.2671710802662695,2.456684908702849,3.0989150088980173,1.3126413399173629,80
tep,drift,mlp_s7,actuation_idv14,1.0,1.9559439467338158,1.8529489975961422,2.0597441605758045,5.145862363118126,2.630884372586995,80
tep,drift,mlp_s7,actuation_idv14,2.0,1.758509695824334,1.6580660273023808,1.8581135381248062,9.151426477844648,5.2040807620083935,80
tep,drift,mlp_s7,actuation_idv14,3.0,1.691995058414504,1.6069936461391883,1.7774769984991563,12.918209754648327,7.634898039686609,80
tep,drift,mlp_s7,actuation_idv14,5.0,1.8352136549643467,1.7243862362350026,1.9474256874095317,18.854745764120885,10.273869591759976,80
tep,drift,mlp_s7,actuation_idv14,8.0,1.7970149815942285,1.6760117150116667,1.9220378254972879,23.751067060280445,13.21695550874573,80
tep,drift,ridge,actuation_idv14,0.0,3.4700428197671767,3.3065739243813,3.6390830065635296,2.267805633435864,0.6535382274009007,80
tep,drift,ridge,actuation_idv14,0.5,2.419438180815629,2.322060619190368,2.5189282193588785,3.0989150088980173,1.2808407478521837,80
tep,drift,ridge,actuation_idv14,1.0,2.011837088067092,1.9044557728395035,2.1214651461622687,5.145862363118126,2.557792772406887,80
tep,drift,ridge,actuation_idv14,2.0,1.7923806235731319,1.6882032880590272,1.8940653755688492,9.151426477844648,5.1057383445716855,80
tep,drift,ridge,actuation_idv14,3.0,1.7177695535599746,1.6299928112136475,1.8063559320148694,12.918209754648327,7.520339225873523,80
tep,drift,ridge,actuation_idv14,5.0,1.8654197430898853,1.747891916933245,1.9823328041497645,18.854745764120885,10.107508422147308,80
tep,drift,ridge,actuation_idv14,8.0,1.7852684718898402,1.6649983028522943,1.9089136275918857,23.751067060280445,13.303918953510765,80
tep,ar1,gru_s123,actuation_idv14,0.0,1.6242699319820433,1.5469096966556974,1.705274492864206,1.0468256321271179,0.6444899406896678,80
tep,ar1,gru_s123,actuation_idv14,0.5,1.183609042592049,1.157033574597607,1.2122267651224685,1.5402645496077993,1.3013288122864384,80
tep,ar1,gru_s123,actuation_idv14,1.0,1.0053599457086224,0.9946726483163093,1.0157272418503753,2.7184797815401884,2.7039865603797084,80
tep,ar1,gru_s123,actuation_idv14,2.0,0.9254292151322886,0.9089354140665092,0.9420485783089079,5.1733720056984795,5.590240637647208,80
tep,ar1,gru_s123,actuation_idv14,3.0,0.9036769661287178,0.888556636276421,0.9184137073428867,7.55058076578811,8.355398055716982,80
tep,ar1,gru_s123,actuation_idv14,5.0,0.8463487850457719,0.8223566975301548,0.8711549018364155,10.043321666895064,11.866646286202094,80
tep,ar1,gru_s123,actuation_idv14,8.0,0.8630707009125649,0.8317383155289003,0.8960985213302664,12.935062413089804,14.98725701082537,80
tep,ar1,gru_s2024,actuation_idv14,0.0,1.6262940841535536,1.5459166006665477,1.710090182221511,1.0468256321271179,0.6436877821344134,80
tep,ar1,gru_s2024,actuation_idv14,0.5,1.1860024666427915,1.1593490478063226,1.2149472196344093,1.5402645496077993,1.2987026527590746,80
tep,ar1,gru_s2024,actuation_idv14,1.0,1.0110176904318313,1.0007560272771294,1.0209358444145638,2.7184797815401884,2.6888548116097324,80
tep,ar1,gru_s2024,actuation_idv14,2.0,0.929597023737935,0.9126842328730196,0.9462276533251802,5.1733720056984795,5.565177032189937,80
tep,ar1,gru_s2024,actuation_idv14,3.0,0.9061394611808228,0.8910934873707681,0.9211986759310528,7.55058076578811,8.332691698415472,80
tep,ar1,gru_s2024,actuation_idv14,5.0,0.8490391859061645,0.8253939858706973,0.8734629825707891,10.043321666895064,11.829043739808082,80
tep,ar1,gru_s2024,actuation_idv14,8.0,0.8637591431775494,0.8322391590997686,0.8967946824833309,12.935062413089804,14.975311711902709,80
tep,ar1,gru_s31337,actuation_idv14,0.0,1.625931658530822,1.5463866405142603,1.7099856276350438,1.0468256321271179,0.643831262301037,80
tep,ar1,gru_s31337,actuation_idv14,0.5,1.1819818568391947,1.155220421632289,1.2103120374463856,1.5402645496077993,1.3031202980786092,80
tep,ar1,gru_s31337,actuation_idv14,1.0,1.0028326693357426,0.992009948244617,1.0132647966488235,2.7184797815401884,2.7108009787324323,80
tep,ar1,gru_s31337,actuation_idv14,2.0,0.9233486207362496,0.9061519894420624,0.9404944678782051,5.1733720056984795,5.6028372052729045,80
tep,ar1,gru_s31337,actuation_idv14,3.0,0.9009997516867535,0.8857280150299238,0.9163768608274486,7.55058076578811,8.380225135082153,80
tep,ar1,gru_s31337,actuation_idv14,5.0,0.8441615228956713,0.8197288168278672,0.8691241524191544,10.043321666895064,11.897393324021834,80
tep,ar1,gru_s31337,actuation_idv14,8.0,0.8617519201171465,0.8296827837716165,0.8953330330304482,12.935062413089804,15.010192737756142,80
tep,ar1,gru_s42,actuation_idv14,0.0,1.6286451669735518,1.5505776010776309,1.7139212424967771,1.0468256321271179,0.642758566049346,80
tep,ar1,gru_s42,actuation_idv14,0.5,1.1830761263683998,1.156626332744295,1.2118626024755526,1.5402645496077993,1.3019149953907312,80
tep,ar1,gru_s42,actuation_idv14,1.0,1.0055324422840937,0.9942691390521503,1.016406466631959,2.7184797815401884,2.703522698248392,80
tep,ar1,gru_s42,actuation_idv14,2.0,0.923136135606662,0.9056710023022552,0.9408652564860674,5.1733720056984795,5.604126852101471,80
tep,ar1,gru_s42,actuation_idv14,3.0,0.9001175316840975,0.8848060510151452,0.9158080036449702,7.55058076578811,8.388438731618928,80
tep,ar1,gru_s42,actuation_idv14,5.0,0.841533207773098,0.8172580547343272,0.8667295638176694,10.043321666895064,11.934551808682798,80
tep,ar1,gru_s42,actuation_idv14,8.0,0.8578133176639385,0.8265194822268844,0.8909621957600616,12.935062413089804,15.079111208386848,80
tep,ar1,gru_s7,actuation_idv14,0.0,1.63293292992629,1.5533308319885635,1.7153527920284206,1.0468256321271179,0.641070807589367,80
tep,ar1,gru_s7,actuation_idv14,0.5,1.1861357835258228,1.1589670101162917,1.2146661984979705,1.5402645496077993,1.2985566838134825,80
tep,ar1,gru_s7,actuation_idv14,1.0,1.0074160528689418,0.9967407840119175,1.0174712900909304,2.7184797815401884,2.698467801657956,80
tep,ar1,gru_s7,actuation_idv14,2.0,0.9248208710909838,0.9066138550386952,0.9427615599318512,5.1733720056984795,5.593917879032732,80
tep,ar1,gru_s7,actuation_idv14,3.0,0.8984719190815961,0.8827710565985897,0.9146396405825254,7.55058076578811,8.403802729312003,80
tep,ar1,gru_s7,actuation_idv14,5.0,0.8369472812929822,0.8126301774999714,0.8626614036678303,10.043321666895064,11.999945386499551,80
tep,ar1,gru_s7,actuation_idv14,8.0,0.8553752715730146,0.8235103867844512,0.889099233035163,12.935062413089804,15.122090669400034,80
tep,ar1,mlp_s123,actuation_idv14,0.0,1.583352650757997,1.5035461103377756,1.6674912590836632,1.0468256321271179,0.6611449645320466,80
tep,ar1,mlp_s123,actuation_idv14,0.5,1.1797520505552015,1.1509110866146626,1.2117885988588135,1.5402645496077993,1.3055832781836976,80
tep,ar1,mlp_s123,actuation_idv14,1.0,1.0401370633359606,1.032179536727338,1.0482605830771257,2.7184797815401884,2.613578419003159,80
tep,ar1,mlp_s123,actuation_idv14,2.0,0.9974058652973864,0.9928224711909082,1.001854704968216,5.1733720056984795,5.186827334483327,80
tep,ar1,mlp_s123,actuation_idv14,3.0,0.9922240286362345,0.988598931718954,0.9959731801712283,7.55058076578811,7.609753994938049,80
tep,ar1,mlp_s123,actuation_idv14,5.0,0.9805445665056612,0.9760228561841795,0.9852194983781905,10.043321666895064,10.24259580845587,80
tep,ar1,mlp_s123,actuation_idv14,8.0,0.9809596453115558,0.9747013041015182,0.987236299407691,12.935062413089804,13.186131024769718,80
tep,ar1,mlp_s2024,actuation_idv14,0.0,1.563574581109023,1.4894987052643889,1.6416576604531585,1.0468256321271179,0.6695079625716467,80
tep,ar1,mlp_s2024,actuation_idv14,0.5,1.1740201863365574,1.1459511332452537,1.2048975903610324,1.5402645496077993,1.3119574667741278,80
tep,ar1,mlp_s2024,actuation_idv14,1.0,1.03448010557144,1.0265125475787638,1.0426737775896588,2.7184797815401884,2.6278705282964507,80
tep,ar1,mlp_s2024,actuation_idv14,2.0,0.9955293211301267,0.9914347271155604,0.9995837940590074,5.1733720056984795,5.196604354983395,80
tep,ar1,mlp_s2024,actuation_idv14,3.0,0.9902520271330736,0.9870439622854004,0.9936194843996612,7.55058076578811,7.624908163680473,80
tep,ar1,mlp_s2024,actuation_idv14,5.0,0.9777906947717846,0.9742421729991256,0.9814261045023693,10.043321666895064,10.271443285967418,80
tep,ar1,mlp_s2024,actuation_idv14,8.0,0.9845194330182164,0.9772615447010433,0.9919509482370232,12.935062413089804,13.138453116598328,80
tep,ar1,mlp_s31337,actuation_idv14,0.0,1.6003282223502304,1.5224003759495464,1.6796271175716797,1.0468256321271179,0.6541318321498807,80
tep,ar1,mlp_s31337,actuation_idv14,0.5,1.183008043690818,1.1542966824768393,1.214466376121086,1.5402645496077993,1.3019899212201396,80
tep,ar1,mlp_s31337,actuation_idv14,1.0,1.0389640067996542,1.0306471082706656,1.0475470476434718,2.7184797815401884,2.6165293154995686,80
tep,ar1,mlp_s31337,actuation_idv14,2.0,0.9960678493589165,0.9909851482097961,1.000989612841142,5.1733720056984795,5.193794789208522,80
tep,ar1,mlp_s31337,actuation_idv14,3.0,0.9913521202181713,0.9873562408367828,0.9953364292868598,7.55058076578811,7.616446882795207,80
tep,ar1,mlp_s31337,actuation_idv14,5.0,0.9790820660261593,0.9741418279400424,0.983997565878923,10.043321666895064,10.257895650829667,80
tep,ar1,mlp_s31337,actuation_idv14,8.0,0.9781564187024496,0.9719491586953208,0.9841451225482603,12.935062413089804,13.223920188806312,80
tep,ar1,mlp_s42,actuation_idv14,0.0,1.565743203772705,1.4882237348054497,1.6450410078711748,1.0468256321271179,0.6685806648272592,80
tep,ar1,mlp_s42,actuation_idv14,0.5,1.1775329584048395,1.149428314609413,1.2088599033105083,1.5402645496077993,1.3080436845643275,80
tep,ar1,mlp_s42,actuation_idv14,1.0,1.0364448884283977,1.0283937427353531,1.0448883488453717,2.7184797815401884,2.622888888633844,80
tep,ar1,mlp_s42,actuation_idv14,2.0,0.9955811080883316,0.9911620378979374,0.9998275424030716,5.1733720056984795,5.196334044176619,80
tep,ar1,mlp_s42,actuation_idv14,3.0,0.9903212397314155,0.9867103235632064,0.9939788355365686,7.55058076578811,7.624375266187262,80
tep,ar1,mlp_s42,actuation_idv14,5.0,0.9770304500524104,0.9728939927385438,0.9813743226052504,10.043321666895064,10.279435678137068,80
tep,ar1,mlp_s42,actuation_idv14,8.0,0.9769941471090489,0.97044482665861,0.98378536872899,12.935062413089804,13.239651896958637,80
tep,ar1,mlp_s7,actuation_idv14,0.0,1.5593432585056677,1.482799552709485,1.640938545579044,1.0468256321271179,0.6713246916078632,80
tep,ar1,mlp_s7,actuation_idv14,0.5,1.1734085334420188,1.145710221861424,1.2035643273729004,1.5402645496077993,1.3126413399173629,80
tep,ar1,mlp_s7,actuation_idv14,1.0,1.033295043243219,1.0253006077641906,1.0413808459537335,2.7184797815401884,2.630884372586995,80
tep,ar1,mlp_s7,actuation_idv14,2.0,0.9940991007414607,0.9900743786940742,0.9980675642833243,5.1733720056984795,5.2040807620083935,80
tep,ar1,mlp_s7,actuation_idv14,3.0,0.9889563326896819,0.9857867825981774,0.9922717854695808,7.55058076578811,7.634898039686609,80
tep,ar1,mlp_s7,actuation_idv14,5.0,0.9775597769851178,0.9731276745830664,0.9821301571424395,10.043321666895064,10.273869591759976,80
tep,ar1,mlp_s7,actuation_idv14,8.0,0.9786718586236145,0.970779733875881,0.986821844273376,12.935062413089804,13.21695550874573,80
tep,ar1,ridge,actuation_idv14,0.0,1.6017817906234924,1.51940006243594,1.6887973010998765,1.0468256321271179,0.6535382274009007,80
tep,ar1,ridge,actuation_idv14,0.5,1.202541808722621,1.1736475900755756,1.2335703143830188,1.5402645496077993,1.2808407478521837,80
tep,ar1,ridge,actuation_idv14,1.0,1.062822528418553,1.053972769946336,1.0725280286148455,2.7184797815401884,2.557792772406887,80
tep,ar1,ridge,actuation_idv14,2.0,1.0132465975657958,1.007460261067157,1.0189676311128537,5.1733720056984795,5.1057383445716855,80
tep,ar1,ridge,actuation_idv14,3.0,1.0040212999714881,0.9981543174141599,1.0097524007361365,7.55058076578811,7.520339225873523,80
tep,ar1,ridge,actuation_idv14,5.0,0.9936495966590936,0.9875211427931837,0.9998894114745117,10.043321666895064,10.107508422147308,80
tep,ar1,ridge,actuation_idv14,8.0,0.9722745950490308,0.9663825060560861,0.9785634220371874,12.935062413089804,13.303918953510765,80
tep,persistence,gru_s123,actuation_idv6,0.0,2.031191908659167,1.9416744125865215,2.124826331427249,1.3090827527410798,0.6444899406896678,80
tep,persistence,gru_s123,actuation_idv6,0.05,2.0298313535638166,1.9403087724975312,2.124212574069389,1.3074254458189285,0.6441054541420177,80
tep,persistence,gru_s123,actuation_idv6,0.1,2.0283098949571516,1.9381946465402449,2.123774416946036,1.3059556597597788,0.6438639692123413,80
tep,persistence,gru_s123,actuation_idv6,0.2,2.02478543572877,1.9331205086312802,2.122428340821569,1.3036541891856672,0.6438480671491249,80
tep,persistence,gru_s123,actuation_idv6,0.35,2.014139687384363,1.9202394781489536,2.112114221299393,1.3023610184700611,0.6466090840806359,80
tep,persistence,gru_s123,actuation_idv6,0.5,1.9810501681848938,1.8883534003940876,2.0789302861930405,1.3060751868409084,0.6592842563081476,80
tep,persistence,gru_s123,actuation_idv6,0.75,1.8342700399990601,1.7282715588982984,1.9475350923636976,1.3445493729005267,0.7330160464820195,80
tep,persistence,gru_s123,actuation_idv6,1.0,1.5843965274909573,1.4780177883538013,1.7050136213188292,1.4634009173920606,0.9236329996945242,78
tep,persistence,gru_s2024,actuation_idv6,0.0,2.0337231637367323,1.9426394958440756,2.1293127637325937,1.3090827527410798,0.6436877821344134,80
tep,persistence,gru_s2024,actuation_idv6,0.05,2.0315086047757305,1.9401171041026837,2.127143513970102,1.3074254458189285,0.6435736687235261,80
tep,persistence,gru_s2024,actuation_idv6,0.1,2.0291074786194647,1.936509384036352,2.1253116372559973,1.3059556597597788,0.6436108848449498,80
tep,persistence,gru_s2024,actuation_idv6,0.2,2.0237722954210327,1.9300259852625667,2.1218758305882073,1.3036541891856672,0.6441703901843614,80
tep,persistence,gru_s2024,actuation_idv6,0.35,2.0106922017946203,1.9168941810558342,2.109240918669912,1.3023610184700611,0.647717744818254,80
tep,persistence,gru_s2024,actuation_idv6,0.5,1.9769083953219793,1.8827499151373024,2.075417774969145,1.3060751868409084,0.6606655067738674,80
tep,persistence,gru_s2024,actuation_idv6,0.75,1.839342001551481,1.7350153220468796,1.9494930924481868,1.3445493729005267,0.7309947643050625,80
tep,persistence,gru_s2024,actuation_idv6,1.0,1.6101240724681394,1.5049736790449806,1.7252585283733932,1.4634009173920606,0.9088746279961092,78
tep,persistence,gru_s31337,actuation_idv6,0.0,2.0332699410439474,1.9409053373463996,2.130162298395264,1.3090827527410798,0.643831262301037,80
tep,persistence,gru_s31337,actuation_idv6,0.05,2.0313065484693253,1.9393004565501384,2.128678916536101,1.3074254458189285,0.6436376857073238,80
tep,persistence,gru_s31337,actuation_idv6,0.1,2.0291644242089912,1.9374381059731072,2.1251678473054647,1.3059556597597788,0.6435928228284735,80
tep,persistence,gru_s31337,actuation_idv6,0.2,2.0243945820894256,1.9312795839487993,2.1226280943793534,1.3036541891856672,0.6439723760968253,80
tep,persistence,gru_s31337,actuation_idv6,0.35,2.0125479486762075,1.9172695269833564,2.1152002479339824,1.3023610184700611,0.6471204918753436,80
tep,persistence,gru_s31337,actuation_idv6,0.5,1.9792993315808896,1.8847253519082332,2.079363301583326,1.3060751868409084,0.6598674419789405,80
tep,persistence,gru_s31337,actuation_idv6,0.75,1.836094050279444,1.7297859233597468,1.9466703749061007,1.3445493729005267,0.7322878545877828,80
tep,persistence,gru_s31337,actuation_idv6,1.0,1.592754285506956,1.4858720790305324,1.7102349974901037,1.4634009173920606,0.9187863631622728,78
tep,persistence,gru_s42,actuation_idv6,0.0,2.036663254116132,1.9453067925119645,2.132234894574256,1.3090827527410798,0.642758566049346,80
tep,persistence,gru_s42,actuation_idv6,0.05,2.034098614590116,1.943070978589959,2.12964681494204,1.3074254458189285,0.6427542088869587,80
tep,persistence,gru_s42,actuation_idv6,0.1,2.031283709618212,1.9401338657965541,2.127239944208343,1.3059556597597788,0.642921347508487,80
tep,persistence,gru_s42,actuation_idv6,0.2,2.024799707714087,1.932837234572487,2.1204912807062652,1.3036541891856672,0.6438435289273314,80
tep,persistence,gru_s42,actuation_idv6,0.35,2.00878043280622,1.9165217218427562,2.10713661717034,1.3023610184700611,0.6483341818750658,80
tep,persistence,gru_s42,actuation_idv6,0.5,1.970662881905948,1.876953332030641,2.068899145400953,1.3060751868409084,0.6627593176047055,80
tep,persistence,gru_s42,actuation_idv6,0.75,1.8244366083634806,1.7202259548903047,1.934789756927153,1.3445493729005267,0.7369668897987018,80
tep,persistence,gru_s42,actuation_idv6,1.0,1.5912640195204268,1.487043624028624,1.704133617902737,1.4634009173920606,0.9196468338629931,78
tep,persistence,gru_s7,actuation_idv6,0.0,2.0420252135074644,1.947383551081116,2.1381656822063917,1.3090827527410798,0.641070807589367,80
tep,persistence,gru_s7,actuation_idv6,0.05,2.0396815500296093,1.9449234737508032,2.1364060802089546,1.3074254458189285,0.6409948875597512,80
tep,persistence,gru_s7,actuation_idv6,0.1,2.0371314778636656,1.9426127535116904,2.133896418058393,1.3059556597597788,0.6410757842342758,80
tep,persistence,gru_s7,actuation_idv6,0.2,2.0313652700734255,1.9365094379270253,2.1292067687274345,1.3036541891856672,0.641762566482465,80
tep,persistence,gru_s7,actuation_idv6,0.35,2.017043900219653,1.9216769129556461,2.1155118270084228,1.3023610184700611,0.6456780729106768,80
tep,persistence,gru_s7,actuation_idv6,0.5,1.9812228726708898,1.8865790560173805,2.082584683004774,1.3060751868409084,0.6592267860708605,80
tep,persistence,gru_s7,actuation_idv6,0.75,1.8373769127773154,1.7356127626190734,1.9449159012572326,1.3445493729005267,0.7317765688413665,80
tep,persistence,gru_s7,actuation_idv6,1.0,1.5986694819544545,1.495174948627742,1.714423503134187,1.4634009173920606,0.9153867850176127,78
tep,persistence,mlp_s123,actuation_idv6,0.0,1.980023781422337,1.8879808938691585,2.0778344677474756,1.3090827527410798,0.6611449645320466,80
tep,persistence,mlp_s123,actuation_idv6,0.05,1.9779675005349038,1.885809887948799,2.077306703665951,1.3074254458189285,0.660994402317207,80
tep,persistence,mlp_s123,actuation_idv6,0.1,1.975712430724862,1.881230879289931,2.075099958897566,1.3059556597597788,0.6610049314113196,80
tep,persistence,mlp_s123,actuation_idv6,0.2,1.9709399133361862,1.8750095353926093,2.0707199067586686,1.3036541891856672,0.6614378147018127,80
tep,persistence,mlp_s123,actuation_idv6,0.35,1.9597992179344381,1.8623937801853028,2.0609463062949773,1.3023610184700611,0.6645379825402244,80
tep,persistence,mlp_s123,actuation_idv6,0.5,1.92958442879844,1.8315061568615216,2.031521272636225,1.3060751868409084,0.6768686393547478,80
tep,persistence,mlp_s123,actuation_idv6,0.75,1.8089395890647517,1.703773078992303,1.920772676383751,1.3445493729005267,0.7432804174492518,80
tep,persistence,mlp_s123,actuation_idv6,1.0,1.603898471047083,1.4935276709513752,1.7310325935717845,1.4634009173920606,0.9124024642511813,78
tep,persistence,mlp_s2024,actuation_idv6,0.0,1.9552907895415652,1.8698677433785695,2.0507465590609346,1.3090827527410798,0.6695079625716467,80
tep,persistence,mlp_s2024,actuation_idv6,0.05,1.954618230379295,1.868500265206213,2.050948985469095,1.3074254458189285,0.6688904388071842,80
tep,persistence,mlp_s2024,actuation_idv6,0.1,1.9537814461092655,1.866432664430252,2.0504913339870936,1.3059556597597788,0.668424640002822,80
tep,persistence,mlp_s2024,actuation_idv6,0.2,1.951889065367608,1.8640815421175714,2.0486025333865197,1.3036541891856672,0.6678935869442684,80
tep,persistence,mlp_s2024,actuation_idv6,0.35,1.9462520288763738,1.8566481367744294,2.0435164607051086,1.3023610184700611,0.6691636022195702,80
tep,persistence,mlp_s2024,actuation_idv6,0.5,1.9245144328832509,1.8317790698199437,2.0210579177476964,1.3060751868409084,0.6786518014750271,80
tep,persistence,mlp_s2024,actuation_idv6,0.75,1.8146151539377475,1.7158423658922153,1.9205359592087161,1.3445493729005267,0.7409556621319018,80
tep,persistence,mlp_s2024,actuation_idv6,1.0,1.6089681288346116,1.5033462055859845,1.728306073420246,1.4634009173920606,0.9095275979468987,78
tep,persistence,mlp_s31337,actuation_idv6,0.0,2.0012521763978772,1.9097377995731617,2.0957564428868434,1.3090827527410798,0.6541318321498807,80
tep,persistence,mlp_s31337,actuation_idv6,0.05,1.9993299197980952,1.9070995069343488,2.0934906160438613,1.3074254458189285,0.6539318162912104,80
tep,persistence,mlp_s31337,actuation_idv6,0.1,1.9972460678501174,1.9048998654055276,2.0922455672735816,1.3059556597597788,0.6538781979756456,80
tep,persistence,mlp_s31337,actuation_idv6,0.2,1.9926187739880818,1.89772109063723,2.089135225146759,1.3036541891856672,0.6542416473254932,80
tep,persistence,mlp_s31337,actuation_idv6,0.35,1.9819780664831281,1.8854652889089105,2.0797024206026613,1.3023610184700611,0.6571016301815102,80
tep,persistence,mlp_s31337,actuation_idv6,0.5,1.9528028793012462,1.8563216204090052,2.050813011083374,1.3060751868409084,0.6688208014667868,80
tep,persistence,mlp_s31337,actuation_idv6,0.75,1.831557090684228,1.7255066838759128,1.9427088671601607,1.3445493729005267,0.7341018086409928,80
tep,persistence,mlp_s31337,actuation_idv6,1.0,1.6253236428876112,1.5152278062005062,1.7473215330074678,1.4634009173920606,0.9003750876300103,78
tep,persistence,mlp_s42,actuation_idv6,0.0,1.9580027087371825,1.8687082718513797,2.053249136275355,1.3090827527410798,0.6685806648272592,80
tep,persistence,mlp_s42,actuation_idv6,0.05,1.9566917490090285,1.8663023101496556,2.0529656980683266,1.3074254458189285,0.6681816113759755,80
tep,persistence,mlp_s42,actuation_idv6,0.1,1.9551722951019392,1.8641231387214063,2.0520890603158124,1.3059556597597788,0.6679491434240523,80
tep,persistence,mlp_s42,actuation_idv6,0.2,1.9517543059768891,1.8587843840943876,2.0496034730232036,1.3036541891856672,0.6679397018330974,80
tep,persistence,mlp_s42,actuation_idv6,0.35,1.9433222812441522,1.8474544213069184,2.042901463093787,1.3023610184700611,0.6701724315311532,80
tep,persistence,mlp_s42,actuation_idv6,0.5,1.9187001957874263,1.8203243239202875,2.016313967180932,1.3060751868409084,0.6807083199910243,80
tep,persistence,mlp_s42,actuation_idv6,0.75,1.8100564262575707,1.7103029316080094,1.9167879338520755,1.3445493729005267,0.742821800136079,80
tep,persistence,mlp_s42,actuation_idv6,1.0,1.6159582746321237,1.5099205060763525,1.729287282340421,1.4634009173920606,0.9055932571806081,78
tep,persistence,mlp_s7,actuation_idv6,0.0,1.9499994102790221,1.8574613698795308,2.0483686567715043,1.3090827527410798,0.6713246916078632,80
tep,persistence,mlp_s7,actuation_idv6,0.05,1.9483934232611422,1.855022267318877,2.0473138736005185,1.3074254458189285,0.6710274373799787,80
tep,persistence,mlp_s7,actuation_idv6,0.1,1.9465367642116764,1.8516165066682584,2.0459781027197255,1.3059556597597788,0.6709124039014361,80
tep,persistence,mlp_s7,actuation_idv6,0.2,1.9421526477119242,1.8470431960105276,2.042747958687779,1.3036541891856672,0.6712418772651674,80
tep,persistence,mlp_s7,actuation_idv6,0.35,1.930382502255598,1.8329504233090947,2.0335156094269005,1.3023610184700611,0.6746647449136576,80
tep,persistence,mlp_s7,actuation_idv6,0.5,1.8993080424433966,1.8012507345220996,2.001344545445192,1.3060751868409084,0.6876584301515862,80
tep,persistence,mlp_s7,actuation_idv6,0.75,1.7752238271446579,1.6731279065973168,1.8837967237871989,1.3445493729005267,0.7573970968287163,80
tep,persistence,mlp_s7,actuation_idv6,1.0,1.573350402017353,1.468018590957661,1.691589681595268,1.4634009173920606,0.9301176111282553,78
tep,persistence,ridge,actuation_idv6,0.0,2.0030699014306435,1.9101006100930051,2.1028499303600645,1.3090827527410798,0.6535382274009007,80
tep,persistence,ridge,actuation_idv6,0.05,2.0008712203056334,1.9069409136801783,2.1018695546460457,1.3074254458189285,0.6534280830023729,80
tep,persistence,ridge,actuation_idv6,0.1,1.9984121433453526,1.9049630797711417,2.099215382393552,1.3059556597597788,0.6534966593895902,80
tep,persistence,ridge,actuation_idv6,0.2,1.9932091800866822,1.8998248464686662,2.093110921635562,1.3036541891856672,0.6540478551924855,80
tep,persistence,ridge,actuation_idv6,0.35,1.9845399387913103,1.8904108739827838,2.0850229429784983,1.3023610184700611,0.6562533678527366,80
tep,persistence,ridge,actuation_idv6,0.5,1.969896636978125,1.8739602820542884,2.0717559792082145,1.3060751868409084,0.6630171158850564,80
tep,persistence,ridge,actuation_idv6,0.75,1.9133527779578727,1.8127806026279203,2.0187636714984087,1.3445493729005267,0.7027190115643851,80
tep,persistence,ridge,actuation_idv6,1.0,1.7940145199410267,1.6876499503887739,1.9047424350837558,1.4634009173920606,0.8157129728471573,78
tep,history_mean,gru_s123,actuation_idv6,0.0,1.9927920708436537,1.8792295739835938,2.1106769211965952,1.2843344435448667,0.6444899406896678,80
tep,history_mean,gru_s123,actuation_idv6,0.05,1.991619507822191,1.8780463251437916,2.108846605315556,1.282812987563914,0.6441054541420177,80
tep,history_mean,gru_s123,actuation_idv6,0.1,1.9901185846832357,1.876570265157192,2.108487274292263,1.2813656511373952,0.6438639692123413,80
tep,history_mean,gru_s123,actuation_idv6,0.2,1.986129382205128,1.872856820653003,2.106024379389122,1.2787655638408573,0.6438480671491249,80
tep,history_mean,gru_s123,actuation_idv6,0.35,1.9737821568348968,1.8603101874410686,2.0953566029208917,1.2762654726057145,0.6466090840806359,80
tep,history_mean,gru_s123,actuation_idv6,0.5,1.9386406625478474,1.8239713240185593,2.0566238372938703,1.278115267456592,0.6592842563081476,80
tep,history_mean,gru_s123,actuation_idv6,0.75,1.7954402275519543,1.6811636440429232,1.9140763081189973,1.316086497294911,0.7330160464820195,80
tep,history_mean,gru_s123,actuation_idv6,1.0,1.5731514022930506,1.4659101546846105,1.688242736376276,1.4530145486735775,0.9236329996945242,78
tep,history_mean,gru_s2024,actuation_idv6,0.0,1.9952754723510893,1.8786687134995912,2.116169885932743,1.2843344435448667,0.6436877821344134,80
tep,history_mean,gru_s2024,actuation_idv6,0.05,1.9932651845565172,1.8754185403219938,2.115230631606866,1.282812987563914,0.6435736687235261,80
tep,history_mean,gru_s2024,actuation_idv6,0.1,1.99090115053925,1.873318286776558,2.1135192467427433,1.2813656511373952,0.6436108848449498,80
tep,history_mean,gru_s2024,actuation_idv6,0.2,1.9851355841967138,1.867928472446808,2.107597326824621,1.2787655638408573,0.6441703901843614,80
tep,history_mean,gru_s2024,actuation_idv6,0.35,1.9704037488795798,1.852447969255778,2.0921154290024515,1.2762654726057145,0.647717744818254,80
tep,history_mean,gru_s2024,actuation_idv6,0.5,1.9345875550516147,1.8184458191564978,2.051857062226436,1.278115267456592,0.6606655067738674,80
tep,history_mean,gru_s2024,actuation_idv6,0.75,1.8004048203355871,1.685995596265347,1.9187748470760007,1.316086497294911,0.7309947643050625,80
tep,history_mean,gru_s2024,actuation_idv6,1.0,1.598696348117001,1.4949373513993613,1.7104943449980297,1.4530145486735775,0.9088746279961092,78
tep,history_mean,gru_s31337,actuation_idv6,0.0,1.994830817867848,1.8774745378579742,2.117934203141976,1.2843344435448667,0.643831262301037,80
tep,history_mean,gru_s31337,actuation_idv6,0.05,1.993066931987008,1.8757316578886294,2.1154776776100706,1.282812987563914,0.6436376857073238,80
tep,history_mean,gru_s31337,actuation_idv6,0.1,1.99095702389288,1.8736232772756811,2.1141346457242864,1.2813656511373952,0.6435928228284735,80
tep,history_mean,gru_s31337,actuation_idv6,0.2,1.9857459905214734,1.867348950661445,2.11079157599445,1.2787655638408573,0.6439723760968253,80
tep,history_mean,gru_s31337,actuation_idv6,0.35,1.9722223119640672,1.8544498607467226,2.0965537925557385,1.2762654726057145,0.6471204918753436,80
tep,history_mean,gru_s31337,actuation_idv6,0.5,1.936927307132366,1.8161206504268856,2.0587337331278355,1.278115267456592,0.6598674419789405,80
tep,history_mean,gru_s31337,actuation_idv6,0.75,1.7972256252095813,1.6815922695018952,1.9160418857983676,1.316086497294911,0.7322878545877828,80
tep,history_mean,gru_s31337,actuation_idv6,1.0,1.581449841802834,1.4768150795429353,1.6946339616411819,1.4530145486735775,0.9187863631622728,78
tep,history_mean,gru_s42,actuation_idv6,0.0,1.9981599800978234,1.8828128878752075,2.1182175969304615,1.2843344435448667,0.642758566049346,80
tep,history_mean,gru_s42,actuation_idv6,0.05,1.9958064370909825,1.8808671529103969,2.115999977815361,1.282812987563914,0.6427542088869587,80
tep,history_mean,gru_s42,actuation_idv6,0.1,1.9930364050020604,1.8787399448254472,2.1135438495884875,1.2813656511373952,0.642921347508487,80
tep,history_mean,gru_s42,actuation_idv6,0.2,1.9861433817178078,1.8723629881443093,2.105364968728094,1.2787655638408573,0.6438435289273314,80
tep,history_mean,gru_s42,actuation_idv6,0.35,1.9685302862091751,1.8540600978374662,2.087906920059421,1.2762654726057145,0.6483341818750658,80
tep,history_mean,gru_s42,actuation_idv6,0.5,1.9284757430131036,1.8133946377997503,2.0461161548536704,1.278115267456592,0.6627593176047055,80
tep,history_mean,gru_s42,actuation_idv6,0.75,1.7858149606346523,1.6708648936439385,1.9022991219073404,1.316086497294911,0.7369668897987018,80
tep,history_mean,gru_s42,actuation_idv6,1.0,1.5799701528576613,1.4770280601576034,1.6909760827696452,1.4530145486735775,0.9196468338629931,78
tep,history_mean,gru_s7,actuation_idv6,0.0,2.003420571238267,1.885301753215249,2.1265980596552003,1.2843344435448667,0.641070807589367,80
tep,history_mean,gru_s7,actuation_idv6,0.05,2.001284273026803,1.8828805553631605,2.1246277145932977,1.282812987563914,0.6409948875597512,80
tep,history_mean,gru_s7,actuation_idv6,0.1,1.9987740648602175,1.8802549918355385,2.1213648406558345,1.2813656511373952,0.6410757842342758,80
tep,history_mean,gru_s7,actuation_idv6,0.2,1.9925835980896172,1.8749016161737564,2.1139895094680567,1.2787655638408573,0.641762566482465,80
tep,history_mean,gru_s7,actuation_idv6,0.35,1.9766281776495658,1.8584210149624862,2.096885092966605,1.2762654726057145,0.6456780729106768,80
tep,history_mean,gru_s7,actuation_idv6,0.5,1.9388096698473765,1.8236685555732253,2.0548568743835394,1.278115267456592,0.6592267860708605,80
tep,history_mean,gru_s7,actuation_idv6,0.75,1.798481330686348,1.6842183613408461,1.9152902669507001,1.316086497294911,0.7317765688413665,80
tep,history_mean,gru_s7,actuation_idv6,1.0,1.5873230556257378,1.4864503326822245,1.695834370556013,1.4530145486735775,0.9153867850176127,78
tep,history_mean,mlp_s123,actuation_idv6,0.0,1.9425912809513854,1.825673993017461,2.0657960635161325,1.2843344435448667,0.6611449645320466,80
tep,history_mean,mlp_s123,actuation_idv6,0.05,1.9407319987383196,1.8239097819035412,2.064325385258538,1.282812987563914,0.660994402317207,80
tep,history_mean,mlp_s123,actuation_idv6,0.1,1.9385114849317933,1.8217188654825351,2.0619887049119328,1.2813656511373952,0.6610049314113196,80
tep,history_mean,mlp_s123,actuation_idv6,0.2,1.9333118479434779,1.8151989616137258,2.0585767356705684,1.2787655638408573,0.6614378147018127,80
tep,history_mean,mlp_s123,actuation_idv6,0.35,1.9205305131350596,1.8035677152620468,2.0468826310100265,1.2762654726057145,0.6645379825402244,80
tep,history_mean,mlp_s123,actuation_idv6,0.5,1.8882766805018574,1.7734279440558116,2.0126826781617213,1.278115267456592,0.6768686393547478,80
tep,history_mean,mlp_s123,actuation_idv6,0.75,1.7706459990044983,1.6562652914950025,1.8918688634020426,1.316086497294911,0.7432804174492518,80
tep,history_mean,mlp_s123,actuation_idv6,1.0,1.5925149323945353,1.4837330656539027,1.7148881700671863,1.4530145486735775,0.9124024642511813,78
tep,history_mean,mlp_s2024,actuation_idv6,0.0,1.9183258681668405,1.8081573893894007,2.034270603019317,1.2843344435448667,0.6695079625716467,80
tep,history_mean,mlp_s2024,actuation_idv6,0.05,1.9178222817050916,1.8066402193986602,2.034352190275186,1.282812987563914,0.6688904388071842,80
tep,history_mean,mlp_s2024,actuation_idv6,0.1,1.9169934416720267,1.8062252211780536,2.0339542291188826,1.2813656511373952,0.668424640002822,80
tep,history_mean,mlp_s2024,actuation_idv6,0.2,1.9146247079440253,1.8032333838156738,2.0322913356256374,1.2787655638408573,0.6678935869442684,80
tep,history_mean,mlp_s2024,actuation_idv6,0.35,1.9072547705410587,1.7957689904882774,2.026566736883489,1.2762654726057145,0.6691636022195702,80
tep,history_mean,mlp_s2024,actuation_idv6,0.5,1.8833152209699453,1.7707467225313775,2.0019832505796087,1.278115267456592,0.6786518014750271,80
tep,history_mean,mlp_s2024,actuation_idv6,0.75,1.776201417380662,1.6689027565331884,1.890421708816737,1.316086497294911,0.7409556621319018,80
tep,history_mean,mlp_s2024,actuation_idv6,1.0,1.5975486086991824,1.4964180129861733,1.7115242106695407,1.4530145486735775,0.9095275979468987,78
tep,history_mean,mlp_s31337,actuation_idv6,0.0,1.9634183515022523,1.847572990903052,2.0843684204909176,1.2843344435448667,0.6541318321498807,80
tep,history_mean,mlp_s31337,actuation_idv6,0.05,1.9616922676119628,1.8448257830762198,2.0817103452531445,1.282812987563914,0.6539318162912104,80
tep,history_mean,mlp_s31337,actuation_idv6,0.1,1.9596396624086876,1.8420318702699512,2.081102843840117,1.2813656511373952,0.6538781979756456,80
tep,history_mean,mlp_s31337,actuation_idv6,0.2,1.9545768281007276,1.838730096534303,2.075824078957769,1.2787655638408573,0.6542416473254932,80
tep,history_mean,mlp_s31337,actuation_idv6,0.35,1.9422649617429402,1.8272282006341949,2.060249436798132,1.2762654726057145,0.6571016301815102,80
tep,history_mean,mlp_s31337,actuation_idv6,0.5,1.9109980799843027,1.7960854519904368,2.029398416079751,1.278115267456592,0.6688208014667868,80
tep,history_mean,mlp_s31337,actuation_idv6,0.75,1.7927847088829794,1.6779124885759324,1.9122000131807273,1.316086497294911,0.7341018086409928,80
tep,history_mean,mlp_s31337,actuation_idv6,1.0,1.6137880408244507,1.5089985479596406,1.7296136265266466,1.4530145486735775,0.9003750876300103,78
tep,history_mean,mlp_s42,actuation_idv6,0.0,1.920986518323409,1.806535328704552,2.04198440716408,1.2843344435448667,0.6685806648272592,80
tep,history_mean,mlp_s42,actuation_idv6,0.05,1.9198567660702874,1.8052410317276135,2.040653509293128,1.282812987563914,0.6681816113759755,80
tep,history_mean,mlp_s42,actuation_idv6,0.1,1.9183581021884941,1.8032366925539085,2.039703100520481,1.2813656511373952,0.6679491434240523,80
tep,history_mean,mlp_s42,actuation_idv6,0.2,1.9144925213030548,1.7974864273745244,2.0366617659297193,1.2787655638408573,0.6679397018330974,80
tep,history_mean,mlp_s42,actuation_idv6,0.35,1.904383726572893,1.7882227950496634,2.02680861876683,1.2762654726057145,0.6701724315311532,80
tep,history_mean,mlp_s42,actuation_idv6,0.5,1.877625452665901,1.7622475022517883,1.9971234061257745,1.278115267456592,0.6807083199910243,80
tep,history_mean,mlp_s42,actuation_idv6,0.75,1.7717391937794695,1.6603064328003843,1.8901052660240787,1.316086497294911,0.742821800136079,80
tep,history_mean,mlp_s42,actuation_idv6,1.0,1.6044891425067156,1.5005971487576377,1.71609588935429,1.4530145486735775,0.9055932571806081,78
tep,history_mean,mlp_s7,actuation_idv6,0.0,1.9131345228324732,1.796322442310771,2.035335100116241,1.2843344435448667,0.6713246916078632,80
tep,history_mean,mlp_s7,actuation_idv6,0.05,1.9117146574105035,1.794326604521695,2.0341576731668796,1.282812987563914,0.6710274373799787,80
tep,history_mean,mlp_s7,actuation_idv6,0.1,1.9098851708302012,1.7927190328414815,2.0308329657447803,1.2813656511373952,0.6709124039014361,80
tep,history_mean,mlp_s7,actuation_idv6,0.2,1.9050741724442406,1.7874545073853099,2.027090269937688,1.2787655638408573,0.6712418772651674,80
tep,history_mean,mlp_s7,actuation_idv6,0.35,1.8917032233084135,1.7732800294982207,2.0152421257912057,1.2762654726057145,0.6746647449136576,80
tep,history_mean,mlp_s7,actuation_idv6,0.5,1.8586484385494213,1.7413057431142474,1.9780745145937457,1.278115267456592,0.6876584301515862,80
tep,history_mean,mlp_s7,actuation_idv6,0.75,1.7376439688050997,1.6251630996390802,1.8558326606972284,1.316086497294911,0.7573970968287163,80
tep,history_mean,mlp_s7,actuation_idv6,1.0,1.5621836757945433,1.4582270849745795,1.6741427086433431,1.4530145486735775,0.9301176111282553,78
tep,history_mean,ridge,actuation_idv6,0.0,1.9652017123047585,1.8446710389859076,2.0879001234687196,1.2843344435448667,0.6535382274009007,80
tep,history_mean,ridge,actuation_idv6,0.05,1.963204552932041,1.8430006747513268,2.0847646385618805,1.282812987563914,0.6534280830023729,80
tep,history_mean,ridge,actuation_idv6,0.1,1.9607837817170737,1.8411983638316687,2.0813494598312574,1.2813656511373952,0.6534966593895902,80
tep,history_mean,ridge,actuation_idv6,0.2,1.9551559625014259,1.8344148720894171,2.076527665963286,1.2787655638408573,0.6540478551924855,80
tep,history_mean,ridge,actuation_idv6,0.35,1.9447755015439538,1.8239020489250295,2.0648860689847366,1.2762654726057145,0.6562533678527366,80
tep,history_mean,ridge,actuation_idv6,0.5,1.9277259015409367,1.8097086994528495,2.0496122196158666,1.278115267456592,0.6630171158850564,80
tep,history_mean,ridge,actuation_idv6,0.75,1.872848856565093,1.7617057671311216,1.9913666169509836,1.316086497294911,0.7027190115643851,80
tep,history_mean,ridge,actuation_idv6,1.0,1.7812816481292293,1.677349451590785,1.888591878350451,1.4530145486735775,0.8157129728471573,78
tep,drift,gru_s123,actuation_idv6,0.0,3.518760325427404,3.358532893757267,3.680614146431289,2.267805633435864,0.6444899406896678,80
tep,drift,gru_s123,actuation_idv6,0.05,3.5192238502502593,3.357591776375351,3.6824808389235852,2.2667512762928634,0.6441054541420177,80
tep,drift,gru_s123,actuation_idv6,0.1,3.5196264976644507,3.3577269609680966,3.6850720144028535,2.2661606869311646,0.6438639692123413,80
tep,drift,gru_s123,actuation_idv6,0.2,3.520328565455951,3.3550963324604792,3.687963866875313,2.2665567425986657,0.6438480671491249,80
tep,drift,gru_s123,actuation_idv6,0.35,3.5142061737215897,3.346716610642427,3.688251179264352,2.272317635260633,0.6466090840806359,80
tep,drift,gru_s123,actuation_idv6,0.5,3.4697129026090328,3.3030056894120317,3.6457630252070365,2.2875270905993803,0.6592842563081476,80
tep,drift,gru_s123,actuation_idv6,0.75,3.2122839503358596,3.023224945871977,3.414054876050009,2.3546556814528357,0.7330160464820195,80
tep,drift,gru_s123,actuation_idv6,1.0,2.6961195369955417,2.4986223592308243,2.918480109606876,2.4902249754902037,0.9236329996945242,78
tep,drift,gru_s2024,actuation_idv6,0.0,3.5231453763438156,3.359720903501048,3.686443461499343,2.267805633435864,0.6436877821344134,80
tep,drift,gru_s2024,actuation_idv6,0.05,3.522131787630114,3.3560307676020527,3.6853671343685708,2.2667512762928634,0.6435736687235261,80
tep,drift,gru_s2024,actuation_idv6,0.1,3.5210105054035843,3.3538601450333068,3.6873815551432614,2.2661606869311646,0.6436108848449498,80
tep,drift,gru_s2024,actuation_idv6,0.2,3.5185671013999538,3.3498272398048043,3.687619129863612,2.2665567425986657,0.6441703901843614,80
tep,drift,gru_s2024,actuation_idv6,0.35,3.508191111698249,3.3399640179537293,3.6796458191658807,2.272317635260633,0.647717744818254,80
tep,drift,gru_s2024,actuation_idv6,0.5,3.4624587891227008,3.297856353609294,3.6363929892416844,2.2875270905993803,0.6606655067738674,80
tep,drift,gru_s2024,actuation_idv6,0.75,3.2211662742774156,3.036132422781676,3.413004527575926,2.3546556814528357,0.7309947643050625,80
tep,drift,gru_s2024,actuation_idv6,1.0,2.7398993203063253,2.5476882676960537,2.9546775483688825,2.4902249754902037,0.9088746279961092,78
tep,drift,gru_s31337,actuation_idv6,0.0,3.5223602304286725,3.3622138043567196,3.6824042587730057,2.267805633435864,0.643831262301037,80
tep,drift,gru_s31337,actuation_idv6,0.05,3.5217814721364915,3.3621622285552824,3.6827487454926153,2.2667512762928634,0.6436376857073238,80
tep,drift,gru_s31337,actuation_idv6,0.1,3.5211093202870103,3.360931921421755,3.682780215068436,2.2661606869311646,0.6435928228284735,80
tep,drift,gru_s31337,actuation_idv6,0.2,3.5196490202521895,3.3565032434885222,3.68409691446559,2.2665567425986657,0.6439723760968253,80
tep,drift,gru_s31337,actuation_idv6,0.35,3.5114289591966052,3.3452608231342986,3.6818802734573604,2.272317635260633,0.6471204918753436,80
tep,drift,gru_s31337,actuation_idv6,0.5,3.466646397553868,3.300198284208838,3.640865170835241,2.2875270905993803,0.6598674419789405,80
tep,drift,gru_s31337,actuation_idv6,0.75,3.215478266778453,3.029510178255363,3.4148149128462264,2.3546556814528357,0.7322878545877828,80
tep,drift,gru_s31337,actuation_idv6,1.0,2.7103416804308718,2.516879478674816,2.924924069271791,2.4902249754902037,0.9187863631622728,78
tep,drift,gru_s42,actuation_idv6,0.0,3.5282386781318436,3.365640794063725,3.6911280777272233,2.267805633435864,0.642758566049346,80
tep,drift,gru_s42,actuation_idv6,0.05,3.5266222219192307,3.365144687394878,3.690294150231905,2.2667512762928634,0.6427542088869587,80
tep,drift,gru_s42,actuation_idv6,0.1,3.524786812124402,3.362429850582667,3.689173127910813,2.2661606869311646,0.642921347508487,80
tep,drift,gru_s42,actuation_idv6,0.2,3.5203533789876524,3.3571752052451758,3.6862171541122435,2.2665567425986657,0.6438435289273314,80
tep,drift,gru_s42,actuation_idv6,0.35,3.5048555186289865,3.337497752902985,3.6768312064173054,2.272317635260633,0.6483341818750658,80
tep,drift,gru_s42,actuation_idv6,0.5,3.4515200764989427,3.284497085874116,3.6232994072863853,2.2875270905993803,0.6627593176047055,80
tep,drift,gru_s42,actuation_idv6,0.75,3.195063053777078,3.011350541304123,3.389429177718182,2.3546556814528357,0.7369668897987018,80
tep,drift,gru_s42,actuation_idv6,1.0,2.7078057399816937,2.5166820167082884,2.917618880061127,2.4902249754902037,0.9196468338629931,78
tep,drift,gru_s7,actuation_idv6,0.0,3.5375275345379467,3.374655772269487,3.7013133174617927,2.267805633435864,0.641070807589367,80
tep,drift,gru_s7,actuation_idv6,0.05,3.5363016465268844,3.370773785640691,3.7008451878066144,2.2667512762928634,0.6409948875597512,80
tep,drift,gru_s7,actuation_idv6,0.1,3.534934157024741,3.37101419833553,3.7001568753641463,2.2661606869311646,0.6410757842342758,80
tep,drift,gru_s7,actuation_idv6,0.2,3.5317683844070005,3.3694124737317486,3.701227582041924,2.2665567425986657,0.641762566482465,80
tep,drift,gru_s7,actuation_idv6,0.35,3.5192733509087057,3.3521910061777276,3.692584594429219,2.272317635260633,0.6456780729106768,80
tep,drift,gru_s7,actuation_idv6,0.5,3.4700153861064336,3.302626076511706,3.6439010921199446,2.2875270905993803,0.6592267860708605,80
tep,drift,gru_s7,actuation_idv6,0.75,3.2177248926964133,3.0357062218753605,3.412317114484696,2.3546556814528357,0.7317765688413665,80
tep,drift,gru_s7,actuation_idv6,1.0,2.7204073908957405,2.529425724822866,2.9335798050571076,2.4902249754902037,0.9153867850176127,78
tep,drift,mlp_s123,actuation_idv6,0.0,3.4301185898632673,3.2729351925166688,3.5957936568083966,2.267805633435864,0.6611449645320466,80
tep,drift,mlp_s123,actuation_idv6,0.05,3.4293047994755392,3.271249333324175,3.595147378164223,2.2667512762928634,0.660994402317207,80
tep,drift,mlp_s123,actuation_idv6,0.1,3.4283567024116715,3.268220008060931,3.5952329881575507,2.2661606869311646,0.6610049314113196,80
tep,drift,mlp_s123,actuation_idv6,0.2,3.4267117667296776,3.2652083615132903,3.5971005747467593,2.2665567425986657,0.6614378147018127,80
tep,drift,mlp_s123,actuation_idv6,0.35,3.4193946696238537,3.2510515206292907,3.5921359325042657,2.272317635260633,0.6645379825402244,80
tep,drift,mlp_s123,actuation_idv6,0.5,3.3795731661907946,3.2127974148307845,3.549962048436492,2.2875270905993803,0.6768686393547478,80
tep,drift,mlp_s123,actuation_idv6,0.75,3.1679237420695294,2.9842568613219678,3.365541647422329,2.3546556814528357,0.7432804174492518,80
tep,drift,mlp_s123,actuation_idv6,1.0,2.729305403108439,2.530969755919935,2.9569657005252408,2.4902249754902037,0.9124024642511813,78
tep,drift,mlp_s2024,actuation_idv6,0.0,3.3872720866903463,3.2305277694583507,3.544910405075705,2.267805633435864,0.6695079625716467,80
tep,drift,mlp_s2024,actuation_idv6,0.05,3.388822959310205,3.2313176811182682,3.55009322314316,2.2667512762928634,0.6688904388071842,80
tep,drift,mlp_s2024,actuation_idv6,0.1,3.3903009424093002,3.232622775976684,3.5547022981651573,2.2661606869311646,0.668424640002822,80
tep,drift,mlp_s2024,actuation_idv6,0.2,3.3935896180236806,3.231641132834957,3.5585817914227316,2.2665567425986657,0.6678935869442684,80
tep,drift,mlp_s2024,actuation_idv6,0.35,3.395757969685605,3.231564669010142,3.5672892041650193,2.272317635260633,0.6691636022195702,80
tep,drift,mlp_s2024,actuation_idv6,0.5,3.370693315228098,3.202996775086148,3.54335314040125,2.2875270905993803,0.6786518014750271,80
tep,drift,mlp_s2024,actuation_idv6,0.75,3.177863132428118,2.9996259767214566,3.369878999444604,2.3546556814528357,0.7409556621319018,80
tep,drift,mlp_s2024,actuation_idv6,1.0,2.737932286069665,2.5438520310481527,2.960120745855354,2.4902249754902037,0.9095275979468987,78
tep,drift,mlp_s31337,actuation_idv6,0.0,3.4668938614139226,3.3088392813781056,3.6290538558680323,2.267805633435864,0.6541318321498807,80
tep,drift,mlp_s31337,actuation_idv6,0.05,3.4663419332443497,3.308255002874733,3.627224648744884,2.2667512762928634,0.6539318162912104,80
tep,drift,mlp_s31337,actuation_idv6,0.1,3.4657229648381245,3.3037521855090946,3.6260460490361823,2.2661606869311646,0.6538781979756456,80
tep,drift,mlp_s31337,actuation_idv6,0.2,3.4644030257997716,3.30143172625731,3.627718581874748,2.2665567425986657,0.6542416473254932,80
tep,drift,mlp_s31337,actuation_idv6,0.35,3.458091611541055,3.2902103126644775,3.6274894637902255,2.272317635260633,0.6571016301815102,80
tep,drift,mlp_s31337,actuation_idv6,0.5,3.4202391516271904,3.251762914487355,3.589537334955021,2.2875270905993803,0.6688208014667868,80
tep,drift,mlp_s31337,actuation_idv6,0.75,3.207532870422831,3.023402300488668,3.4009822118560753,2.3546556814528357,0.7341018086409928,80
tep,drift,mlp_s31337,actuation_idv6,1.0,2.7657639684867736,2.5660095643639798,2.9869580822880075,2.4902249754902037,0.9003750876300103,78
tep,drift,mlp_s42,actuation_idv6,0.0,3.3919701133172846,3.2340351326837684,3.551853234051696,2.267805633435864,0.6685806648272592,80
tep,drift,mlp_s42,actuation_idv6,0.05,3.3924179260560305,3.23454614932006,3.554864514636856,2.2667512762928634,0.6681816113759755,80
tep,drift,mlp_s42,actuation_idv6,0.1,3.3927144143255172,3.2325398202540847,3.5568759532605503,2.2661606869311646,0.6679491434240523,80
tep,drift,mlp_s42,actuation_idv6,0.2,3.3933553229106086,3.2287755383907464,3.560655841276641,2.2665567425986657,0.6679397018330974,80
tep,drift,mlp_s42,actuation_idv6,0.35,3.3906462402057245,3.220101431050588,3.5573370001657434,2.272317635260633,0.6701724315311532,80
tep,drift,mlp_s42,actuation_idv6,0.5,3.360509962078241,3.1941403094718748,3.5283284037023512,2.2875270905993803,0.6807083199910243,80
tep,drift,mlp_s42,actuation_idv6,0.75,3.169879614493653,2.988576099821105,3.3597606226474133,2.3546556814528357,0.742821800136079,80
tep,drift,mlp_s42,actuation_idv6,1.0,2.7498272052544253,2.554803931351534,2.9652024755667292,2.4902249754902037,0.9055932571806081,78
tep,drift,mlp_s7,actuation_idv6,0.0,3.378105500639835,3.2185962899780627,3.5411800677221983,2.267805633435864,0.6713246916078632,80
tep,drift,mlp_s7,actuation_idv6,0.05,3.3780306884966964,3.2182770516182777,3.5407657433272517,2.2667512762928634,0.6710274373799787,80
tep,drift,mlp_s7,actuation_idv6,0.1,3.377729601887174,3.2165490624775455,3.5412831837634844,2.2661606869311646,0.6709124039014361,80
tep,drift,mlp_s7,actuation_idv6,0.2,3.3766617062589575,3.212569726564207,3.544969659546265,2.2665567425986657,0.6712418772651674,80
tep,drift,mlp_s7,actuation_idv6,0.35,3.3680693298290554,3.1975850867293123,3.542532232135911,2.272317635260633,0.6746647449136576,80
tep,drift,mlp_s7,actuation_idv6,0.5,3.326545549794426,3.157852434575534,3.5012290723276687,2.2875270905993803,0.6876584301515862,80
tep,drift,mlp_s7,actuation_idv6,0.75,3.1088786731715397,2.93043045028187,3.3001211346843857,2.3546556814528357,0.7573970968287163,80
tep,drift,mlp_s7,actuation_idv6,1.0,2.6773226801603083,2.4894232339290094,2.8873225512750365,2.4902249754902037,0.9301176111282553,78
tep,drift,ridge,actuation_idv6,0.0,3.4700428197671767,3.3065739243813,3.6390830065635296,2.267805633435864,0.6535382274009007,80
tep,drift,ridge,actuation_idv6,0.05,3.469014165839934,3.3033561713950212,3.6392072763616854,2.2667512762928634,0.6534280830023729,80
tep,drift,ridge,actuation_idv6,0.1,3.467746398348709,3.3020155976200396,3.638489432810629,2.2661606869311646,0.6534966593895902,80
tep,drift,ridge,actuation_idv6,0.2,3.465429516516984,3.301509641989957,3.6377624060912535,2.2665567425986657,0.6540478551924855,80
tep,drift,ridge,actuation_idv6,0.35,3.462561483982421,3.298829226515349,3.6381386168465113,2.272317635260633,0.6562533678527366,80
tep,drift,ridge,actuation_idv6,0.5,3.450178035820053,3.279397202787434,3.629106846800392,2.2875270905993803,0.6630171158850564,80
tep,drift,ridge,actuation_idv6,0.75,3.3507783946401677,3.165224005984351,3.5435908268674376,2.3546556814528357,0.7027190115643851,80
tep,drift,ridge,actuation_idv6,1.0,3.052820119800651,2.8474479170570746,3.2685833631271097,2.4902249754902037,0.8157129728471573,78
tep,ar1,gru_s123,actuation_idv6,0.0,1.6242699319820433,1.5469096966556974,1.705274492864206,1.0468256321271179,0.6444899406896678,80
tep,ar1,gru_s123,actuation_idv6,0.05,1.6221318467011698,1.5442721444337864,1.7033381135832033,1.0448239697976869,0.6441054541420177,80
tep,ar1,gru_s123,actuation_idv6,0.1,1.6197890971892257,1.5421735843443087,1.6999513668807662,1.0429238374031298,0.6438639692123413,80
tep,ar1,gru_s123,actuation_idv6,0.2,1.6144380520201473,1.5374262998340276,1.6959194663766004,1.0394528193251702,0.6438480671491249,80
tep,ar1,gru_s123,actuation_idv6,0.35,1.6015926802886866,1.5248828085054582,1.6843792508331517,1.0356043760717184,0.6466090840806359,80
tep,ar1,gru_s123,actuation_idv6,0.5,1.5721431875261362,1.4960322057543816,1.6510153004611396,1.0364892521980893,0.6592842563081476,80
tep,ar1,gru_s123,actuation_idv6,0.75,1.465237917266577,1.3833623162092255,1.5542138222999573,1.0740429052702947,0.7330160464820195,80
tep,ar1,gru_s123,actuation_idv6,1.0,1.31219948915897,1.2314931156918718,1.3996874731216136,1.2119907503695215,0.9236329996945242,78
tep,ar1,gru_s2024,actuation_idv6,0.0,1.6262940841535536,1.5459166006665477,1.710090182221511,1.0468256321271179,0.6436877821344134,80
tep,ar1,gru_s2024,actuation_idv6,0.05,1.6234722154963346,1.5438066553125231,1.7061896511576613,1.0448239697976869,0.6435736687235261,80
tep,ar1,gru_s2024,actuation_idv6,0.1,1.6204260399579433,1.5412986705185066,1.702082350704615,1.0429238374031298,0.6436108848449498,80
tep,ar1,gru_s2024,actuation_idv6,0.2,1.6136302369124402,1.5353870011185478,1.696405841692456,1.0394528193251702,0.6441703901843614,80
tep,ar1,gru_s2024,actuation_idv6,0.35,1.598851327382274,1.5196143679624763,1.6811264399341643,1.0356043760717184,0.647717744818254,80
tep,ar1,gru_s2024,actuation_idv6,0.5,1.5688563146870311,1.4921261757962991,1.6481390265919809,1.0364892521980893,0.6606655067738674,80
tep,ar1,gru_s2024,actuation_idv6,0.75,1.4692894637779779,1.3904995804398768,1.5552352234444389,1.0740429052702947,0.7309947643050625,80
tep,ar1,gru_s2024,actuation_idv6,1.0,1.3335070790145436,1.2548991171135573,1.418898101806586,1.2119907503695215,0.9088746279961092,78
tep,ar1,gru_s31337,actuation_idv6,0.0,1.625931658530822,1.5463866405142603,1.7099856276350438,1.0468256321271179,0.643831262301037,80
tep,ar1,gru_s31337,actuation_idv6,0.05,1.6233107429834233,1.5437201835493122,1.7077014814911051,1.0448239697976869,0.6436376857073238,80
tep,ar1,gru_s31337,actuation_idv6,0.1,1.6204715161671148,1.5412545164949514,1.7048265640635245,1.0429238374031298,0.6435928228284735,80
tep,ar1,gru_s31337,actuation_idv6,0.2,1.6141264096223933,1.5340349521012357,1.6985812817370043,1.0394528193251702,0.6439723760968253,80
tep,ar1,gru_s31337,actuation_idv6,0.35,1.6003269701297134,1.5203902906947981,1.6824958648977943,1.0356043760717184,0.6471204918753436,80
tep,ar1,gru_s31337,actuation_idv6,0.5,1.570753739705146,1.4927520464531883,1.6522641431521543,1.0364892521980893,0.6598674419789405,80
tep,ar1,gru_s31337,actuation_idv6,0.75,1.4666949595591634,1.3852382274972534,1.5530831412490618,1.0740429052702947,0.7322878545877828,80
tep,ar1,gru_s31337,actuation_idv6,1.0,1.3191213964017705,1.239533261921258,1.4058486544075568,1.2119907503695215,0.9187863631622728,78
tep,ar1,gru_s42,actuation_idv6,0.0,1.6286451669735518,1.5505776010776309,1.7139212424967771,1.0468256321271179,0.642758566049346,80
tep,ar1,gru_s42,actuation_idv6,0.05,1.6255420117854729,1.547798169834538,1.7089182021413938,1.0448239697976869,0.6427542088869587,80
tep,ar1,gru_s42,actuation_idv6,0.1,1.622163957449496,1.5447212026396546,1.705523960758537,1.0429238374031298,0.642921347508487,80
tep,ar1,gru_s42,actuation_idv6,0.2,1.6144494316141367,1.5376809607232527,1.6977163830330448,1.0394528193251702,0.6438435289273314,80
tep,ar1,gru_s42,actuation_idv6,0.35,1.59733113727957,1.5201342793459918,1.679912406611771,1.0356043760717184,0.6483341818750658,80
tep,ar1,gru_s42,actuation_idv6,0.5,1.5638999326996867,1.487874165879222,1.6444125565694432,1.0364892521980893,0.6627593176047055,80
tep,ar1,gru_s42,actuation_idv6,0.75,1.4573828487242666,1.3796559235533492,1.5435863485906285,1.0740429052702947,0.7369668897987018,80
tep,ar1,gru_s42,actuation_idv6,1.0,1.3178871559623955,1.2394982482733363,1.4027994337577516,1.2119907503695215,0.9196468338629931,78
tep,ar1,gru_s7,actuation_idv6,0.0,1.63293292992629,1.5533308319885635,1.7153527920284206,1.0468256321271179,0.641070807589367,80
tep,ar1,gru_s7,actuation_idv6,0.05,1.6300035929698304,1.5507693318557962,1.7120372905311425,1.0448239697976869,0.6409948875597512,80
tep,ar1,gru_s7,actuation_idv6,0.1,1.6268339298587544,1.5485759634361667,1.7095113022650343,1.0429238374031298,0.6410757842342758,80
tep,ar1,gru_s7,actuation_idv6,0.2,1.619684402944327,1.541114302170894,1.703264775596587,1.0394528193251702,0.641762566482465,80
tep,ar1,gru_s7,actuation_idv6,0.35,1.6039020365106684,1.5245772166550602,1.686002363571023,1.0356043760717184,0.6456780729106768,80
tep,ar1,gru_s7,actuation_idv6,0.5,1.5722802442173167,1.4961443401186785,1.6511453074283937,1.0364892521980893,0.6592267860708605,80
tep,ar1,gru_s7,actuation_idv6,0.75,1.4677197262148525,1.3900499757261189,1.5523414513984,1.0740429052702947,0.7317765688413665,80
tep,ar1,gru_s7,actuation_idv6,1.0,1.3240203706307623,1.2458589289672137,1.4091865723135988,1.2119907503695215,0.9153867850176127,78
tep,ar1,mlp_s123,actuation_idv6,0.0,1.583352650757997,1.5035461103377756,1.6674912590836632,1.0468256321271179,0.6611449645320466,80
tep,ar1,mlp_s123,actuation_idv6,0.05,1.5806850498807743,1.5017314885450221,1.6640635079350499,1.0448239697976869,0.660994402317207,80
tep,ar1,mlp_s123,actuation_idv6,0.1,1.5777852597504387,1.4986502759634253,1.6623045968043144,1.0429238374031298,0.6610049314113196,80
tep,ar1,mlp_s123,actuation_idv6,0.2,1.5715049793362252,1.4927936424189618,1.6567180269306918,1.0394528193251702,0.6614378147018127,80
tep,ar1,mlp_s123,actuation_idv6,0.35,1.558382520308436,1.4794491103039398,1.643324569875576,1.0356043760717184,0.6645379825402244,80
tep,ar1,mlp_s123,actuation_idv6,0.5,1.5313004502412229,1.4512823380588247,1.6143344353724827,1.0364892521980893,0.6768686393547478,80
tep,ar1,mlp_s123,actuation_idv6,0.75,1.445003635311872,1.3664899251390565,1.5322250747359554,1.0740429052702947,0.7432804174492518,80
tep,ar1,mlp_s123,actuation_idv6,1.0,1.3283510269387704,1.2457219180780663,1.4230666978692144,1.2119907503695215,0.9124024642511813,78
tep,ar1,mlp_s2024,actuation_idv6,0.0,1.563574581109023,1.4894987052643889,1.6416576604531585,1.0468256321271179,0.6695079625716467,80
tep,ar1,mlp_s2024,actuation_idv6,0.05,1.5620255712742668,1.4879112782139674,1.640437334674633,1.0448239697976869,0.6688904388071842,80
tep,ar1,mlp_s2024,actuation_idv6,0.1,1.5602713828723112,1.4864265864403179,1.6394185547861218,1.0429238374031298,0.668424640002822,80
tep,ar1,mlp_s2024,actuation_idv6,0.2,1.5563150173081481,1.4825862889625876,1.6354910765837465,1.0394528193251702,0.6678935869442684,80
tep,ar1,mlp_s2024,actuation_idv6,0.35,1.547610139936914,1.472321447357703,1.628411653004148,1.0356043760717184,0.6691636022195702,80
tep,ar1,mlp_s2024,actuation_idv6,0.5,1.5272769481276176,1.4524576483822405,1.6073856082095033,1.0364892521980893,0.6786518014750271,80
tep,ar1,mlp_s2024,actuation_idv6,0.75,1.4495373477274247,1.3732434441350743,1.5308663561049771,1.0740429052702947,0.7409556621319018,80
tep,ar1,mlp_s2024,actuation_idv6,1.0,1.3325497248300997,1.253567644889957,1.4210281625269077,1.2119907503695215,0.9095275979468987,78
tep,ar1,mlp_s31337,actuation_idv6,0.0,1.6003282223502304,1.5224003759495464,1.6796271175716797,1.0468256321271179,0.6541318321498807,80
tep,ar1,mlp_s31337,actuation_idv6,0.05,1.5977567443092622,1.5199998145492237,1.676087273746577,1.0448239697976869,0.6539318162912104,80
tep,ar1,mlp_s31337,actuation_idv6,0.1,1.5949818186811218,1.5171897685880749,1.673106298528739,1.0429238374031298,0.6538781979756456,80
tep,ar1,mlp_s31337,actuation_idv6,0.2,1.5887903553288008,1.5106456130342212,1.667058053174255,1.0394528193251702,0.6542416473254932,80
tep,ar1,mlp_s31337,actuation_idv6,0.35,1.5760185768914543,1.4968853563536844,1.654338623368638,1.0356043760717184,0.6571016301815102,80
tep,ar1,mlp_s31337,actuation_idv6,0.5,1.5497263989471786,1.4718717785070108,1.6274551822419734,1.0364892521980893,0.6688208014667868,80
tep,ar1,mlp_s31337,actuation_idv6,0.75,1.4630707793223099,1.3847353915933245,1.5482124763059926,1.0740429052702947,0.7341018086409928,80
tep,ar1,mlp_s31337,actuation_idv6,1.0,1.3460953851574833,1.264155234059358,1.4357854522161375,1.2119907503695215,0.9003750876300103,78
tep,ar1,mlp_s42,actuation_idv6,0.0,1.565743203772705,1.4882237348054497,1.6450410078711748,1.0468256321271179,0.6685806648272592,80
tep,ar1,mlp_s42,actuation_idv6,0.05,1.5636826156381314,1.485814219123922,1.6428905599278607,1.0448239697976869,0.6681816113759755,80
tep,ar1,mlp_s42,actuation_idv6,0.1,1.5613821017224092,1.483676917520006,1.6409186903046362,1.0429238374031298,0.6679491434240523,80
tep,ar1,mlp_s42,actuation_idv6,0.2,1.5562075685462178,1.477460007154339,1.6367802771751132,1.0394528193251702,0.6679397018330974,80
tep,ar1,mlp_s42,actuation_idv6,0.35,1.545280479093503,1.4664614615963094,1.6270112447661549,1.0356043760717184,0.6701724315311532,80
tep,ar1,mlp_s42,actuation_idv6,0.5,1.5226628230601857,1.445070804216256,1.6022946369572257,1.0364892521980893,0.6807083199910243,80
tep,ar1,mlp_s42,actuation_idv6,0.75,1.4458957788712428,1.37074640528291,1.5280830867385982,1.0740429052702947,0.742821800136079,80
tep,ar1,mlp_s42,actuation_idv6,1.0,1.3383389736611153,1.2593965033432541,1.4228322157521598,1.2119907503695215,0.9055932571806081,78
tep,ar1,mlp_s7,actuation_idv6,0.0,1.5593432585056677,1.482799552709485,1.640938545579044,1.0468256321271179,0.6713246916078632,80
tep,ar1,mlp_s7,actuation_idv6,0.05,1.557051040829558,1.4798527249467406,1.638503403157695,1.0448239697976869,0.6710274373799787,80
tep,ar1,mlp_s7,actuation_idv6,0.1,1.5544858484332715,1.4766201725638108,1.63676767401023,1.0429238374031298,0.6709124039014361,80
tep,ar1,mlp_s7,actuation_idv6,0.2,1.5485518030552565,1.4702433926297511,1.6310527706556344,1.0394528193251702,0.6712418772651674,80
tep,ar1,mlp_s7,actuation_idv6,0.35,1.5349910957689856,1.4561647870478762,1.6201777190704352,1.0356043760717184,0.6746647449136576,80
tep,ar1,mlp_s7,actuation_idv6,0.5,1.507273388576953,1.4292099970715277,1.5900522344181345,1.0364892521980893,0.6876584301515862,80
tep,ar1,mlp_s7,actuation_idv6,0.75,1.41807106175532,1.3396568054125437,1.4999391900517935,1.0740429052702947,0.7573970968287163,80
tep,ar1,mlp_s7,actuation_idv6,1.0,1.3030510721104906,1.224743064237335,1.389433523173907,1.2119907503695215,0.9301176111282553,78
tep,ar1,ridge,actuation_idv6,0.0,1.6017817906234924,1.51940006243594,1.6887973010998765,1.0468256321271179,0.6535382274009007,80
tep,ar1,ridge,actuation_idv6,0.05,1.598988468626765,1.5174264834532316,1.6851651739917262,1.0448239697976869,0.6534280830023729,80
tep,ar1,ridge,actuation_idv6,0.1,1.5959130355422027,1.5146196019710176,1.68177241610268,1.0429238374031298,0.6534966593895902,80
tep,ar1,ridge,actuation_idv6,0.2,1.589261108453999,1.509473678708737,1.6741822979627305,1.0394528193251702,0.6540478551924855,80
tep,ar1,ridge,actuation_idv6,0.35,1.5780557126285228,1.4995036912164301,1.660630584756101,1.0356043760717184,0.6562533678527366,80
tep,ar1,ridge,actuation_idv6,0.5,1.5632918477745297,1.4858352748676964,1.6437013520127228,1.0364892521980893,0.6630171158850564,80
tep,ar1,ridge,actuation_idv6,0.75,1.5284102003719418,1.450356826640403,1.6096055411677692,1.0740429052702947,0.7027190115643851,80
tep,ar1,ridge,actuation_idv6,1.0,1.4858054128270142,1.4020668492011823,1.570297895463856,1.2119907503695215,0.8157129728471573,78
tep,persistence,gru_s123,dynamics_idv13,0.0,2.031191908659167,1.9416744125865215,2.124826331427249,1.3090827527410798,0.6444899406896678,80
tep,persistence,gru_s123,dynamics_idv13,0.25,2.0268173497352784,1.9398708191738698,2.117930125579714,1.3143524168363898,0.6484809383578923,80
tep,persistence,gru_s123,dynamics_idv13,0.5,2.0034076014310314,1.9193144790466055,2.092017378569254,1.323083339868769,0.66041645191108,80
tep,persistence,gru_s123,dynamics_idv13,1.0,1.9211346376597196,1.8400850269012252,2.0053780446990173,1.350099875576461,0.7027617164932909,80
tep,persistence,gru_s123,dynamics_idv13,1.5,1.8254585506898795,1.7372768446463385,1.9201726854191554,1.3680830167466598,0.7494462233774808,78
tep,persistence,gru_s123,dynamics_idv13,2.0,1.7313448272459455,1.6301217609112901,1.8391461139748566,1.39666328224403,0.8066927282566267,77
tep,persistence,gru_s123,dynamics_idv13,3.0,1.526103748069982,1.3787086999280922,1.7036970179035087,1.6231309495998003,1.063578378372064,73
tep,persistence,gru_s123,dynamics_idv13,4.0,1.3712006310923452,1.2329773456044903,1.5882232115730661,2.0105632955271346,1.4662794414887712,70
tep,persistence,gru_s123,dynamics_idv13,6.0,1.4267555447047935,1.3180038501940092,1.5717293371196963,1.7558595480187429,1.2306660061952264,61
tep,persistence,gru_s2024,dynamics_idv13,0.0,2.0337231637367323,1.9426394958440756,2.1293127637325937,1.3090827527410798,0.6436877821344134,80
tep,persistence,gru_s2024,dynamics_idv13,0.25,2.0290369608028733,1.9392492408279431,2.1215401846742594,1.3143524168363898,0.6477715498668448,80
tep,persistence,gru_s2024,dynamics_idv13,0.5,2.0053106100031273,1.9196551394771821,2.095156990209192,1.323083339868769,0.6597897269723745,80
tep,persistence,gru_s2024,dynamics_idv13,1.0,1.9222655362614924,1.8386537820661175,2.0062338515787332,1.350099875576461,0.702348270885715,80
tep,persistence,gru_s2024,dynamics_idv13,1.5,1.8284547549376349,1.7379077860597276,1.923324196311422,1.3680830167466598,0.7482181405103034,78
tep,persistence,gru_s2024,dynamics_idv13,2.0,1.7347028238950153,1.6321896733173087,1.8419760017471634,1.39666328224403,0.8051311515755948,77
tep,persistence,gru_s2024,dynamics_idv13,3.0,1.5291741472992615,1.3798412283554693,1.7066959705143532,1.6231309495998003,1.0614428398926832,73
tep,persistence,gru_s2024,dynamics_idv13,4.0,1.3732989799444377,1.2342858304481474,1.5919977782012606,2.0105632955271346,1.4640390220114194,70
tep,persistence,gru_s2024,dynamics_idv13,6.0,1.4295663515146921,1.3194983747170248,1.5741810424819238,1.7558595480187429,1.228246276332909,61
tep,persistence,gru_s31337,dynamics_idv13,0.0,2.0332699410439474,1.9409053373463996,2.130162298395264,1.3090827527410798,0.643831262301037,80
tep,persistence,gru_s31337,dynamics_idv13,0.25,2.0255428597919427,1.9366825610238245,2.1187444794406045,1.3143524168363898,0.6488889684473997,80
tep,persistence,gru_s31337,dynamics_idv13,0.5,1.9994143418436958,1.9127345497452146,2.0883734199397725,1.323083339868769,0.6617354453148165,80
tep,persistence,gru_s31337,dynamics_idv13,1.0,1.9139831196930366,1.8288632002188914,1.999977869262921,1.350099875576461,0.7053875562878471,80
tep,persistence,gru_s31337,dynamics_idv13,1.5,1.8224638567826306,1.7305446419593344,1.918193538512134,1.3680830167466598,0.750677722169957,78
tep,persistence,gru_s31337,dynamics_idv13,2.0,1.7295152974226609,1.6252398055168413,1.8378817132465883,1.39666328224403,0.8075460704657252,77
tep,persistence,gru_s31337,dynamics_idv13,3.0,1.5282723894589052,1.3786428131388984,1.7100770667189338,1.6231309495998003,1.0620691447383148,73
tep,persistence,gru_s31337,dynamics_idv13,4.0,1.3725249164573396,1.233468908458043,1.592055389422496,2.0105632955271346,1.4648646967492966,70
tep,persistence,gru_s31337,dynamics_idv13,6.0,1.424974893157573,1.315557453982198,1.5725556770158868,1.7558595480187429,1.2322038489590292,61
tep,persistence,gru_s42,dynamics_idv13,0.0,2.036663254116132,1.9453067925119645,2.132234894574256,1.3090827527410798,0.642758566049346,80
tep,persistence,gru_s42,dynamics_idv13,0.25,2.0312158396218076,1.9420047148213384,2.12329017233454,1.3143524168363898,0.6470766873702153,80
tep,persistence,gru_s42,dynamics_idv13,0.5,2.0067759465056088,1.9223621080017792,2.093498859104269,1.323083339868769,0.6593079522268785,80
tep,persistence,gru_s42,dynamics_idv13,1.0,1.9227686526262344,1.8389617429128498,2.006919193479826,1.350099875576461,0.7021644927133655,80
tep,persistence,gru_s42,dynamics_idv13,1.5,1.83187424586182,1.7412487643339258,1.9265168198237854,1.3680830167466598,0.7468214697800034,78
tep,persistence,gru_s42,dynamics_idv13,2.0,1.7389402268708969,1.6352773051779583,1.8473230788257762,1.39666328224403,0.8031692295469116,77
tep,persistence,gru_s42,dynamics_idv13,3.0,1.5338852275831958,1.3834914216628746,1.71192193053674,1.6231309495998003,1.058182789958295,73
tep,persistence,gru_s42,dynamics_idv13,4.0,1.3749166834176865,1.2346902801259423,1.5931373879486646,2.0105632955271346,1.462316458717626,70
tep,persistence,gru_s42,dynamics_idv13,6.0,1.4293148086877463,1.3205598516029393,1.5732158618339709,1.7558595480187429,1.2284624334304612,61
tep,persistence,gru_s7,dynamics_idv13,0.0,2.0420252135074644,1.947383551081116,2.1381656822063917,1.3090827527410798,0.641070807589367,80
tep,persistence,gru_s7,dynamics_idv13,0.25,2.037376700726521,1.9449271324748778,2.131078358470878,1.3143524168363898,0.6451199802018432,80
tep,persistence,gru_s7,dynamics_idv13,0.5,2.013380630706409,1.9254089294008367,2.1032211676494414,1.323083339868769,0.6571451615706443,80
tep,persistence,gru_s7,dynamics_idv13,1.0,1.9297248375774805,1.8450057671628128,2.0150198192641096,1.350099875576461,0.6996333618586453,80
tep,persistence,gru_s7,dynamics_idv13,1.5,1.838062212594127,1.7448205849513534,1.9341155407582715,1.3680830167466598,0.7443072423625053,78
tep,persistence,gru_s7,dynamics_idv13,2.0,1.7435952775401358,1.640268405955043,1.8526236422731008,1.39666328224403,0.8010249283391284,77
tep,persistence,gru_s7,dynamics_idv13,3.0,1.5359907959231267,1.3862654717171137,1.7168823184795894,1.6231309495998003,1.056732210836135,73
tep,persistence,gru_s7,dynamics_idv13,4.0,1.376628197878325,1.236743887205862,1.5944503596497779,2.0105632955271346,1.4604984109913175,70
tep,persistence,gru_s7,dynamics_idv13,6.0,1.4316558848967331,1.3224712224378106,1.5770284817796822,1.7558595480187429,1.2264536237668557,61
tep,persistence,mlp_s123,dynamics_idv13,0.0,1.980023781422337,1.8879808938691585,2.0778344677474756,1.3090827527410798,0.6611449645320466,80
tep,persistence,mlp_s123,dynamics_idv13,0.25,1.9727626614089422,1.8839785691789066,2.069652659414637,1.3143524168363898,0.666249641960317,80
tep,persistence,mlp_s123,dynamics_idv13,0.5,1.9486499596764406,1.862133185135871,2.042210037075389,1.323083339868769,0.6789743500615459,80
tep,persistence,mlp_s123,dynamics_idv13,1.0,1.869918226500072,1.7858622424043127,1.958648891743151,1.350099875576461,0.7220101159735977,80
tep,persistence,mlp_s123,dynamics_idv13,1.5,1.7878165316412986,1.6980656667404506,1.8859204163260048,1.3680830167466598,0.7652256216082173,78
tep,persistence,mlp_s123,dynamics_idv13,2.0,1.700218985428507,1.6012323702195759,1.8080289998903716,1.39666328224403,0.8214608201731309,77
tep,persistence,mlp_s123,dynamics_idv13,3.0,1.5064531224911915,1.3660875489341542,1.6782403646627093,1.6231309495998003,1.077452013186883,73
tep,persistence,mlp_s123,dynamics_idv13,4.0,1.3608327248451,1.2273712974359237,1.5698519481976592,2.0105632955271346,1.4774507247068092,70
tep,persistence,mlp_s123,dynamics_idv13,6.0,1.414737583418024,1.3068149596410703,1.556060331692442,1.7558595480187429,1.2411203099422607,61
tep,persistence,mlp_s2024,dynamics_idv13,0.0,1.9552907895415652,1.8698677433785695,2.0507465590609346,1.3090827527410798,0.6695079625716467,80
tep,persistence,mlp_s2024,dynamics_idv13,0.25,1.95105588068611,1.8668314633677665,2.043539566838431,1.3143524168363898,0.6736621077066145,80
tep,persistence,mlp_s2024,dynamics_idv13,0.5,1.930165128525833,1.8494551112791886,2.0205723329790413,1.323083339868769,0.6854767606745005,80
tep,persistence,mlp_s2024,dynamics_idv13,1.0,1.8569321829170398,1.778466911852887,1.940121074606393,1.350099875576461,0.7270593336669948,80
tep,persistence,mlp_s2024,dynamics_idv13,1.5,1.771686732086305,1.685977122471256,1.8623764372014149,1.3680830167466598,0.7721923926898921,78
tep,persistence,mlp_s2024,dynamics_idv13,2.0,1.6867597153893215,1.591315134820388,1.787380414952334,1.39666328224403,0.828015555210047,77
tep,persistence,mlp_s2024,dynamics_idv13,3.0,1.498182817834308,1.358398664028141,1.6654773626532235,1.6231309495998003,1.083399789583831,73
tep,persistence,mlp_s2024,dynamics_idv13,4.0,1.3530298118990958,1.2208420998250782,1.5563074755197674,2.0105632955271346,1.4859711721393138,70
tep,persistence,mlp_s2024,dynamics_idv13,6.0,1.4057055599982355,1.3002872668479213,1.5454089028582838,1.7558595480187429,1.249094830371836,61
tep,persistence,mlp_s31337,dynamics_idv13,0.0,2.0012521763978772,1.9097377995731617,2.0957564428868434,1.3090827527410798,0.6541318321498807,80
tep,persistence,mlp_s31337,dynamics_idv13,0.25,1.9966893558876586,1.9070812653586384,2.08994341102937,1.3143524168363898,0.6582658503991846,80
tep,persistence,mlp_s31337,dynamics_idv13,0.5,1.9744868753939735,1.8877912883279975,2.0628531899000606,1.323083339868769,0.6700897110824154,80
tep,persistence,mlp_s31337,dynamics_idv13,1.0,1.8972244114721675,1.813647444891727,1.9802525724630284,1.350099875576461,0.7116184397652988,80
tep,persistence,mlp_s31337,dynamics_idv13,1.5,1.8118155413183488,1.7216364603859946,1.9056607782379624,1.3680830167466598,0.7550895693008508,78
tep,persistence,mlp_s31337,dynamics_idv13,2.0,1.7204600921955027,1.6213676078192036,1.8282865392174494,1.39666328224403,0.8117963843391036,77
tep,persistence,mlp_s31337,dynamics_idv13,3.0,1.521324496987566,1.3778660243851204,1.6978737206127787,1.6231309495998003,1.0669196169612893,73
tep,persistence,mlp_s31337,dynamics_idv13,4.0,1.369813134370837,1.231404024807339,1.5856116820192174,2.0105632955271346,1.467764649848096,70
tep,persistence,mlp_s31337,dynamics_idv13,6.0,1.4276476494636086,1.3161298060417128,1.5699536885929173,1.7558595480187429,1.2298969908145396,61
tep,persistence,mlp_s42,dynamics_idv13,0.0,1.9580027087371825,1.8687082718513797,2.053249136275355,1.3090827527410798,0.6685806648272592,80
tep,persistence,mlp_s42,dynamics_idv13,0.25,1.9511613654510567,1.8609332752405894,2.0433197751410384,1.3143524168363898,0.6736256878131381,80
tep,persistence,mlp_s42,dynamics_idv13,0.5,1.928158104147958,1.8405352465850133,2.0185362220465266,1.323083339868769,0.6861902750726097,80
tep,persistence,mlp_s42,dynamics_idv13,1.0,1.8526801102029635,1.7688376873867002,1.9392477374478132,1.350099875576461,0.7287280022823561,80
tep,persistence,mlp_s42,dynamics_idv13,1.5,1.7742678669992618,1.6843256194791212,1.8684816791791006,1.3680830167466598,0.7710690376535061,78
tep,persistence,mlp_s42,dynamics_idv13,2.0,1.6881638768410494,1.5901705694150923,1.792167191833892,1.39666328224403,0.8273268379948483,77
tep,persistence,mlp_s42,dynamics_idv13,3.0,1.4985233997878873,1.3606029230773113,1.6672880034851865,1.6231309495998003,1.083153556247137,73
tep,persistence,mlp_s42,dynamics_idv13,4.0,1.3529634628992027,1.2222910684212402,1.5540824564415403,2.0105632955271346,1.4860440438049907,70
tep,persistence,mlp_s42,dynamics_idv13,6.0,1.406330994521209,1.2988866812489592,1.54801566059949,1.7558595480187429,1.248539323145994,61
tep,persistence,mlp_s7,dynamics_idv13,0.0,1.9499994102790221,1.8574613698795308,2.0483686567715043,1.3090827527410798,0.6713246916078632,80
tep,persistence,mlp_s7,dynamics_idv13,0.25,1.9460252641053024,1.8558209908469727,2.0414361993812444,1.3143524168363898,0.6754035731600184,80
tep,persistence,mlp_s7,dynamics_idv13,0.5,1.925650438042511,1.8383068200570514,2.0172907416323325,1.323083339868769,0.6870838620189695,80
tep,persistence,mlp_s7,dynamics_idv13,1.0,1.8531194115217284,1.7681658683382426,1.9395070286155496,1.350099875576461,0.728555249695322,80
tep,persistence,mlp_s7,dynamics_idv13,1.5,1.7737031215526267,1.6864702717798137,1.8663757082541312,1.3680830167466598,0.771314545327685,78
tep,persistence,mlp_s7,dynamics_idv13,2.0,1.68787243287933,1.5914750525362225,1.7895830775430766,1.39666328224403,0.8274696920438896,77
tep,persistence,mlp_s7,dynamics_idv13,3.0,1.499830026584804,1.3624032625607294,1.6673117622580336,1.6231309495998003,1.0822099310118223,73
tep,persistence,mlp_s7,dynamics_idv13,4.0,1.35721124396504,1.225836847333278,1.563997931629504,2.0105632955271346,1.4813930436159313,70
tep,persistence,mlp_s7,dynamics_idv13,6.0,1.410295551458309,1.3060923579916115,1.5467832412080997,1.7558595480187429,1.2450294877574457,61
tep,persistence,ridge,dynamics_idv13,0.0,2.0030699014306435,1.9101006100930051,2.1028499303600645,1.3090827527410798,0.6535382274009007,80
tep,persistence,ridge,dynamics_idv13,0.25,1.9964288044079284,1.9042206653542622,2.092510565249328,1.3143524168363898,0.6583517598696345,80
tep,persistence,ridge,dynamics_idv13,0.5,1.9719630054981672,1.8815072388250655,2.0661004565939995,1.323083339868769,0.670947343423679,80
tep,persistence,ridge,dynamics_idv13,1.0,1.8905644941062778,1.801179249183305,1.9805779305008313,1.350099875576461,0.7141252677627856,80
tep,persistence,ridge,dynamics_idv13,1.5,1.8038600658667332,1.7087717004907788,1.9010095251714805,1.3680830167466598,0.758419703741993,78
tep,persistence,ridge,dynamics_idv13,2.0,1.7135191976191877,1.6096536815061617,1.8231738600279248,1.39666328224403,0.8150847006468288,77
tep,persistence,ridge,dynamics_idv13,3.0,1.5188859408538449,1.370362348969171,1.694800154860951,1.6231309495998003,1.0686325456981673,73
tep,persistence,ridge,dynamics_idv13,4.0,1.3665579581583231,1.229782512872245,1.5795449978001503,2.0105632955271346,1.4712609030038666,70
tep,persistence,ridge,dynamics_idv13,6.0,1.4213858732674745,1.313437735531672,1.5636411339435639,1.7558595480187429,1.235315181501264,61
tep,history_mean,gru_s123,dynamics_idv13,0.0,1.9927920708436537,1.8792295739835938,2.1106769211965952,1.2843344435448667,0.6444899406896678,80
tep,history_mean,gru_s123,dynamics_idv13,0.25,1.9904722953778036,1.878324898252005,2.106841470281321,1.2907833418819858,0.6484809383578923,80
tep,history_mean,gru_s123,dynamics_idv13,0.5,1.969644038854598,1.8622398664604447,2.0811693692472097,1.300785327668163,0.66041645191108,80
tep,history_mean,gru_s123,dynamics_idv13,1.0,1.8931297649047576,1.7921053261859743,1.9985870724415893,1.3304191231290077,0.7027617164932909,80
tep,history_mean,gru_s123,dynamics_idv13,1.5,1.8027664219021478,1.6979552972691474,1.9169222036816125,1.3510764865262987,0.7494462233774808,78
tep,history_mean,gru_s123,dynamics_idv13,2.0,1.715513864277151,1.6029423479403595,1.839836436211921,1.3838925595358034,0.8066927282566267,77
tep,history_mean,gru_s123,dynamics_idv13,3.0,1.5211789483377136,1.371976977287538,1.7065897348774117,1.6178930390867472,1.063578378372064,73
tep,history_mean,gru_s123,dynamics_idv13,4.0,1.3699478427830596,1.2314674705888278,1.5938823457153215,2.0087263577846914,1.4662794414887712,70
tep,history_mean,gru_s123,dynamics_idv13,6.0,1.431158176866492,1.3168839581835694,1.5787571901817985,1.7612777177579273,1.2306660061952264,61
tep,history_mean,gru_s2024,dynamics_idv13,0.0,1.9952754723510893,1.8786687134995912,2.116169885932743,1.2843344435448667,0.6436877821344134,80
tep,history_mean,gru_s2024,dynamics_idv13,0.25,1.9926521041983363,1.8773083876277656,2.110642930118749,1.2907833418819858,0.6477715498668448,80
tep,history_mean,gru_s2024,dynamics_idv13,0.5,1.9715149758956871,1.8638872885513174,2.082789741164829,1.300785327668163,0.6597897269723745,80
tep,history_mean,gru_s2024,dynamics_idv13,1.0,1.8942441781073185,1.7895117713018585,1.9981754258762634,1.3304191231290077,0.702348270885715,80
tep,history_mean,gru_s2024,dynamics_idv13,1.5,1.8057253805752838,1.6979132563922754,1.919628008840402,1.3510764865262987,0.7482181405103034,78
tep,history_mean,gru_s2024,dynamics_idv13,2.0,1.7188411562856638,1.6053354311155066,1.8410335307393457,1.3838925595358034,0.8051311515755948,77
tep,history_mean,gru_s2024,dynamics_idv13,3.0,1.5242394392620555,1.3745564097619003,1.7109763247212217,1.6178930390867472,1.0614428398926832,73
tep,history_mean,gru_s2024,dynamics_idv13,4.0,1.3720442744927215,1.232982665679241,1.5976646698045407,2.0087263577846914,1.4640390220114194,70
tep,history_mean,gru_s2024,dynamics_idv13,6.0,1.433977657165348,1.3182560705993234,1.5814462959498625,1.7612777177579273,1.228246276332909,61
tep,history_mean,gru_s31337,dynamics_idv13,0.0,1.994830817867848,1.8774745378579742,2.117934203141976,1.2843344435448667,0.643831262301037,80
tep,history_mean,gru_s31337,dynamics_idv13,0.25,1.9892206596922897,1.8751840930122525,2.106407637015655,1.2907833418819858,0.6488889684473997,80
tep,history_mean,gru_s31337,dynamics_idv13,0.5,1.9657180779387182,1.8559477974320795,2.0774860463233424,1.300785327668163,0.6617354453148165,80
tep,history_mean,gru_s31337,dynamics_idv13,1.0,1.8860824964512193,1.7839109513197788,1.9950840453084517,1.3304191231290077,0.7053875562878471,80
tep,history_mean,gru_s31337,dynamics_idv13,1.5,1.7998089547945963,1.6929484013704728,1.9138673332388887,1.3510764865262987,0.750677722169957,78
tep,history_mean,gru_s31337,dynamics_idv13,2.0,1.713701063194685,1.5981100578776588,1.8374488087112704,1.3838925595358034,0.8075460704657252,77
tep,history_mean,gru_s31337,dynamics_idv13,3.0,1.523340591431439,1.3718833164718205,1.7105806377790194,1.6178930390867472,1.0620691447383148,73
tep,history_mean,gru_s31337,dynamics_idv13,4.0,1.3712709182235645,1.2320182325364915,1.596724322557182,2.0087263577846914,1.4648646967492966,70
tep,history_mean,gru_s31337,dynamics_idv13,6.0,1.429372030647252,1.3144139176168066,1.5786803522230042,1.7612777177579273,1.2322038489590292,61
tep,history_mean,gru_s42,dynamics_idv13,0.0,1.9981599800978234,1.8828128878752075,2.1182175969304615,1.2843344435448667,0.642758566049346,80
tep,history_mean,gru_s42,dynamics_idv13,0.25,1.99479191118422,1.880667074879885,2.109935857904327,1.2907833418819858,0.6470766873702153,80
tep,history_mean,gru_s42,dynamics_idv13,0.5,1.9729556169838849,1.864231725404762,2.0827078785581223,1.300785327668163,0.6593079522268785,80
tep,history_mean,gru_s42,dynamics_idv13,1.0,1.8947399604156652,1.7944227294649928,2.0018340621676076,1.3304191231290077,0.7021644927133655,80
tep,history_mean,gru_s42,dynamics_idv13,1.5,1.8091023640821349,1.7042051455011873,1.9235776566961351,1.3510764865262987,0.7468214697800034,78
tep,history_mean,gru_s42,dynamics_idv13,2.0,1.723039813560204,1.6106087639536353,1.8479882844465594,1.3838925595358034,0.8031692295469116,77
tep,history_mean,gru_s42,dynamics_idv13,3.0,1.5289353166956263,1.3776241153615851,1.7162626827929972,1.6178930390867472,1.058182789958295,73
tep,history_mean,gru_s42,dynamics_idv13,4.0,1.3736604999619835,1.2335216426638622,1.597334055379257,2.0087263577846914,1.462316458717626,70
tep,history_mean,gru_s42,dynamics_idv13,6.0,1.4337253381363793,1.3202673856250076,1.5796567973066673,1.7612777177579273,1.2284624334304612,61
tep,history_mean,gru_s7,dynamics_idv13,0.0,2.003420571238267,1.885301753215249,2.1265980596552003,1.2843344435448667,0.641070807589367,80
tep,history_mean,gru_s7,dynamics_idv13,0.25,2.000842295224106,1.8849995475953005,2.119161459455687,1.2907833418819858,0.6451199802018432,80
tep,history_mean,gru_s7,dynamics_idv13,0.5,1.9794489919991995,1.868453495236744,2.0921815400794057,1.300785327668163,0.6571451615706443,80
tep,history_mean,gru_s7,dynamics_idv13,1.0,1.9015947432732732,1.7962499994789345,2.0079358839481354,1.3304191231290077,0.6996333618586453,80
tep,history_mean,gru_s7,dynamics_idv13,1.5,1.8152134086964509,1.7079305806601641,1.9320483048791028,1.3510764865262987,0.7443072423625053,78
tep,history_mean,gru_s7,dynamics_idv13,2.0,1.7276522996671426,1.6130636698800258,1.851055528777486,1.3838925595358034,0.8010249283391284,77
tep,history_mean,gru_s7,dynamics_idv13,3.0,1.5310340902796897,1.3777658638118886,1.7178119242440981,1.6178930390867472,1.056732210836135,73
tep,history_mean,gru_s7,dynamics_idv13,4.0,1.3753704507088527,1.2345230614093212,1.6033124947135915,2.0087263577846914,1.4604984109913175,70
tep,history_mean,gru_s7,dynamics_idv13,6.0,1.4360736383561288,1.3210113654257587,1.5845898485857604,1.7612777177579273,1.2264536237668557,61
tep,history_mean,mlp_s123,dynamics_idv13,0.0,1.9425912809513854,1.825673993017461,2.0657960635161325,1.2843344435448667,0.6611449645320466,80
tep,history_mean,mlp_s123,dynamics_idv13,0.25,1.9373869201401646,1.825187753862289,2.0558006106984017,1.2907833418819858,0.666249641960317,80
tep,history_mean,mlp_s123,dynamics_idv13,0.5,1.9158092313063853,1.8091876839889673,2.0312134003606586,1.300785327668163,0.6789743500615459,80
tep,history_mean,mlp_s123,dynamics_idv13,1.0,1.842659948517478,1.7411621144287472,1.95088729021978,1.3304191231290077,0.7220101159735977,80
tep,history_mean,mlp_s123,dynamics_idv13,1.5,1.7655923277723538,1.6606134558275278,1.880471745643321,1.3510764865262987,0.7652256216082173,78
tep,history_mean,mlp_s123,dynamics_idv13,2.0,1.6846726289929865,1.5736208119745854,1.8088582762834158,1.3838925595358034,0.8214608201731309,77
tep,history_mean,mlp_s123,dynamics_idv13,3.0,1.501591736138067,1.3590436923416038,1.680041380771491,1.6178930390867472,1.077452013186883,73
tep,history_mean,mlp_s123,dynamics_idv13,4.0,1.3595894091041925,1.2237754038045545,1.5747961035732425,2.0087263577846914,1.4774507247068092,70
tep,history_mean,mlp_s123,dynamics_idv13,6.0,1.4191031309767748,1.3059700546308053,1.5652484101653086,1.7612777177579273,1.2411203099422607,61
tep,history_mean,mlp_s2024,dynamics_idv13,0.0,1.9183258681668405,1.8081573893894007,2.034270603019317,1.2843344435448667,0.6695079625716467,80
tep,history_mean,mlp_s2024,dynamics_idv13,0.25,1.9160693871832448,1.8088418310462302,2.030713549511874,1.2907833418819858,0.6736621077066145,80
tep,history_mean,mlp_s2024,dynamics_idv13,0.5,1.897635926254023,1.7937597280582214,2.0085902262116404,1.300785327668163,0.6854767606745005,80
tep,history_mean,mlp_s2024,dynamics_idv13,1.0,1.8298632058251818,1.7324965011315978,1.935230966309742,1.3304191231290077,0.7270593336669948,80
tep,history_mean,mlp_s2024,dynamics_idv13,1.5,1.7496630364615402,1.649423411865943,1.85863622663483,1.3510764865262987,0.7721923926898921,78
tep,history_mean,mlp_s2024,dynamics_idv13,2.0,1.6713364269886744,1.563536349010048,1.7868778834963588,1.3838925595358034,0.828015555210047,77
tep,history_mean,mlp_s2024,dynamics_idv13,3.0,1.4933481200953826,1.3537766603683816,1.6661149632451349,1.6178930390867472,1.083399789583831,73
tep,history_mean,mlp_s2024,dynamics_idv13,4.0,1.351793625237548,1.218576086652122,1.5625285835947775,2.0087263577846914,1.4859711721393138,70
tep,history_mean,mlp_s2024,dynamics_idv13,6.0,1.410043236856262,1.3002184031628403,1.5508382026083478,1.7612777177579273,1.249094830371836,61
tep,history_mean,mlp_s31337,dynamics_idv13,0.0,1.9634183515022523,1.847572990903052,2.0843684204909176,1.2843344435448667,0.6541318321498807,80
tep,history_mean,mlp_s31337,dynamics_idv13,0.25,1.960884559178075,1.8497943813056623,2.0791556348190916,1.2907833418819858,0.6582658503991846,80
tep,history_mean,mlp_s31337,dynamics_idv13,0.5,1.941210715751726,1.8344820800489554,2.0543508718044627,1.300785327668163,0.6700897110824154,80
tep,history_mean,mlp_s31337,dynamics_idv13,1.0,1.8695680842219287,1.767981366445,1.9779316399235105,1.3304191231290077,0.7116184397652988,80
tep,history_mean,mlp_s31337,dynamics_idv13,1.5,1.7892930076855404,1.6830129885328562,1.9033443531134027,1.3510764865262987,0.7550895693008508,78
tep,history_mean,mlp_s31337,dynamics_idv13,2.0,1.7047286563889446,1.5904893692771043,1.8259509401123237,1.3838925595358034,0.8117963843391036,77
tep,history_mean,mlp_s31337,dynamics_idv13,3.0,1.5164151200956395,1.3692470487753146,1.6943086653794428,1.6178930390867472,1.0669196169612893,73
tep,history_mean,mlp_s31337,dynamics_idv13,4.0,1.368561613738675,1.2290811135876138,1.589907408453104,2.0087263577846914,1.467764649848096,70
tep,history_mean,mlp_s31337,dynamics_idv13,6.0,1.4320530344508473,1.3164342859438094,1.5812621887114942,1.7612777177579273,1.2298969908145396,61
tep,history_mean,mlp_s42,dynamics_idv13,0.0,1.920986518323409,1.806535328704552,2.04198440716408,1.2843344435448667,0.6685806648272592,80
tep,history_mean,mlp_s42,dynamics_idv13,0.25,1.9161729803867655,1.8038803410454234,2.0331192979871857,1.2907833418819858,0.6736256878131381,80
tep,history_mean,mlp_s42,dynamics_idv13,0.5,1.8956627263925003,1.7894457064952236,2.0087399513895554,1.300785327668163,0.6861902750726097,80
tep,history_mean,mlp_s42,dynamics_idv13,1.0,1.825673116666536,1.7272751874252752,1.9322354478202903,1.3304191231290077,0.7287280022823561,80
tep,history_mean,mlp_s42,dynamics_idv13,1.5,1.7522120854934777,1.6480913446740304,1.8676940996963078,1.3510764865262987,0.7710690376535061,78
tep,history_mean,mlp_s42,dynamics_idv13,2.0,1.672727749156399,1.5620198387076998,1.7943299987479138,1.3838925595358034,0.8273268379948483,77
tep,history_mean,mlp_s42,dynamics_idv13,3.0,1.493687602976952,1.3524152681170363,1.6669938175137013,1.6178930390867472,1.083153556247137,73
tep,history_mean,mlp_s42,dynamics_idv13,4.0,1.351727336856976,1.2191908961599311,1.563233684362483,2.0087263577846914,1.4860440438049907,70
tep,history_mean,mlp_s42,dynamics_idv13,6.0,1.4106706013231254,1.2980942460537193,1.553848967654943,1.7612777177579273,1.248539323145994,61
tep,history_mean,mlp_s7,dynamics_idv13,0.0,1.9131345228324732,1.796322442310771,2.035335100116241,1.2843344435448667,0.6713246916078632,80
tep,history_mean,mlp_s7,dynamics_idv13,0.25,1.9111289800300924,1.7981567175667708,2.0292621263454182,1.2907833418819858,0.6754035731600184,80
tep,history_mean,mlp_s7,dynamics_idv13,0.5,1.8931973221519935,1.7835982611221235,2.007085327313957,1.300785327668163,0.6870838620189695,80
tep,history_mean,mlp_s7,dynamics_idv13,1.0,1.8261060141772116,1.7224327218586162,1.9331242743882544,1.3304191231290077,0.728555249695322,80
tep,history_mean,mlp_s7,dynamics_idv13,1.5,1.7516543603521804,1.6487968659123837,1.86385477511036,1.3510764865262987,0.771314545327685,78
tep,history_mean,mlp_s7,dynamics_idv13,2.0,1.6724389700818199,1.5645644555740181,1.791084081003818,1.3838925595358034,0.8274696920438896,77
tep,history_mean,mlp_s7,dynamics_idv13,3.0,1.4949900132353091,1.3529447758389266,1.6655226085890809,1.6178930390867472,1.0822099310118223,73
tep,history_mean,mlp_s7,dynamics_idv13,4.0,1.3559712369659793,1.2232364695481446,1.5675013750740503,2.0087263577846914,1.4813930436159313,70
tep,history_mean,mlp_s7,dynamics_idv13,6.0,1.4146473919508131,1.3058897361200197,1.5558732925686831,1.7612777177579273,1.2450294877574457,61
tep,history_mean,ridge,dynamics_idv13,0.0,1.9652017123047585,1.8446710389859076,2.0879001234687196,1.2843344435448667,0.6535382274009007,80
tep,history_mean,ridge,dynamics_idv13,0.25,1.9606286799287729,1.8440873713246513,2.082159376291474,1.2907833418819858,0.6583517598696345,80
tep,history_mean,ridge,dynamics_idv13,0.5,1.9387293808044248,1.8271274221158234,2.0545491313936672,1.300785327668163,0.670947343423679,80
tep,history_mean,ridge,dynamics_idv13,1.0,1.863005250181036,1.757005687095821,1.974392502300481,1.3304191231290077,0.7141252677627856,80
tep,history_mean,ridge,dynamics_idv13,1.5,1.7814364261109992,1.6703703085544461,1.898418144000317,1.3510764865262987,0.758419703741993,78
tep,history_mean,ridge,dynamics_idv13,2.0,1.6978512275320397,1.5819764999038504,1.8208435595447545,1.3838925595358034,0.8150847006468288,77
tep,history_mean,ridge,dynamics_idv13,3.0,1.513984433283129,1.3653683587636283,1.6957715220613145,1.6178930390867472,1.0686325456981673,73
tep,history_mean,ridge,dynamics_idv13,4.0,1.3653094115961921,1.2271931446127056,1.5842777965508046,2.0087263577846914,1.4712609030038666,70
tep,history_mean,ridge,dynamics_idv13,6.0,1.4257719358855991,1.3115718549092539,1.5727887568313499,1.7612777177579273,1.235315181501264,61
tep,drift,gru_s123,dynamics_idv13,0.0,3.518760325427404,3.358532893757267,3.680614146431289,2.267805633435864,0.6444899406896678,80
tep,drift,gru_s123,dynamics_idv13,0.25,3.5002032327043593,3.3453353822845657,3.6587973349473124,2.269815076787451,0.6484809383578923,80
tep,drift,gru_s123,dynamics_idv13,0.5,3.4432939524527697,3.296817070990455,3.594777024331183,2.274007974965737,0.66041645191108,80
tep,drift,gru_s123,dynamics_idv13,1.0,3.2567369338140404,3.106402548043156,3.4018940323218776,2.288710037774252,0.7027617164932909,80
tep,drift,gru_s123,dynamics_idv13,1.5,3.05229847482063,2.881884191654879,3.2240378517263215,2.2875335645751655,0.7494462233774808,78
tep,drift,gru_s123,dynamics_idv13,2.0,2.8469800895673787,2.6393076905343955,3.0528574525710925,2.2966381357454044,0.8066927282566267,77
tep,drift,gru_s123,dynamics_idv13,3.0,2.333832162240594,1.982880918615525,2.7449730311188882,2.4822134265084186,1.063578378372064,73
tep,drift,gru_s123,dynamics_idv13,4.0,1.9335530741057725,1.6022406635178439,2.4607945951626995,2.8351291215887087,1.4662794414887712,70
tep,drift,gru_s123,dynamics_idv13,6.0,2.077111714529093,1.8307380676638387,2.403482315358966,2.556230778140838,1.2306660061952264,61
tep,drift,gru_s2024,dynamics_idv13,0.0,3.5231453763438156,3.359720903501048,3.686443461499343,2.267805633435864,0.6436877821344134,80
tep,drift,gru_s2024,dynamics_idv13,0.25,3.504036380193035,3.348366077363889,3.6612593037691314,2.269815076787451,0.6477715498668448,80
tep,drift,gru_s2024,dynamics_idv13,0.5,3.446564688723852,3.2985103740477193,3.595741109051308,2.274007974965737,0.6597897269723745,80
tep,drift,gru_s2024,dynamics_idv13,1.0,3.258654050486966,3.1065793648541717,3.403696547819658,2.288710037774252,0.702348270885715,80
tep,drift,gru_s2024,dynamics_idv13,1.5,3.0573083446159304,2.885307695314809,3.229653572416299,2.2875335645751655,0.7482181405103034,78
tep,drift,gru_s2024,dynamics_idv13,2.0,2.8525018951893952,2.6467411286400404,3.0595274185272174,2.2966381357454044,0.8051311515755948,77
tep,drift,gru_s2024,dynamics_idv13,3.0,2.3385276467260185,1.9873348918930633,2.7458056731280127,2.4822134265084186,1.0614428398926832,73
tep,drift,gru_s2024,dynamics_idv13,4.0,1.936511991117266,1.603459900693611,2.468978879442874,2.8351291215887087,1.4640390220114194,70
tep,drift,gru_s2024,dynamics_idv13,6.0,2.0812037678410897,1.8354734832108064,2.4091336694403096,2.556230778140838,1.228246276332909,61
tep,drift,gru_s31337,dynamics_idv13,0.0,3.5223602304286725,3.3622138043567196,3.6824042587730057,2.267805633435864,0.643831262301037,80
tep,drift,gru_s31337,dynamics_idv13,0.25,3.498002257949384,3.3459059223082606,3.6556401527014786,2.269815076787451,0.6488889684473997,80
tep,drift,gru_s31337,dynamics_idv13,0.5,3.436430662836705,3.288655549773349,3.5886318596042037,2.274007974965737,0.6617354453148165,80
tep,drift,gru_s31337,dynamics_idv13,1.0,3.2446135707564134,3.0922679049601904,3.392087597972836,2.288710037774252,0.7053875562878471,80
tep,drift,gru_s31337,dynamics_idv13,1.5,3.0472911304236856,2.874386144040764,3.2201098583408014,2.2875335645751655,0.750677722169957,78
tep,drift,gru_s31337,dynamics_idv13,2.0,2.8439716565283946,2.6403705273855698,3.053658544930826,2.2966381357454044,0.8075460704657252,77
tep,drift,gru_s31337,dynamics_idv13,3.0,2.3371486110916213,1.984643904958709,2.7494331851070632,2.4822134265084186,1.0620691447383148,73
tep,drift,gru_s31337,dynamics_idv13,4.0,1.935420471174018,1.6022465009716422,2.465615500380403,2.8351291215887087,1.4648646967492966,70
tep,drift,gru_s31337,dynamics_idv13,6.0,2.074519390846208,1.827605160898608,2.4001446993130178,2.556230778140838,1.2322038489590292,61
tep,drift,gru_s42,dynamics_idv13,0.0,3.5282386781318436,3.365640794063725,3.6911280777272233,2.267805633435864,0.642758566049346,80
tep,drift,gru_s42,dynamics_idv13,0.25,3.5077991853055432,3.3533770863064727,3.664516388339561,2.269815076787451,0.6470766873702153,80
tep,drift,gru_s42,dynamics_idv13,0.5,3.449083189858469,3.3003538856898227,3.6037557466121943,2.274007974965737,0.6593079522268785,80
tep,drift,gru_s42,dynamics_idv13,1.0,3.2595069410730506,3.11049576854329,3.4097672823175786,2.288710037774252,0.7021644927133655,80
tep,drift,gru_s42,dynamics_idv13,1.5,3.063025980290873,2.8915155059052347,3.23693335770201,2.2875335645751655,0.7468214697800034,78
tep,drift,gru_s42,dynamics_idv13,2.0,2.8594697745592135,2.654050431797435,3.0665014313762256,2.2966381357454044,0.8031692295469116,77
tep,drift,gru_s42,dynamics_idv13,3.0,2.345732183573168,1.988456965792837,2.7608585621469834,2.4822134265084186,1.058182789958295,73
tep,drift,gru_s42,dynamics_idv13,4.0,1.9387931419953834,1.603689981151302,2.4658849246065757,2.8351291215887087,1.462316458717626,70
tep,drift,gru_s42,dynamics_idv13,6.0,2.0808375645664685,1.8355305185305566,2.408678173978495,2.556230778140838,1.2284624334304612,61
tep,drift,gru_s7,dynamics_idv13,0.0,3.5375275345379467,3.374655772269487,3.7013133174617927,2.267805633435864,0.641070807589367,80
tep,drift,gru_s7,dynamics_idv13,0.25,3.518438657065431,3.3606968309175063,3.6788899671448707,2.269815076787451,0.6451199802018432,80
tep,drift,gru_s7,dynamics_idv13,0.5,3.460434783588188,3.3123030921387535,3.6138349098955835,2.274007974965737,0.6571451615706443,80
tep,drift,gru_s7,dynamics_idv13,1.0,3.2712991726038725,3.1185276346761954,3.4206326334978834,2.288710037774252,0.6996333618586453,80
tep,drift,gru_s7,dynamics_idv13,1.5,3.073372707370556,2.899262094353613,3.2454805241821143,2.2875335645751655,0.7443072423625053,78
tep,drift,gru_s7,dynamics_idv13,2.0,2.8671244233401447,2.658344313141094,3.076428903745329,2.2966381357454044,0.8010249283391284,77
tep,drift,gru_s7,dynamics_idv13,3.0,2.348952176393277,1.9936778763000134,2.7692663785383664,2.4822134265084186,1.056732210836135,73
tep,drift,gru_s7,dynamics_idv13,4.0,1.9412065773247618,1.6065375695734285,2.475273725603242,2.8351291215887087,1.4604984109913175,70
tep,drift,gru_s7,dynamics_idv13,6.0,2.0842457705736845,1.8353591582649,2.4121461117033594,2.556230778140838,1.2264536237668557,61
tep,drift,mlp_s123,dynamics_idv13,0.0,3.4301185898632673,3.2729351925166688,3.5957936568083966,2.267805633435864,0.6611449645320466,80
tep,drift,mlp_s123,dynamics_idv13,0.25,3.406853728444698,3.2535694741789465,3.564271979772639,2.269815076787451,0.666249641960317,80
tep,drift,mlp_s123,dynamics_idv13,0.5,3.3491809738609546,3.205881462749028,3.5000511735939432,2.274007974965737,0.6789743500615459,80
tep,drift,mlp_s123,dynamics_idv13,1.0,3.1699140872673666,3.0241562751681643,3.3175676747671057,2.288710037774252,0.7220101159735977,80
tep,drift,mlp_s123,dynamics_idv13,1.5,2.989358301630868,2.8256173385393732,3.1580621020831425,2.2875335645751655,0.7652256216082173,78
tep,drift,mlp_s123,dynamics_idv13,2.0,2.7957975345207156,2.5937459342926044,2.9998066959863903,2.2966381357454044,0.8214608201731309,77
tep,drift,mlp_s123,dynamics_idv13,3.0,2.303780953702558,1.9639076320431161,2.6990233828333996,2.4822134265084186,1.077452013186883,73
tep,drift,mlp_s123,dynamics_idv13,4.0,1.9189331151137525,1.5939923238003024,2.4339404220842593,2.8351291215887087,1.4774507247068092,70
tep,drift,mlp_s123,dynamics_idv13,6.0,2.05961562119611,1.81795802024237,2.380555596485983,2.556230778140838,1.2411203099422607,61
tep,drift,mlp_s2024,dynamics_idv13,0.0,3.3872720866903463,3.2305277694583507,3.544910405075705,2.267805633435864,0.6695079625716467,80
tep,drift,mlp_s2024,dynamics_idv13,0.25,3.3693672997501807,3.2167985395420065,3.5269376606068734,2.269815076787451,0.6736621077066145,80
tep,drift,mlp_s2024,dynamics_idv13,0.5,3.3174107503340333,3.1713860204543987,3.467154228770544,2.274007974965737,0.6854767606745005,80
tep,drift,mlp_s2024,dynamics_idv13,1.0,3.1478999468047806,3.001772498670346,3.289282365733225,2.288710037774252,0.7270593336669948,80
tep,drift,mlp_s2024,dynamics_idv13,1.5,2.9623881123804665,2.7979566956948325,3.130229112891591,2.2875335645751655,0.7721923926898921,78
tep,drift,mlp_s2024,dynamics_idv13,2.0,2.7736654478221783,2.5776426786769937,2.97257954564315,2.2966381357454044,0.828015555210047,77
tep,drift,mlp_s2024,dynamics_idv13,3.0,2.291133384345512,1.954833034386533,2.681915533358055,2.4822134265084186,1.083399789583831,73
tep,drift,mlp_s2024,dynamics_idv13,4.0,1.9079300963201375,1.5867788463377273,2.416930876141854,2.8351291215887087,1.4859711721393138,70
tep,drift,mlp_s2024,dynamics_idv13,6.0,2.046466541999768,1.8069496944909618,2.3632267945649863,2.556230778140838,1.249094830371836,61
tep,drift,mlp_s31337,dynamics_idv13,0.0,3.4668938614139226,3.3088392813781056,3.6290538558680323,2.267805633435864,0.6541318321498807,80
tep,drift,mlp_s31337,dynamics_idv13,0.25,3.4481738273540894,3.294917431467662,3.6034386545826727,2.269815076787451,0.6582658503991846,80
tep,drift,mlp_s31337,dynamics_idv13,0.5,3.3935873620450994,3.2477277859165357,3.5405668533377934,2.274007974965737,0.6700897110824154,80
tep,drift,mlp_s31337,dynamics_idv13,1.0,3.2162039512763316,3.069231008102913,3.3656522970132743,2.288710037774252,0.7116184397652988,80
tep,drift,mlp_s31337,dynamics_idv13,1.5,3.0294863782759287,2.8592043228567974,3.1961685819705643,2.2875335645751655,0.7550895693008508,78
tep,drift,mlp_s31337,dynamics_idv13,2.0,2.8290815037506407,2.6238017338848407,3.033646043791619,2.2966381357454044,0.8117963843391036,77
tep,drift,mlp_s31337,dynamics_idv13,3.0,2.326523373502167,1.9797541107468624,2.731283995202158,2.4822134265084186,1.0669196169612893,73
tep,drift,mlp_s31337,dynamics_idv13,4.0,1.931596541640464,1.6009415244866265,2.4512273368334014,2.8351291215887087,1.467764649848096,70
tep,drift,mlp_s31337,dynamics_idv13,6.0,2.0784104662683096,1.8307815575642503,2.4061720410874523,2.556230778140838,1.2298969908145396,61
tep,drift,mlp_s42,dynamics_idv13,0.0,3.3919701133172846,3.2340351326837684,3.551853234051696,2.267805633435864,0.6685806648272592,80
tep,drift,mlp_s42,dynamics_idv13,0.25,3.369549466197155,3.216842959060203,3.523363153883512,2.269815076787451,0.6736256878131381,80
tep,drift,mlp_s42,dynamics_idv13,0.5,3.313961240160554,3.1663320752827206,3.4621471346110977,2.274007974965737,0.6861902750726097,80
tep,drift,mlp_s42,dynamics_idv13,1.0,3.1406917678558735,2.9916755726720115,3.2849666752039868,2.288710037774252,0.7287280022823561,80
tep,drift,mlp_s42,dynamics_idv13,1.5,2.966703956284535,2.8027919363360594,3.1341950390675217,2.2875335645751655,0.7710690376535061,78
tep,drift,mlp_s42,dynamics_idv13,2.0,2.7759744157601056,2.577423457642319,2.9780014290842334,2.2966381357454044,0.8273268379948483,77
tep,drift,mlp_s42,dynamics_idv13,3.0,2.291654227779746,1.9543552817171053,2.6799948434272465,2.4822134265084186,1.083153556247137,73
tep,drift,mlp_s42,dynamics_idv13,4.0,1.9078365364793688,1.5867428883927086,2.4086420893709604,2.8351291215887087,1.4860440438049907,70
tep,drift,mlp_s42,dynamics_idv13,6.0,2.0473770675478624,1.8061294450938745,2.3669713457560513,2.556230778140838,1.248539323145994,61
tep,drift,mlp_s7,dynamics_idv13,0.0,3.378105500639835,3.2185962899780627,3.5411800677221983,2.267805633435864,0.6713246916078632,80
tep,drift,mlp_s7,dynamics_idv13,0.25,3.360679698757946,3.203847041891902,3.5211474546157833,2.269815076787451,0.6754035731600184,80
tep,drift,mlp_s7,dynamics_idv13,0.5,3.309651267726842,3.1588857319532466,3.46472464987292,2.274007974965737,0.6870838620189695,80
tep,drift,mlp_s7,dynamics_idv13,1.0,3.1414364781962365,2.993138614843413,3.2892852889909183,2.288710037774252,0.728555249695322,80
tep,drift,mlp_s7,dynamics_idv13,1.5,2.9657596611293395,2.7968461827938427,3.1311145656646757,2.2875335645751655,0.771314545327685,78
tep,drift,mlp_s7,dynamics_idv13,2.0,2.7754951726057766,2.5771257241961645,2.973997426528584,2.2966381357454044,0.8274696920438896,77
tep,drift,mlp_s7,dynamics_idv13,3.0,2.2936524193486654,1.954877181120745,2.6862729535752075,2.4822134265084186,1.0822099310118223,73
tep,drift,mlp_s7,dynamics_idv13,4.0,1.9138264040098663,1.589287208074857,2.4214332859415117,2.8351291215887087,1.4813930436159313,70
tep,drift,mlp_s7,dynamics_idv13,6.0,2.0531487834437847,1.814322225201725,2.3710492348123218,2.556230778140838,1.2450294877574457,61
tep,drift,ridge,dynamics_idv13,0.0,3.4700428197671767,3.3065739243813,3.6390830065635296,2.267805633435864,0.6535382274009007,80
tep,drift,ridge,dynamics_idv13,0.25,3.4477238691317775,3.286461715668478,3.613041456186291,2.269815076787451,0.6583517598696345,80
tep,drift,ridge,dynamics_idv13,0.5,3.3892495398551468,3.2385258598931204,3.546688717792836,2.274007974965737,0.670947343423679,80
tep,drift,ridge,dynamics_idv13,1.0,3.2049139571049374,3.049718396947036,3.357823192692012,2.288710037774252,0.7141252677627856,80
tep,drift,ridge,dynamics_idv13,1.5,3.016184249022837,2.841768632116156,3.188633272102553,2.2875335645751655,0.758419703741993,78
tep,drift,ridge,dynamics_idv13,2.0,2.817668070475198,2.6076572798346884,3.0224439398899383,2.2966381357454044,0.8150847006468288,77
tep,drift,ridge,dynamics_idv13,3.0,2.3227941508058034,1.9734797252469662,2.7250622592195977,2.4822134265084186,1.0686325456981673,73
tep,drift,ridge,dynamics_idv13,4.0,1.927006362909691,1.595943190389412,2.4572867825709466,2.8351291215887087,1.4712609030038666,70
tep,drift,ridge,dynamics_idv13,6.0,2.0692943925729796,1.8261239661345,2.391042071731052,2.556230778140838,1.235315181501264,61
tep,ar1,gru_s123,dynamics_idv13,0.0,1.6242699319820433,1.5469096966556974,1.705274492864206,1.0468256321271179,0.6444899406896678,80
tep,ar1,gru_s123,dynamics_idv13,0.25,1.6228481122808212,1.548959354408737,1.7013695459521183,1.052386066664201,0.6484809383578923,80
tep,ar1,gru_s123,dynamics_idv13,0.5,1.6083857388752638,1.536937410300264,1.6840044122790652,1.0622044029723825,0.66041645191108,80
tep,ar1,gru_s123,dynamics_idv13,1.0,1.5555529104376173,1.4879427120980973,1.625175806467421,1.0931830334352743,0.7027617164932909,80
tep,ar1,gru_s123,dynamics_idv13,1.5,1.488818453547782,1.4186926816488843,1.5639228228407847,1.1157893673060866,0.7494462233774808,78
tep,ar1,gru_s123,dynamics_idv13,2.0,1.4295679014095466,1.3517640290339021,1.5100249341088168,1.1532220306161676,0.8066927282566267,77
tep,ar1,gru_s123,dynamics_idv13,3.0,1.310781210560379,1.2175472913922385,1.4227862510284068,1.394118554328379,1.063578378372064,73
tep,ar1,gru_s123,dynamics_idv13,4.0,1.2186066468567107,1.135412195841278,1.3517654373859587,1.786817873547562,1.4662794414887712,70
tep,ar1,gru_s123,dynamics_idv13,6.0,1.2541377152369824,1.1750350166739498,1.3535806242822193,1.5434246532295033,1.2306660061952264,61
tep,ar1,gru_s2024,dynamics_idv13,0.0,1.6262940841535536,1.5459166006665477,1.710090182221511,1.0468256321271179,0.6436877821344134,80
tep,ar1,gru_s2024,dynamics_idv13,0.25,1.624625327988746,1.5476198984886351,1.7033751169890936,1.052386066664201,0.6477715498668448,80
tep,ar1,gru_s2024,dynamics_idv13,0.5,1.6099135217618463,1.536032033914862,1.6839208930937042,1.0622044029723825,0.6597897269723745,80
tep,ar1,gru_s2024,dynamics_idv13,1.0,1.5564686050364824,1.4861470539659047,1.6269544120291215,1.0931830334352743,0.702348270885715,80
tep,ar1,gru_s2024,dynamics_idv13,1.5,1.491262115811694,1.416848877699375,1.5650128781746988,1.1157893673060866,0.7482181405103034,78
tep,ar1,gru_s2024,dynamics_idv13,2.0,1.4323405924107881,1.354334848053312,1.5128277974404511,1.1532220306161676,0.8051311515755948,77
tep,ar1,gru_s2024,dynamics_idv13,3.0,1.3134183979886573,1.2190556369610357,1.4255023113829073,1.394118554328379,1.0614428398926832,73
tep,ar1,gru_s2024,dynamics_idv13,4.0,1.2204714810761546,1.1361647855803412,1.3563793248802782,1.786817873547562,1.4640390220114194,70
tep,ar1,gru_s2024,dynamics_idv13,6.0,1.256608453019374,1.1772614404580373,1.3557456842295623,1.5434246532295033,1.228246276332909,61
tep,ar1,gru_s31337,dynamics_idv13,0.0,1.625931658530822,1.5463866405142603,1.7099856276350438,1.0468256321271179,0.643831262301037,80
tep,ar1,gru_s31337,dynamics_idv13,0.25,1.6218276436140548,1.545493457532818,1.7011795993825323,1.052386066664201,0.6488889684473997,80
tep,ar1,gru_s31337,dynamics_idv13,0.5,1.6051798501847598,1.533110446675558,1.6790107450070857,1.0622044029723825,0.6617354453148165,80
tep,ar1,gru_s31337,dynamics_idv13,1.0,1.5497622883911206,1.4815583474696965,1.6204376278286072,1.0931830334352743,0.7053875562878471,80
tep,ar1,gru_s31337,dynamics_idv13,1.5,1.4863760230964556,1.4124490087050985,1.562569083325106,1.1157893673060866,0.750677722169957,78
tep,ar1,gru_s31337,dynamics_idv13,2.0,1.4280572623566667,1.3484977360312056,1.5093888777132862,1.1532220306161676,0.8075460704657252,77
tep,ar1,gru_s31337,dynamics_idv13,3.0,1.31264387185627,1.2181948125329143,1.4252329223950042,1.394118554328379,1.0620691447383148,73
tep,ar1,gru_s31337,dynamics_idv13,4.0,1.2197835592001887,1.1360889161614742,1.3538181374244673,1.786817873547562,1.4648646967492966,70
tep,ar1,gru_s31337,dynamics_idv13,6.0,1.2525724980760242,1.1739969355598194,1.3520637823976602,1.5434246532295033,1.2322038489590292,61
tep,ar1,gru_s42,dynamics_idv13,0.0,1.6286451669735518,1.5505776010776309,1.7139212424967771,1.0468256321271179,0.642758566049346,80
tep,ar1,gru_s42,dynamics_idv13,0.25,1.6263699298783332,1.5516536804510248,1.7050670908853145,1.052386066664201,0.6470766873702153,80
tep,ar1,gru_s42,dynamics_idv13,0.5,1.611089930562313,1.5398966077693013,1.6851369371001959,1.0622044029723825,0.6593079522268785,80
tep,ar1,gru_s42,dynamics_idv13,1.0,1.5568759810267547,1.4901381514572856,1.6261440124191828,1.0931830334352743,0.7021644927133655,80
tep,ar1,gru_s42,dynamics_idv13,1.5,1.4940510047666047,1.421592875080508,1.5678656627858047,1.1157893673060866,0.7468214697800034,78
tep,ar1,gru_s42,dynamics_idv13,2.0,1.4358394074269127,1.3579761993210202,1.5163456653098062,1.1532220306161676,0.8031692295469116,77
tep,ar1,gru_s42,dynamics_idv13,3.0,1.3174647778795607,1.2225476743914547,1.4306077131906916,1.394118554328379,1.058182789958295,73
tep,ar1,gru_s42,dynamics_idv13,4.0,1.2219091585103996,1.1373196415944933,1.355285191517538,1.786817873547562,1.462316458717626,70
tep,ar1,gru_s42,dynamics_idv13,6.0,1.2563873434204376,1.1784603657394759,1.3532469679069794,1.5434246532295033,1.2284624334304612,61
tep,ar1,gru_s7,dynamics_idv13,0.0,1.63293292992629,1.5533308319885635,1.7153527920284206,1.0468256321271179,0.641070807589367,80
tep,ar1,gru_s7,dynamics_idv13,0.25,1.631302856772369,1.553823312198832,1.7088628341996517,1.052386066664201,0.6451199802018432,80
tep,ar1,gru_s7,dynamics_idv13,0.5,1.6163923362588641,1.5429269439381212,1.6899882648415991,1.0622044029723825,0.6571451615706443,80
tep,ar1,gru_s7,dynamics_idv13,1.0,1.5625084408941354,1.4920296552522523,1.632820366003564,1.0931830334352743,0.6996333618586453,80
tep,ar1,gru_s7,dynamics_idv13,1.5,1.4990978238562613,1.4246667367884769,1.5737315947686652,1.1157893673060866,0.7443072423625053,78
tep,ar1,gru_s7,dynamics_idv13,2.0,1.4396830732937316,1.3610787353346427,1.52016612319206,1.1532220306161676,0.8010249283391284,77
tep,ar1,gru_s7,dynamics_idv13,3.0,1.3192732652913914,1.2228247698462213,1.434483940541645,1.394118554328379,1.056732210836135,73
tep,ar1,gru_s7,dynamics_idv13,4.0,1.223430207181639,1.1383769501214807,1.3587590020235556,1.786817873547562,1.4604984109913175,70
tep,ar1,gru_s7,dynamics_idv13,6.0,1.2584451815545392,1.1796058003285923,1.3565155287784019,1.5434246532295033,1.2264536237668557,61
tep,ar1,mlp_s123,dynamics_idv13,0.0,1.583352650757997,1.5035461103377756,1.6674912590836632,1.0468256321271179,0.6611449645320466,80
tep,ar1,mlp_s123,dynamics_idv13,0.25,1.5795671778040266,1.5024547747297945,1.6605948767564462,1.052386066664201,0.666249641960317,80
tep,ar1,mlp_s123,dynamics_idv13,0.5,1.5644249342793266,1.4906456979709783,1.6424248469535672,1.0622044029723825,0.6789743500615459,80
tep,ar1,mlp_s123,dynamics_idv13,1.0,1.5140827105464678,1.444093753127694,1.5879339125625662,1.0931830334352743,0.7220101159735977,80
tep,ar1,mlp_s123,dynamics_idv13,1.5,1.458118149469585,1.3866953099709718,1.5351524079590897,1.1157893673060866,0.7652256216082173,78
tep,ar1,mlp_s123,dynamics_idv13,2.0,1.4038673571468872,1.3252570524951721,1.4864930021519835,1.1532220306161676,0.8214608201731309,77
tep,ar1,mlp_s123,dynamics_idv13,3.0,1.2939031504566603,1.205729886498227,1.4031599249682907,1.394118554328379,1.077452013186883,73
tep,ar1,mlp_s123,dynamics_idv13,4.0,1.2093925324664514,1.1294947727427196,1.3373108444447006,1.786817873547562,1.4774507247068092,70
tep,ar1,mlp_s123,dynamics_idv13,6.0,1.2435737622417171,1.1668738786648298,1.3405015259584003,1.5434246532295033,1.2411203099422607,61
tep,ar1,mlp_s2024,dynamics_idv13,0.0,1.563574581109023,1.4894987052643889,1.6416576604531585,1.0468256321271179,0.6695079625716467,80
tep,ar1,mlp_s2024,dynamics_idv13,0.25,1.5621868212936865,1.4894244512044301,1.6391831084678097,1.052386066664201,0.6736621077066145,80
tep,ar1,mlp_s2024,dynamics_idv13,0.5,1.549584849422447,1.479438047953498,1.623718165795968,1.0622044029723825,0.6854767606745005,80
tep,ar1,mlp_s2024,dynamics_idv13,1.0,1.5035678421480387,1.4365199731511336,1.5735679300071759,1.0931830334352743,0.7270593336669948,80
tep,ar1,mlp_s2024,dynamics_idv13,1.5,1.44496291062813,1.3761772764609048,1.5173394776114526,1.1157893673060866,0.7721923926898921,78
tep,ar1,mlp_s2024,dynamics_idv13,2.0,1.3927540652586217,1.3202634277828194,1.4686939553296365,1.1532220306161676,0.828015555210047,77
tep,ar1,mlp_s2024,dynamics_idv13,3.0,1.2867997277938417,1.2015451760806475,1.3925919876299402,1.394118554328379,1.083399789583831,73
tep,ar1,mlp_s2024,dynamics_idv13,4.0,1.2024579662438046,1.124590618058968,1.3275589389339124,1.786817873547562,1.4859711721393138,70
tep,ar1,mlp_s2024,dynamics_idv13,6.0,1.2356344896328246,1.1607677495132274,1.3306672784558022,1.5434246532295033,1.249094830371836,61
tep,ar1,mlp_s31337,dynamics_idv13,0.0,1.6003282223502304,1.5224003759495464,1.6796271175716797,1.0468256321271179,0.6541318321498807,80
tep,ar1,mlp_s31337,dynamics_idv13,0.25,1.59872499238114,1.5228505235097598,1.676058378481629,1.052386066664201,0.6582658503991846,80
tep,ar1,mlp_s31337,dynamics_idv13,0.5,1.5851674565433527,1.5118979831623494,1.6605848009121689,1.0622044029723825,0.6700897110824154,80
tep,ar1,mlp_s31337,dynamics_idv13,1.0,1.5361926734161366,1.4668965021009794,1.6075194891463607,1.0931830334352743,0.7116184397652988,80
tep,ar1,mlp_s31337,dynamics_idv13,1.5,1.4776914059867272,1.405559984039638,1.552022875842335,1.1157893673060866,0.7550895693008508,78
tep,ar1,mlp_s31337,dynamics_idv13,2.0,1.4205803978235552,1.3437157713611305,1.5025634191067108,1.1532220306161676,0.8117963843391036,77
tep,ar1,mlp_s31337,dynamics_idv13,3.0,1.3066762782926329,1.2162541719059958,1.4183851854917735,1.394118554328379,1.0669196169612893,73
tep,ar1,mlp_s31337,dynamics_idv13,4.0,1.217373557628933,1.1340739168648273,1.3504062007593634,1.786817873547562,1.467764649848096,70
tep,ar1,mlp_s31337,dynamics_idv13,6.0,1.2549218875698847,1.1764051210604614,1.353420146938489,1.5434246532295033,1.2298969908145396,61
tep,ar1,mlp_s42,dynamics_idv13,0.0,1.565743203772705,1.4882237348054497,1.6450410078711748,1.0468256321271179,0.6685806648272592,80
tep,ar1,mlp_s42,dynamics_idv13,0.25,1.5622712816678244,1.4879487804086666,1.638980802297736,1.052386066664201,0.6736256878131381,80
tep,ar1,mlp_s42,dynamics_idv13,0.5,1.5479735600449667,1.4744761842142318,1.621527339794469,1.0622044029723825,0.6861902750726097,80
tep,ar1,mlp_s42,dynamics_idv13,1.0,1.500124916308218,1.430352969666649,1.5715621786000968,1.0931830334352743,0.7287280022823561,80
tep,ar1,mlp_s42,dynamics_idv13,1.5,1.4470680481499074,1.3749974691129043,1.5210705417412955,1.1157893673060866,0.7710690376535061,78
tep,ar1,mlp_s42,dynamics_idv13,2.0,1.3939134785125253,1.318498170812487,1.4738848044302095,1.1532220306161676,0.8273268379948483,77
tep,ar1,mlp_s42,dynamics_idv13,3.0,1.287092256021999,1.1992578949301722,1.3922409642737172,1.394118554328379,1.083153556247137,73
tep,ar1,mlp_s42,dynamics_idv13,4.0,1.2023990008885908,1.1241137104385566,1.3251328575762822,1.786817873547562,1.4860440438049907,70
tep,ar1,mlp_s42,dynamics_idv13,6.0,1.2361842551666495,1.1602937899259997,1.331038294610411,1.5434246532295033,1.248539323145994,61
tep,ar1,mlp_s7,dynamics_idv13,0.0,1.5593432585056677,1.482799552709485,1.640938545579044,1.0468256321271179,0.6713246916078632,80
tep,ar1,mlp_s7,dynamics_idv13,0.25,1.5581588675055276,1.4826230718483169,1.6369854637075,1.052386066664201,0.6754035731600184,80
tep,ar1,mlp_s7,dynamics_idv13,0.5,1.5459603429647375,1.472350627736279,1.6221102042571935,1.0622044029723825,0.6870838620189695,80
tep,ar1,mlp_s7,dynamics_idv13,1.0,1.500480620917134,1.4314021060839375,1.571034581307262,1.0931830334352743,0.728555249695322,80
tep,ar1,mlp_s7,dynamics_idv13,1.5,1.4466074496651105,1.3772056782391624,1.5209447423393707,1.1157893673060866,0.771314545327685,78
tep,ar1,mlp_s7,dynamics_idv13,2.0,1.3936728338262807,1.3202167774616413,1.4718166799911714,1.1532220306161676,0.8274696920438896,77
tep,ar1,mlp_s7,dynamics_idv13,3.0,1.288214526940198,1.2019866655174114,1.3928288325358469,1.394118554328379,1.0822099310118223,73
tep,ar1,mlp_s7,dynamics_idv13,4.0,1.206174067880135,1.1277266858409003,1.3283436360195149,1.786817873547562,1.4813930436159313,70
tep,ar1,mlp_s7,dynamics_idv13,6.0,1.2396691551535286,1.1670746558390075,1.3303245785089477,1.5434246532295033,1.2450294877574457,61
tep,ar1,ridge,dynamics_idv13,0.0,1.6017817906234924,1.51940006243594,1.6887973010998765,1.0468256321271179,0.6535382274009007,80
tep,ar1,ridge,dynamics_idv13,0.25,1.5985163719659419,1.5200033135041155,1.6810903999634097,1.052386066664201,0.6583517598696345,80
tep,ar1,ridge,dynamics_idv13,0.5,1.5831412306548753,1.5068181510888397,1.6617377801972646,1.0622044029723825,0.670947343423679,80
tep,ar1,ridge,dynamics_idv13,1.0,1.530800102984736,1.4569120589442301,1.6034641154663845,1.0931830334352743,0.7141252677627856,80
tep,ar1,ridge,dynamics_idv13,1.5,1.4712030315152087,1.3941946980524325,1.5484207551024571,1.1157893673060866,0.758419703741993,78
tep,ar1,ridge,dynamics_idv13,2.0,1.4148493152932478,1.3361056185043398,1.4960697561092149,1.1532220306161676,0.8150847006468288,77
tep,ar1,ridge,dynamics_idv13,3.0,1.304581785329739,1.2131908938201834,1.4126491853796816,1.394118554328379,1.0686325456981673,73
tep,ar1,ridge,dynamics_idv13,4.0,1.2144806335160705,1.1328376867778884,1.3463122171491706,1.786817873547562,1.4712609030038666,70
tep,ar1,ridge,dynamics_idv13,6.0,1.2494177003101326,1.1716414001908797,1.3464761964500958,1.5434246532295033,1.235315181501264,61
tep,persistence,gru_s123,obs_bias,0.0,2.031191908659167,1.9416744125865215,2.124826331427249,1.3090827527410798,0.6444899406896678,80
tep,persistence,gru_s123,obs_bias,0.02,2.0306767490472897,1.9407395344472556,2.1244375942341116,1.309298669174756,0.644759767791218,80
tep,persistence,gru_s123,obs_bias,0.05,2.028470170241513,1.9384529205294219,2.1216330200987294,1.3102036098497596,0.6459072600972805,80
tep,persistence,gru_s123,obs_bias,0.08,2.0245666977424293,1.9343812008268775,2.1174487524287824,1.3118045724286123,0.6479433717305487,80
tep,persistence,gru_s123,obs_bias,0.12,2.0168133777833313,1.9265833227094138,2.1088825120437296,1.3150173927654218,0.65202730567503,80
tep,persistence,gru_s123,obs_bias,0.18,2.000122480664813,1.9101972431312915,2.0920590989417875,1.322127141417086,0.6610230894348177,80
tep,persistence,gru_s123,obs_bias,0.25,1.974046854382206,1.8860343761314415,2.066181303633441,1.333838743730033,0.6756874796406332,80
tep,persistence,gru_s123,obs_bias,0.35,1.9276870526941845,1.843976981478629,2.0172212649391197,1.3567546731856908,0.7038251729135473,80
tep,persistence,gru_s123,obs_bias,0.5,1.8478938759811123,1.769367845957985,1.9305719724969077,1.403975813458679,0.7597708027000515,80
tep,persistence,gru_s123,obs_bias,0.7,1.7416910588560317,1.6723183722393633,1.8138105709639059,1.4884024300715473,0.8545731589442458,80
tep,persistence,gru_s123,obs_bias,1.0,1.608872875256097,1.552520449631075,1.667855748752571,1.6527398013730454,1.027265626011605,80
tep,persistence,gru_s123,obs_bias,1.3,1.5074516252027788,1.462209819221136,1.5552958696824288,1.8512007057429578,1.2280332415270299,80
tep,persistence,gru_s123,obs_bias,1.6,1.400287148772275,1.3563782324744358,1.44498658099704,2.073972541736745,1.4811051744316406,80
tep,persistence,gru_s123,obs_bias,2.0,1.1875007676966847,1.1343899882335202,1.2421750690335878,2.3970841533355136,2.0185958767714958,80
tep,persistence,gru_s2024,obs_bias,0.0,2.0337231637367323,1.9426394958440756,2.1293127637325937,1.3090827527410798,0.6436877821344134,80
tep,persistence,gru_s2024,obs_bias,0.02,2.032938212906487,1.9416713338469105,2.1285004038520157,1.309298669174756,0.6440425296068664,80
tep,persistence,gru_s2024,obs_bias,0.05,2.030348580435864,1.9382399783151927,2.1259495034081,1.3102036098497596,0.6453096884321669,80
tep,persistence,gru_s2024,obs_bias,0.08,2.0260920596410603,1.9341520508612138,2.1211994423595297,1.3118045724286123,0.6474555616495579,80
tep,persistence,gru_s2024,obs_bias,0.12,2.017930683434733,1.9259167665615784,2.1130835889746757,1.3150173927654218,0.6516662854479829,80
tep,persistence,gru_s2024,obs_bias,0.18,2.0008303586759717,1.9103814199799851,2.0960335670116934,1.322127141417086,0.660789224675694,80
tep,persistence,gru_s2024,obs_bias,0.25,1.974756089955839,1.8859848644779758,2.068665228909348,1.333838743730033,0.6754448058240252,80
tep,persistence,gru_s2024,obs_bias,0.35,1.9297283177570825,1.842126797190276,2.0204607498232194,1.3567546731856908,0.7030806672115599,80
tep,persistence,gru_s2024,obs_bias,0.5,1.8556379633185813,1.7740563969885446,1.9401680584497274,1.403975813458679,0.756600070278709,80
tep,persistence,gru_s2024,obs_bias,0.7,1.763243931711019,1.6921396914955322,1.8392760205215781,1.4884024300715473,0.8441273514704397,80
tep,persistence,gru_s2024,obs_bias,1.0,1.656323383470206,1.602119857180206,1.7156384332508956,1.6527398013730454,0.9978364236519728,80
tep,persistence,gru_s2024,obs_bias,1.3,1.5798687877732114,1.5375923345815115,1.625123313440919,1.8512007057429578,1.1717433245530362,80
tep,persistence,gru_s2024,obs_bias,1.6,1.5203083757825122,1.4863330699701958,1.5564157937109773,2.073972541736745,1.3641788565883934,80
tep,persistence,gru_s2024,obs_bias,2.0,1.4551042233531795,1.4288366566357698,1.4823246178789258,2.3970841533355136,1.647362515251046,80
tep,persistence,gru_s31337,obs_bias,0.0,2.0332699410439474,1.9409053373463996,2.130162298395264,1.3090827527410798,0.643831262301037,80
tep,persistence,gru_s31337,obs_bias,0.02,2.032479729261193,1.9403542920215973,2.128035884158672,1.309298669174756,0.6441878117282313,80
tep,persistence,gru_s31337,obs_bias,0.05,2.029792729609904,1.9376467104804829,2.1254387989625942,1.3102036098497596,0.645486403974637,80
tep,persistence,gru_s31337,obs_bias,0.08,2.0253243374922296,1.9331557549803142,2.120281923836846,1.3118045724286123,0.6477009870196384,80
tep,persistence,gru_s31337,obs_bias,0.12,2.0166798089429285,1.9246065678051583,2.111821510296767,1.3150173927654218,0.6520704907809372,80
tep,persistence,gru_s31337,obs_bias,0.18,1.998342849808381,1.9072741394097898,2.0920399908805947,1.322127141417086,0.6616117657407303,80
tep,persistence,gru_s31337,obs_bias,0.25,1.9698800999556745,1.8810294996504644,2.060947558446247,1.333838743730033,0.6771167157635871,80
tep,persistence,gru_s31337,obs_bias,0.35,1.919381930752873,1.8351064772254642,2.007532747586827,1.3567546731856908,0.7068706084221117,80
tep,persistence,gru_s31337,obs_bias,0.5,1.8326734039365389,1.7541876524355864,1.9130686158879637,1.403975813458679,0.7660807487264083,80
tep,persistence,gru_s31337,obs_bias,0.7,1.7183846754459622,1.650522944721099,1.7900750066572884,1.4884024300715473,0.8661637009101417,80
tep,persistence,gru_s31337,obs_bias,1.0,1.5800114906040363,1.5252970280918359,1.6379021611939237,1.6527398013730454,1.0460302416795748,80
tep,persistence,gru_s31337,obs_bias,1.3,1.48474914115706,1.439829263495166,1.5314891889402618,1.8512007057429578,1.2468104236789277,80
tep,persistence,gru_s31337,obs_bias,1.6,1.4203893497126572,1.3834142882255955,1.4591018210749414,2.073972541736745,1.460143686768918,80
tep,persistence,gru_s31337,obs_bias,2.0,1.3612549372838927,1.3319485696051618,1.3921849066126124,2.3970841533355136,1.7609369763744678,80
tep,persistence,gru_s42,obs_bias,0.0,2.036663254116132,1.9453067925119645,2.132234894574256,1.3090827527410798,0.642758566049346,80
tep,persistence,gru_s42,obs_bias,0.02,2.035418212830664,1.9440130390200923,2.130061325429099,1.309298669174756,0.643257813515341,80
tep,persistence,gru_s42,obs_bias,0.05,2.0317428715622747,1.940702595357776,2.1262750966847834,1.3102036098497596,0.6448668422507128,80
tep,persistence,gru_s42,obs_bias,0.08,2.0259647364741795,1.9344968348061358,2.119831390046931,1.3118045724286123,0.6474962514459002,80
tep,persistence,gru_s42,obs_bias,0.12,2.015178071861752,1.924289601212232,2.1081834255771303,1.3150173927654218,0.652556422247352,80
tep,persistence,gru_s42,obs_bias,0.18,1.9930930454757412,1.903115121757848,2.0849323821290224,1.322127141417086,0.6633544502191071,80
tep,persistence,gru_s42,obs_bias,0.25,1.9600393577465096,1.871942410198298,2.049514403109609,1.333838743730033,0.6805163061947745,80
tep,persistence,gru_s42,obs_bias,0.35,1.9037092026934803,1.8196769249748115,1.9912318335461767,1.3567546731856908,0.7126900848438795,80
tep,persistence,gru_s42,obs_bias,0.5,1.8113080573715499,1.7347852650405522,1.889786348475445,1.403975813458679,0.7751170805787921,80
tep,persistence,gru_s42,obs_bias,0.7,1.693975642030585,1.628867490993046,1.7629763117062107,1.4884024300715473,0.8786445289658268,80
tep,persistence,gru_s42,obs_bias,1.0,1.5528357505586234,1.5021273200089256,1.6062672230803134,1.6527398013730454,1.0643365216047365,80
tep,persistence,gru_s42,obs_bias,1.3,1.4527777656634244,1.4109681206630045,1.495623303048902,1.8512007057429578,1.2742490623798814,80
tep,persistence,gru_s42,obs_bias,1.6,1.3836300683579708,1.3477168194154747,1.4198102765048897,2.073972541736745,1.4989357265110907,80
tep,persistence,gru_s42,obs_bias,2.0,1.3229692859850706,1.2932962063999103,1.3531873316498884,2.3970841533355136,1.8118970551539804,80
tep,persistence,gru_s7,obs_bias,0.0,2.0420252135074644,1.947383551081116,2.1381656822063917,1.3090827527410798,0.641070807589367,80
tep,persistence,gru_s7,obs_bias,0.02,2.042194536226906,1.9472967406790767,2.1388796461416537,1.309298669174756,0.6411233826889846,80
tep,persistence,gru_s7,obs_bias,0.05,2.040884712350933,1.9465061981047154,2.1378936403000033,1.3102036098497596,0.6419782567436215,80
tep,persistence,gru_s7,obs_bias,0.08,2.0376893076820948,1.944606821435415,2.13444138518453,1.3118045724286123,0.643770651140537,80
tep,persistence,gru_s7,obs_bias,0.12,2.030530005485958,1.9373866890039315,2.125663625193245,1.3150173927654218,0.6476227335782238,80
tep,persistence,gru_s7,obs_bias,0.18,2.013862473687381,1.9224317019145982,2.107892898263929,1.322127141417086,0.6565131227636772,80
tep,persistence,gru_s7,obs_bias,0.25,1.986391955108397,1.8981183727521054,2.0785561585875394,1.333838743730033,0.6714881925995545,80
tep,persistence,gru_s7,obs_bias,0.35,1.935538922945556,1.8521436817241594,2.0251360953246675,1.3567546731856908,0.7009699764244185,80
tep,persistence,gru_s7,obs_bias,0.5,1.8451429117897393,1.7669103432867381,1.9264576363555217,1.403975813458679,0.7609035617175366,80
tep,persistence,gru_s7,obs_bias,0.7,1.7226482096530513,1.655478503365262,1.7932254486374575,1.4884024300715473,0.8640199558627921,80
tep,persistence,gru_s7,obs_bias,1.0,1.5710957323382297,1.5149697372032305,1.6272003201230842,1.6527398013730454,1.0519663234736858,80
tep,persistence,gru_s7,obs_bias,1.3,1.4655272536713062,1.4194789137428545,1.5119808061865594,1.8512007057429578,1.2631636164428177,80
tep,persistence,gru_s7,obs_bias,1.6,1.393700000885091,1.3564098318980817,1.432530265652434,2.073972541736745,1.4881054318860847,80
tep,persistence,gru_s7,obs_bias,2.0,1.3253170807338397,1.2944945223562743,1.3575169219091325,2.3970841533355136,1.8086872856178893,80
tep,persistence,mlp_s123,obs_bias,0.0,1.980023781422337,1.8879808938691585,2.0778344677474756,1.3090827527410798,0.6611449645320466,80
tep,persistence,mlp_s123,obs_bias,0.02,1.9790203714138133,1.8871143204810445,2.076551861474077,1.309298669174756,0.6615892833075752,80
tep,persistence,mlp_s123,obs_bias,0.05,1.9756541163242356,1.8830424467886013,2.072177421765622,1.3102036098497596,0.6631745906451647,80
tep,persistence,mlp_s123,obs_bias,0.08,1.9705047944773142,1.8774698327826438,2.0674057593657813,1.3118045724286123,0.6657200612275469,80
tep,persistence,mlp_s123,obs_bias,0.12,1.9607062492799412,1.8681837218282837,2.056557664863683,1.3150173927654218,0.6706855722260052,80
tep,persistence,mlp_s123,obs_bias,0.18,1.9390081104047268,1.8483648814915465,2.03336081099975,1.322127141417086,0.6818574581109514,80
tep,persistence,mlp_s123,obs_bias,0.25,1.9049401831320714,1.8181016004069108,1.997169915552454,1.333838743730033,0.7001998044563044,80
tep,persistence,mlp_s123,obs_bias,0.35,1.8458833473742673,1.7616904085270317,1.934037705201529,1.3567546731856908,0.7350164760496093,80
tep,persistence,mlp_s123,obs_bias,0.5,1.745563665344852,1.6713157313717828,1.8249302456066638,1.403975813458679,0.8043108603439627,80
tep,persistence,mlp_s123,obs_bias,0.7,1.61642206226093,1.5507225449184638,1.6830705741104002,1.4884024300715473,0.9208006156447045,80
tep,persistence,mlp_s123,obs_bias,1.0,1.4615721096051155,1.410929011081677,1.5139545104878127,1.6527398013730454,1.1307959357678077,80
tep,persistence,mlp_s123,obs_bias,1.3,1.3562363231626218,1.315123308712361,1.3989549004858939,1.8512007057429578,1.3649543771443338,80
tep,persistence,mlp_s123,obs_bias,1.6,1.2856025435861262,1.2508212286218345,1.320981067487201,2.073972541736745,1.6132299613778756,80
tep,persistence,mlp_s123,obs_bias,2.0,1.2253882778169214,1.1977580728969313,1.253921339747611,2.3970841533355136,1.9561833557001342,80
tep,persistence,mlp_s2024,obs_bias,0.0,1.9552907895415652,1.8698677433785695,2.0507465590609346,1.3090827527410798,0.6695079625716467,80
tep,persistence,mlp_s2024,obs_bias,0.02,1.955561326535554,1.869741895808954,2.0510648881358433,1.309298669174756,0.6695257527383668,80
tep,persistence,mlp_s2024,obs_bias,0.05,1.9544218417053802,1.8692800499280984,2.04939706780578,1.3102036098497596,0.6703791279299807,80
tep,persistence,mlp_s2024,obs_bias,0.08,1.951620548563424,1.8671455749380736,2.0447311526224627,1.3118045724286123,0.6721616932114307,80
tep,persistence,mlp_s2024,obs_bias,0.12,1.9453113709167766,1.8612941558959912,2.0373187884344635,1.3150173927654218,0.6759932689570858,80
tep,persistence,mlp_s2024,obs_bias,0.18,1.9309486889875245,1.8467735071242153,2.0221519758278084,1.322127141417086,0.6847034045789853,80
tep,persistence,mlp_s2024,obs_bias,0.25,1.907338458373966,1.8240541380749133,1.9959721275630813,1.333838743730033,0.6993193776772844,80
tep,persistence,mlp_s2024,obs_bias,0.35,1.8641014461794074,1.7843200284196816,1.9496267241545646,1.3567546731856908,0.7278330672219822,80
tep,persistence,mlp_s2024,obs_bias,0.5,1.7858572615037203,1.7114527274406663,1.863834708741406,1.403975813458679,0.7861635102217011,80
tep,persistence,mlp_s2024,obs_bias,0.7,1.6786783925132536,1.613368343765165,1.7463330134261401,1.4884024300715473,0.8866513304214083,80
tep,persistence,mlp_s2024,obs_bias,1.0,1.543519597344217,1.4908696272163569,1.598584226557836,1.6527398013730454,1.070760490645375,80
tep,persistence,mlp_s2024,obs_bias,1.3,1.4457260863576609,1.403109224848156,1.4898356607778147,1.8512007057429578,1.280464344671848,80
tep,persistence,mlp_s2024,obs_bias,1.6,1.3788268115959907,1.3426903334816775,1.416184138293804,2.073972541736745,1.5041573925706622,80
tep,persistence,mlp_s2024,obs_bias,2.0,1.3213808640406777,1.292768220341482,1.351951339704484,2.3970841533355136,1.8140751229024317,80
tep,persistence,mlp_s31337,obs_bias,0.0,2.0012521763978772,1.9097377995731617,2.0957564428868434,1.3090827527410798,0.6541318321498807,80
tep,persistence,mlp_s31337,obs_bias,0.02,2.0002887755444143,1.908419081423113,2.094823572166274,1.309298669174756,0.654554824874427,80
tep,persistence,mlp_s31337,obs_bias,0.05,1.9970839845307242,1.9056898697400728,2.091873115975559,1.3102036098497596,0.65605834306344,80
tep,persistence,mlp_s31337,obs_bias,0.08,1.9914192291142827,1.8996484874730548,2.0858624340537397,1.3118045724286123,0.658728485318513,80
tep,persistence,mlp_s31337,obs_bias,0.12,1.9802292399709784,1.889724713442359,2.075029103395995,1.3150173927654218,0.6640733134435962,80
tep,persistence,mlp_s31337,obs_bias,0.18,1.956863878545998,1.8693047311700988,2.049650994195562,1.322127141417086,0.6756357230117926,80
tep,persistence,mlp_s31337,obs_bias,0.25,1.921449619024009,1.836055155215336,2.0113891269137056,1.333838743730033,0.6941835635573677,80
tep,persistence,mlp_s31337,obs_bias,0.35,1.8595275051259814,1.7796185162452085,1.9442341903260447,1.3567546731856908,0.7296233421907743,80
tep,persistence,mlp_s31337,obs_bias,0.5,1.7582771788908587,1.6868170962704865,1.8332446920293273,1.403975813458679,0.7984951578250723,80
tep,persistence,mlp_s31337,obs_bias,0.7,1.633325682013206,1.5727351166895682,1.6937929465820287,1.4884024300715473,0.9112710627539823,80
tep,persistence,mlp_s31337,obs_bias,1.0,1.4913276032742984,1.4437418897897585,1.5404628941399772,1.6527398013730454,1.1082338969280505,80
tep,persistence,mlp_s31337,obs_bias,1.3,1.3960603790659416,1.356588047846531,1.4371592823169668,1.8512007057429578,1.3260176518880478,80
tep,persistence,mlp_s31337,obs_bias,1.6,1.3328939286430495,1.299834712101922,1.3682676029361163,2.073972541736745,1.5559921890019783,80
tep,persistence,mlp_s31337,obs_bias,2.0,1.280213734654677,1.252161579571406,1.309744642726969,2.3970841533355136,1.8724093395093124,80
tep,persistence,mlp_s42,obs_bias,0.0,1.9580027087371825,1.8687082718513797,2.053249136275355,1.3090827527410798,0.6685806648272592,80
tep,persistence,mlp_s42,obs_bias,0.02,1.9572327453782907,1.8682674910488704,2.0530267996210845,1.309298669174756,0.6689539975592922,80
tep,persistence,mlp_s42,obs_bias,0.05,1.954485665960358,1.8655439159973413,2.049296415072984,1.3102036098497596,0.670357236519295,80
tep,persistence,mlp_s42,obs_bias,0.08,1.9496671847318947,1.8607938210221069,2.0429713508979006,1.3118045724286123,0.6728351293500398,80
tep,persistence,mlp_s42,obs_bias,0.12,1.9405014896272843,1.8521802562431717,2.031873866686248,1.3150173927654218,0.6776688396245445,80
tep,persistence,mlp_s42,obs_bias,0.18,1.9215556083573828,1.834236739733242,2.010869270422973,1.322127141417086,0.6880504189765757,80
tep,persistence,mlp_s42,obs_bias,0.25,1.8919597266652368,1.8062305776451713,1.9799057375594211,1.333838743730033,0.705003771978304,80
tep,persistence,mlp_s42,obs_bias,0.35,1.839109673756486,1.7567754638292934,1.9251275416970874,1.3567546731856908,0.7377236347272549,80
tep,persistence,mlp_s42,obs_bias,0.5,1.74847854999342,1.6729011081404495,1.8270780816313374,1.403975813458679,0.8029699955220856,80
tep,persistence,mlp_s42,obs_bias,0.7,1.628082254695743,1.5625352632614884,1.6969460101776248,1.4884024300715473,0.9142059166720056,80
tep,persistence,mlp_s42,obs_bias,1.0,1.4799342516803575,1.425688601094507,1.536465715058307,1.6527398013730454,1.1167656938113837,80
tep,persistence,mlp_s42,obs_bias,1.3,1.373857752462166,1.3290659325127745,1.4216891869389934,1.8512007057429578,1.3474471446736893,80
tep,persistence,mlp_s42,obs_bias,1.6,1.300035018054684,1.2626660384182415,1.3395497257584796,2.073972541736745,1.5953205205503984,80
tep,persistence,mlp_s42,obs_bias,2.0,1.2350030078227097,1.204615508948348,1.2672190434841462,2.3970841533355136,1.940954101449141,80
tep,persistence,mlp_s7,obs_bias,0.0,1.9499994102790221,1.8574613698795308,2.0483686567715043,1.3090827527410798,0.6713246916078632,80
tep,persistence,mlp_s7,obs_bias,0.02,1.9498420603127908,1.8572348347567074,2.0489173225285655,1.309298669174756,0.6714896020679337,80
tep,persistence,mlp_s7,obs_bias,0.05,1.9479049135158464,1.854365925717369,2.0457105352510627,1.3102036098497596,0.6726219543668197,80
tep,persistence,mlp_s7,obs_bias,0.08,1.9440016690399988,1.8509264704712352,2.0404325332673596,1.3118045724286123,0.674796011402818,80
tep,persistence,mlp_s7,obs_bias,0.12,1.9360896703061412,1.8441702803713678,2.0310185380710104,1.3150173927654218,0.6792130617366946,80
tep,persistence,mlp_s7,obs_bias,0.18,1.9190770539201676,1.8302014125309607,2.0114594512710826,1.322127141417086,0.6889390599071202,80
tep,persistence,mlp_s7,obs_bias,0.25,1.8918036185830291,1.8053410558237772,1.98377635391131,1.333838743730033,0.7050619475657232,80
tep,persistence,mlp_s7,obs_bias,0.35,1.8436305186216948,1.7625104541198315,1.9311551945685776,1.3567546731856908,0.7359146312027888,80
tep,persistence,mlp_s7,obs_bias,0.5,1.7622706136635249,1.6863843752572802,1.8438706948205714,1.403975813458679,0.7966857090920907,80
tep,persistence,mlp_s7,obs_bias,0.7,1.6542630039939938,1.5886444209507666,1.7246743074136057,1.4884024300715473,0.899737482176656,80
tep,persistence,mlp_s7,obs_bias,1.0,1.5219143923292924,1.46997374801743,1.5785617580837754,1.6527398013730454,1.0859610827672932,80
tep,persistence,mlp_s7,obs_bias,1.3,1.430195748514444,1.3873126864163177,1.4766934049144862,1.8512007057429578,1.2943687657202274,80
tep,persistence,mlp_s7,obs_bias,1.6,1.3684382581441747,1.332834640963595,1.4072469065679445,2.073972541736745,1.5155762632282657,80
tep,persistence,mlp_s7,obs_bias,2.0,1.31520864022784,1.2868284612980974,1.3467291650005009,2.3970841533355136,1.8225885080258102,80
tep,persistence,ridge,obs_bias,0.0,2.0030699014306435,1.9101006100930051,2.1028499303600645,1.3090827527410798,0.6535382274009007,80
tep,persistence,ridge,obs_bias,0.02,2.0010543826147678,1.9083171583397682,2.1006629654085263,1.309298669174756,0.6543043910000595,80
tep,persistence,ridge,obs_bias,0.05,1.9944885321804717,1.9030210812201442,2.0917095315816323,1.3102036098497596,0.6569120798189706,80
tep,persistence,ridge,obs_bias,0.08,1.9838239716064343,1.893219233274707,2.0807463064289418,1.3118045724286123,0.6612504895615092,80
tep,persistence,ridge,obs_bias,0.12,1.9636873724351434,1.8748126326153536,2.05808576170227,1.3150173927654218,0.6696673876018695,80
tep,persistence,ridge,obs_bias,0.18,1.9225485313957509,1.836116604720086,2.015739756245427,1.322127141417086,0.6876950671602735,80
tep,persistence,ridge,obs_bias,0.25,1.8620896097900852,1.7802707600371828,1.9499559525477714,1.333838743730033,0.7163128652441155,80
tep,persistence,ridge,obs_bias,0.35,1.7630005638069919,1.68671258279748,1.8415286796542756,1.3567546731856908,0.7695713212115707,80
tep,persistence,ridge,obs_bias,0.5,1.6116288014369404,1.546214448465276,1.6791295473270007,1.403975813458679,0.8711533401530698,80
tep,persistence,ridge,obs_bias,0.7,1.4384348851205377,1.3852906691615672,1.4919790574770337,1.4884024300715473,1.0347374396073705,80
tep,persistence,ridge,obs_bias,1.0,1.2564698078908991,1.2156861641852135,1.2964831628735394,1.6527398013730454,1.315383617651205,80
tep,persistence,ridge,obs_bias,1.3,1.1436657231985998,1.1122355991397266,1.1757402833015471,1.8512007057429578,1.6186554062016714,80
tep,persistence,ridge,obs_bias,1.6,1.0724101927267171,1.046687499271834,1.098680273683575,2.073972541736745,1.9339358724887248,80
tep,persistence,ridge,obs_bias,2.0,1.0137056557241957,0.9927042617476005,1.0349074834941843,2.3970841533355136,2.364674735510898,80
tep,history_mean,gru_s123,obs_bias,0.0,1.9927920708436537,1.8792295739835938,2.1106769211965952,1.2843344435448667,0.6444899406896678,80
tep,history_mean,gru_s123,obs_bias,0.02,1.9926398816256135,1.8789301128327072,2.109605405999679,1.2847740273684507,0.644759767791218,80
tep,history_mean,gru_s123,obs_bias,0.05,1.9910624823689556,1.8778343723717867,2.1075718632627627,1.286041712669422,0.6459072600972805,80
tep,history_mean,gru_s123,obs_bias,0.08,1.9878852410392875,1.874678940775696,2.105651362990867,1.2880370656923905,0.6479433717305487,80
tep,history_mean,gru_s123,obs_bias,0.12,1.9812398796630681,1.867337012026326,2.099125021988996,1.291822500632631,0.65202730567503,80
tep,history_mean,gru_s123,obs_bias,0.18,1.9664715979807192,1.8553621397864766,2.0838621768107624,1.2998831309830379,0.6610230894348177,80
tep,history_mean,gru_s123,obs_bias,0.25,1.9429462325725997,1.8342853881455694,2.055842244034991,1.3128244429642435,0.6756874796406332,80
tep,history_mean,gru_s123,obs_bias,0.35,1.9005678365721312,1.7958137727146168,2.0076353159056364,1.3376674862093068,0.7038251729135473,80
tep,history_mean,gru_s123,obs_bias,0.5,1.8268433066737326,1.7314085072747265,1.9253178152445318,1.387982205518718,0.7597708027000515,80
tep,history_mean,gru_s123,obs_bias,0.7,1.7277839688936085,1.645764349729537,1.8129381038500072,1.4765178042706375,0.8545731589442458,80
tep,history_mean,gru_s123,obs_bias,1.0,1.6025473983066991,1.5389176329766605,1.6686819508240147,1.6462418563348002,1.027265626011605,80
tep,history_mean,gru_s123,obs_bias,1.3,1.5055226435722,1.4552267455182033,1.558247345600543,1.848831852178312,1.2280332415270299,80
tep,history_mean,gru_s123,obs_bias,1.6,1.400720727927034,1.35226588770486,1.4491295141198322,2.074614718066384,1.4811051744316406,80
tep,history_mean,gru_s123,obs_bias,2.0,1.1891822318727319,1.1360121628275877,1.2441758489868753,2.400478349988221,2.0185958767714958,80
tep,history_mean,gru_s2024,obs_bias,0.0,1.9952754723510893,1.8786687134995912,2.116169885932743,1.2843344435448667,0.6436877821344134,80
tep,history_mean,gru_s2024,obs_bias,0.02,1.9948589857143393,1.8778965418926368,2.1158924718979972,1.2847740273684507,0.6440425296068664,80
tep,history_mean,gru_s2024,obs_bias,0.05,1.9929062521809744,1.8756015512359212,2.111674535775686,1.286041712669422,0.6453096884321669,80
tep,history_mean,gru_s2024,obs_bias,0.08,1.98938296616186,1.873334102035543,2.1089719514030265,1.2880370656923905,0.6474555616495579,80
tep,history_mean,gru_s2024,obs_bias,0.12,1.98233747775455,1.867454806993492,2.102277368376913,1.291822500632631,0.6516662854479829,80
tep,history_mean,gru_s2024,obs_bias,0.18,1.9671675663612738,1.8541197544416164,2.0851950449776435,1.2998831309830379,0.660789224675694,80
tep,history_mean,gru_s2024,obs_bias,0.25,1.9436442943145171,1.834089669366558,2.05642282241756,1.3128244429642435,0.6754448058240252,80
tep,history_mean,gru_s2024,obs_bias,0.35,1.902580384573136,1.7978566204280122,2.009337734835709,1.3376674862093068,0.7030806672115599,80
tep,history_mean,gru_s2024,obs_bias,0.5,1.8344991760408198,1.7384594901097719,1.9342740290211782,1.387982205518718,0.756600070278709,80
tep,history_mean,gru_s2024,obs_bias,0.7,1.7491647459338882,1.665604023553417,1.8347847584516543,1.4765178042706375,0.8441273514704397,80
tep,history_mean,gru_s2024,obs_bias,1.0,1.649811349148525,1.5848565774600776,1.7154079494406012,1.6462418563348002,0.9978364236519728,80
tep,history_mean,gru_s2024,obs_bias,1.3,1.5778471389060846,1.5287882062328602,1.6282221094566658,1.848831852178312,1.1717433245530362,80
tep,history_mean,gru_s2024,obs_bias,1.6,1.5207791178164747,1.4839882298228046,1.5596107532924526,2.074614718066384,1.3641788565883934,80
tep,history_mean,gru_s2024,obs_bias,2.0,1.4571646057045349,1.428858185808053,1.4867584334773343,2.400478349988221,1.647362515251046,80
tep,history_mean,gru_s31337,obs_bias,0.0,1.994830817867848,1.8774745378579742,2.117934203141976,1.2843344435448667,0.643831262301037,80
tep,history_mean,gru_s31337,obs_bias,0.02,1.994409089985187,1.8769232010319463,2.1170082150240477,1.2847740273684507,0.6441878117282313,80
tep,history_mean,gru_s31337,obs_bias,0.05,1.9923606519835455,1.8752445055603901,2.113933806241628,1.286041712669422,0.645486403974637,80
tep,history_mean,gru_s31337,obs_bias,0.08,1.9886291537384009,1.8715473236480216,2.1088961517261224,1.2880370656923905,0.6477009870196384,80
tep,history_mean,gru_s31337,obs_bias,0.12,1.9811086667723754,1.86548117638679,2.100479478887353,1.291822500632631,0.6520704907809372,80
tep,history_mean,gru_s31337,obs_bias,0.18,1.9647219083652612,1.8512199401268206,2.08120446804965,1.2998831309830379,0.6616117657407303,80
tep,history_mean,gru_s31337,obs_bias,0.25,1.9388451243354203,1.8286248329135788,2.0505843106297768,1.3128244429642435,0.6771167157635871,80
tep,history_mean,gru_s31337,obs_bias,0.35,1.8923795533036383,1.7865827268538093,1.9988723713555927,1.3376674862093068,0.7068706084221117,80
tep,history_mean,gru_s31337,obs_bias,0.5,1.8117962209939444,1.7159903883179564,1.9068249919884375,1.387982205518718,0.7660807487264083,80
tep,history_mean,gru_s31337,obs_bias,0.7,1.7046636827647614,1.6227236051345466,1.7877270572172175,1.4765178042706375,0.8661637009101417,80
tep,history_mean,gru_s31337,obs_bias,1.0,1.573799485654914,1.5088285731302575,1.6395165309672441,1.6462418563348002,1.0460302416795748,80
tep,history_mean,gru_s31337,obs_bias,1.3,1.4828492103258304,1.4311837899897553,1.5340949419804961,1.848831852178312,1.2468104236789277,80
tep,history_mean,gru_s31337,obs_bias,1.6,1.4208291532302548,1.379252916797664,1.4642577331975501,2.074614718066384,1.460143686768918,80
tep,history_mean,gru_s31337,obs_bias,2.0,1.3631824319632853,1.3297712381566984,1.3977992895500875,2.400478349988221,1.7609369763744678,80
tep,history_mean,gru_s42,obs_bias,0.0,1.9981599800978234,1.8828128878752075,2.1182175969304615,1.2843344435448667,0.642758566049346,80
tep,history_mean,gru_s42,obs_bias,0.02,1.9972925324408988,1.8821378920076568,2.117148289098546,1.2847740273684507,0.643257813515341,80
tep,history_mean,gru_s42,obs_bias,0.05,1.9942748307245601,1.879614031858993,2.112579471172491,1.286041712669422,0.6448668422507128,80
tep,history_mean,gru_s42,obs_bias,0.08,1.9892579498585854,1.8749701992833627,2.1063297208809937,1.2880370656923905,0.6474962514459002,80
tep,history_mean,gru_s42,obs_bias,0.12,1.9796334180325708,1.8664063935198925,2.0953349266423946,1.291822500632631,0.652556422247352,80
tep,history_mean,gru_s42,obs_bias,0.18,1.9595604288984332,1.8483479517251935,2.0709376954435177,1.2998831309830379,0.6633544502191071,80
tep,history_mean,gru_s42,obs_bias,0.25,1.9291594205951215,1.822257591817216,2.036390452329292,1.3128244429642435,0.6805163061947745,80
tep,history_mean,gru_s42,obs_bias,0.35,1.8769273133669786,1.77606084319783,1.9777841422365485,1.3376674862093068,0.7126900848438795,80
tep,history_mean,gru_s42,obs_bias,0.5,1.7906742610836157,1.6994453870350121,1.8818904031491626,1.387982205518718,0.7751170805787921,80
tep,history_mean,gru_s42,obs_bias,0.7,1.6804495510926512,1.6028322079082828,1.7581122737649533,1.4765178042706375,0.8786445289658268,80
tep,history_mean,gru_s42,obs_bias,1.0,1.5467305902955442,1.4878753449827413,1.6073309013447183,1.6462418563348002,1.0643365216047365,80
tep,history_mean,gru_s42,obs_bias,1.3,1.450918746391147,1.404812362985209,1.4982492467495563,1.848831852178312,1.2742490623798814,80
tep,history_mean,gru_s42,obs_bias,1.6,1.384058489882844,1.3473264257507431,1.4230137698838947,2.074614718066384,1.4989357265110907,80
tep,history_mean,gru_s42,obs_bias,2.0,1.3248425693722548,1.2950255481803157,1.3567059216686046,2.400478349988221,1.8118970551539804,80
tep,history_mean,gru_s7,obs_bias,0.0,2.003420571238267,1.885301753215249,2.1265980596552003,1.2843344435448667,0.641070807589367,80
tep,history_mean,gru_s7,obs_bias,0.02,2.003941927651869,1.8856999048076573,2.1269727279528157,1.2847740273684507,0.6411233826889846,80
tep,history_mean,gru_s7,obs_bias,0.05,2.003248083810121,1.8854927342916832,2.1250489666552186,1.286041712669422,0.6419782567436215,80
tep,history_mean,gru_s7,obs_bias,0.08,2.0007700932163313,1.8827180088052438,2.1210465111703747,1.2880370656923905,0.643770651140537,80
tep,history_mean,gru_s7,obs_bias,0.12,1.9947145670676134,1.8765307195571117,2.114519987863039,1.291822500632631,0.6476227335782238,80
tep,history_mean,gru_s7,obs_bias,0.18,1.9799804237134073,1.865114785951257,2.0963991157798287,1.2998831309830379,0.6565131227636772,80
tep,history_mean,gru_s7,obs_bias,0.25,1.9550968392785326,1.844226202322369,2.067515156537351,1.3128244429642435,0.6714881925995545,80
tep,history_mean,gru_s7,obs_bias,0.35,1.9083092446164698,1.8044171813805692,2.0156993503216554,1.3376674862093068,0.7009699764244185,80
tep,history_mean,gru_s7,obs_bias,0.5,1.8241236805170407,1.7308045586849456,1.9210629523184242,1.387982205518718,0.7609035617175366,80
tep,history_mean,gru_s7,obs_bias,0.7,1.7088931734177575,1.6281140812507333,1.7934594267656576,1.4765178042706375,0.8640199558627921,80
tep,history_mean,gru_s7,obs_bias,1.0,1.5649187807635934,1.4998536531526085,1.6303617531809498,1.6462418563348002,1.0519663234736858,80
tep,history_mean,gru_s7,obs_bias,1.3,1.4636519197606315,1.412228088217523,1.51694907774828,1.848831852178312,1.2631636164428177,80
tep,history_mean,gru_s7,obs_bias,1.6,1.3941315404224646,1.3523872918839606,1.4385527466813173,2.074614718066384,1.4881054318860847,80
tep,history_mean,gru_s7,obs_bias,2.0,1.3271936885254116,1.2931623373920043,1.3642737232229956,2.400478349988221,1.8086872856178893,80
tep,history_mean,mlp_s123,obs_bias,0.0,1.9425912809513854,1.825673993017461,2.0657960635161325,1.2843344435448667,0.6611449645320466,80
tep,history_mean,mlp_s123,obs_bias,0.02,1.9419510862468956,1.8253704118529182,2.064800755895045,1.2847740273684507,0.6615892833075752,80
tep,history_mean,mlp_s123,obs_bias,0.05,1.9392204267330346,1.822173152131203,2.061000959497649,1.286041712669422,0.6631745906451647,80
tep,history_mean,mlp_s123,obs_bias,0.08,1.9348028408777846,1.817887924317653,2.056114958951089,1.2880370656923905,0.6657200612275469,80
tep,history_mean,mlp_s123,obs_bias,0.12,1.9261223949474153,1.8101093764147136,2.0475611816975605,1.291822500632631,0.6706855722260052,80
tep,history_mean,mlp_s123,obs_bias,0.18,1.906385441004477,1.7925494628552132,2.0264100427691782,1.2998831309830379,0.6818574581109514,80
tep,history_mean,mlp_s123,obs_bias,0.25,1.8749283199009659,1.7650295765017463,1.9918974123902529,1.3128244429642435,0.7001998044563044,80
tep,history_mean,mlp_s123,obs_bias,0.35,1.819914967619069,1.7161326821403367,1.9290816372142283,1.3376674862093068,0.7350164760496093,80
tep,history_mean,mlp_s123,obs_bias,0.5,1.7256788064817985,1.6306185328741958,1.82390951349628,1.387982205518718,0.8043108603439627,80
tep,history_mean,mlp_s123,obs_bias,0.7,1.6035152227139249,1.5241231854355135,1.6859396328167735,1.4765178042706375,0.9208006156447045,80
tep,history_mean,mlp_s123,obs_bias,1.0,1.455825763308042,1.3950915096883703,1.5183932386578445,1.6462418563348002,1.1307959357678077,80
tep,history_mean,mlp_s123,obs_bias,1.3,1.3545008413001425,1.3052779463659232,1.4033873574605786,1.848831852178312,1.3649543771443338,80
tep,history_mean,mlp_s123,obs_bias,1.6,1.2860006122713188,1.2465083074978291,1.3254031984660022,2.074614718066384,1.6132299613778756,80
tep,history_mean,mlp_s123,obs_bias,2.0,1.2271233895296436,1.1965121428621992,1.2588933424904964,2.400478349988221,1.9561833557001342,80
tep,history_mean,mlp_s2024,obs_bias,0.0,1.9183258681668405,1.8081573893894007,2.034270603019317,1.2843344435448667,0.6695079625716467,80
tep,history_mean,mlp_s2024,obs_bias,0.02,1.9189314557561268,1.8088758351176968,2.0357943645398873,1.2847740273684507,0.6695257527383668,80
tep,history_mean,mlp_s2024,obs_bias,0.05,1.9183797034977879,1.8085379317572705,2.035342413693048,1.286041712669422,0.6703791279299807,80
tep,history_mean,mlp_s2024,obs_bias,0.08,1.916260743063848,1.8066980169752567,2.0316916089458767,1.2880370656923905,0.6721616932114307,80
tep,history_mean,mlp_s2024,obs_bias,0.12,1.9109990586528163,1.799892864746189,2.02489349177126,1.291822500632631,0.6759932689570858,80
tep,history_mean,mlp_s2024,obs_bias,0.18,1.8984616146056965,1.7902421133177027,2.010306612964057,1.2998831309830379,0.6847034045789853,80
tep,history_mean,mlp_s2024,obs_bias,0.25,1.8772888109073305,1.7712797658569093,1.9875662937692202,1.3128244429642435,0.6993193776772844,80
tep,history_mean,mlp_s2024,obs_bias,0.35,1.8378767693462474,1.7352602927671685,1.9429885170839898,1.3376674862093068,0.7278330672219822,80
tep,history_mean,mlp_s2024,obs_bias,0.5,1.7655133918989727,1.67176716692777,1.86032040502013,1.387982205518718,0.7861635102217011,80
tep,history_mean,mlp_s2024,obs_bias,0.7,1.6652744473623888,1.5849037744132588,1.7472809682618466,1.4765178042706375,0.8866513304214083,80
tep,history_mean,mlp_s2024,obs_bias,1.0,1.5374510646564554,1.475403540545203,1.6028846471483946,1.6462418563348002,1.070760490645375,80
tep,history_mean,mlp_s2024,obs_bias,1.3,1.4438760906318893,1.3940511794644075,1.4954514738414266,1.848831852178312,1.280464344671848,80
tep,history_mean,mlp_s2024,obs_bias,1.6,1.3792537458601912,1.3387044394241734,1.421987370288759,2.074614718066384,1.5041573925706622,80
tep,history_mean,mlp_s2024,obs_bias,2.0,1.3232518982717612,1.2920657144394838,1.35635358653975,2.400478349988221,1.8140751229024317,80
tep,history_mean,mlp_s31337,obs_bias,0.0,1.9634183515022523,1.847572990903052,2.0843684204909176,1.2843344435448667,0.6541318321498807,80
tep,history_mean,mlp_s31337,obs_bias,0.02,1.9628211091636643,1.8471854655344668,2.08437417157327,1.2847740273684507,0.654554824874427,80
tep,history_mean,mlp_s31337,obs_bias,0.05,1.9602550996673527,1.845231371191211,2.08072468451837,1.286041712669422,0.65605834306344,80
tep,history_mean,mlp_s31337,obs_bias,0.08,1.9553383440972494,1.8420426253337256,2.0748951570076826,1.2880370656923905,0.658728485318513,80
tep,history_mean,mlp_s31337,obs_bias,0.12,1.9453010299929079,1.8321481277657108,2.0648355507279974,1.291822500632631,0.6640733134435962,80
tep,history_mean,mlp_s31337,obs_bias,0.18,1.9239407963636486,1.8132332915450105,2.0427822309513086,1.2998831309830379,0.6756357230117926,80
tep,history_mean,mlp_s31337,obs_bias,0.25,1.8911776536981506,1.7835724804768553,2.005451090077205,1.3128244429642435,0.6941835635573677,80
tep,history_mean,mlp_s31337,obs_bias,0.35,1.8333671757167378,1.7327960508724047,1.9391128830081883,1.3376674862093068,0.7296233421907743,80
tep,history_mean,mlp_s31337,obs_bias,0.5,1.7382474920690574,1.6481489897430235,1.8341329811800693,1.387982205518718,0.7984951578250723,80
tep,history_mean,mlp_s31337,obs_bias,0.7,1.6202838701016187,1.5449119501996749,1.6994826262695202,1.4765178042706375,0.9112710627539823,80
tep,history_mean,mlp_s31337,obs_bias,1.0,1.4854642696799578,1.426962948203194,1.5465944695547265,1.6462418563348002,1.1082338969280505,80
tep,history_mean,mlp_s31337,obs_bias,1.3,1.3942739371122672,1.3474831986174924,1.4421034398415364,1.848831852178312,1.3260176518880478,80
tep,history_mean,mlp_s31337,obs_bias,1.6,1.3333066404382485,1.2948801532344951,1.3732471971557136,2.074614718066384,1.5559921890019783,80
tep,history_mean,mlp_s31337,obs_bias,2.0,1.282026477510145,1.2512210545812594,1.3143673528615265,2.400478349988221,1.8724093395093124,80
tep,history_mean,mlp_s42,obs_bias,0.0,1.920986518323409,1.806535328704552,2.04198440716408,1.2843344435448667,0.6685806648272592,80
tep,history_mean,mlp_s42,obs_bias,0.02,1.9205715670375014,1.8064861543987714,2.041333724548688,1.2847740273684507,0.6689539975592922,80
tep,history_mean,mlp_s42,obs_bias,0.05,1.9184423507486155,1.8050646533159092,2.038866487002583,1.286041712669422,0.670357236519295,80
tep,history_mean,mlp_s42,obs_bias,0.08,1.914342770622927,1.8018738559973497,2.033675051551135,1.2880370656923905,0.6728351293500398,80
tep,history_mean,mlp_s42,obs_bias,0.12,1.9062740163002803,1.794413056701875,2.0234456174443602,1.291822500632631,0.6776688396245445,80
tep,history_mean,mlp_s42,obs_bias,0.18,1.8892265670247221,1.7774912153053872,2.0044513975633698,1.2998831309830379,0.6880504189765757,80
tep,history_mean,mlp_s42,obs_bias,0.25,1.8621523673275393,1.7536099505291947,1.9763356229989544,1.3128244429642435,0.705003771978304,80
tep,history_mean,mlp_s42,obs_bias,0.35,1.813236587850216,1.7123151146823443,1.9220894009549316,1.3376674862093068,0.7377236347272549,80
tep,history_mean,mlp_s42,obs_bias,0.5,1.7285604857704073,1.636074068170415,1.8259634631343638,1.387982205518718,0.8029699955220856,80
tep,history_mean,mlp_s42,obs_bias,0.7,1.615082310608558,1.5355813285913604,1.6978922332888815,1.4765178042706375,0.9142059166720056,80
tep,history_mean,mlp_s42,obs_bias,1.0,1.4741157124162543,1.4088214588210795,1.5396347383723075,1.6462418563348002,1.1167656938113837,80
tep,history_mean,mlp_s42,obs_bias,1.3,1.372099721674829,1.3196781783644183,1.4261815208612865,1.848831852178312,1.3474471446736893,80
tep,history_mean,mlp_s42,obs_bias,1.6,1.3004375555519248,1.2565299671050212,1.3444175803832825,2.074614718066384,1.5953205205503984,80
tep,history_mean,mlp_s42,obs_bias,2.0,1.236751733694266,1.20195645960201,1.2714390708512724,2.400478349988221,1.940954101449141,80
tep,history_mean,mlp_s7,obs_bias,0.0,1.9131345228324732,1.796322442310771,2.035335100116241,1.2843344435448667,0.6713246916078632,80
tep,history_mean,mlp_s7,obs_bias,0.02,1.9133193178447339,1.7957245922269196,2.0348479869050196,1.2847740273684507,0.6714896020679337,80
tep,history_mean,mlp_s7,obs_bias,0.05,1.9119829561318018,1.794889388365951,2.0323109703978113,1.286041712669422,0.6726219543668197,80
tep,history_mean,mlp_s7,obs_bias,0.08,1.9087799037441253,1.792089435849067,2.027939393210386,1.2880370656923905,0.674796011402818,80
tep,history_mean,mlp_s7,obs_bias,0.12,1.9019400147128236,1.787684760699589,2.01944806217479,1.291822500632631,0.6792130617366946,80
tep,history_mean,mlp_s7,obs_bias,0.18,1.886789712806068,1.7750886380928264,2.0021103101365916,1.2998831309830379,0.6889390599071202,80
tep,history_mean,mlp_s7,obs_bias,0.25,1.8619987186897036,1.7551411033244473,1.9746038339521155,1.3128244429642435,0.7050619475657232,80
tep,history_mean,mlp_s7,obs_bias,0.35,1.8176938322628604,1.7173346160377778,1.9251644333675026,1.3376674862093068,0.7359146312027888,80
tep,history_mean,mlp_s7,obs_bias,0.5,1.74219543501097,1.6503542181268351,1.8371964361884172,1.387982205518718,0.7966857090920907,80
tep,history_mean,mlp_s7,obs_bias,0.7,1.641054011330758,1.5625898146796193,1.7217960862184738,1.4765178042706375,0.899737482176656,80
tep,history_mean,mlp_s7,obs_bias,1.0,1.5159308031000294,1.4552084802700318,1.5793519294637706,1.6462418563348002,1.0859610827672932,80
tep,history_mean,mlp_s7,obs_bias,1.3,1.4283656258883564,1.3794633982564877,1.4777403126974615,1.848831852178312,1.2943687657202274,80
tep,history_mean,mlp_s7,obs_bias,1.6,1.3688619757394023,1.329606815747668,1.408706171722798,2.074614718066384,1.5155762632282657,80
tep,history_mean,mlp_s7,obs_bias,2.0,1.3170709347818554,1.2859080426732303,1.3491894473420363,2.400478349988221,1.8225885080258102,80
tep,history_mean,ridge,obs_bias,0.0,1.9652017123047585,1.8446710389859076,2.0879001234687196,1.2843344435448667,0.6535382274009007,80
tep,history_mean,ridge,obs_bias,0.02,1.9635723755494923,1.8434034558992771,2.087038670642397,1.2847740273684507,0.6543043910000595,80
tep,history_mean,ridge,obs_bias,0.05,1.9577075109104776,1.838568222909494,2.0794065468648246,1.286041712669422,0.6569120798189706,80
tep,history_mean,ridge,obs_bias,0.08,1.9478806988052564,1.8303997647831631,2.0679852469000988,1.2880370656923905,0.6612504895615092,80
tep,history_mean,ridge,obs_bias,0.12,1.9290509356573968,1.8137792002999413,2.046626875631209,1.291822500632631,0.6696673876018695,80
tep,history_mean,ridge,obs_bias,0.18,1.8902027847177918,1.7785835322596149,2.003460858206202,1.2998831309830379,0.6876950671602735,80
tep,history_mean,ridge,obs_bias,0.25,1.8327528467841214,1.7276210955669318,1.9394991080106048,1.3128244429642435,0.7163128652441155,80
tep,history_mean,ridge,obs_bias,0.35,1.7381982011795305,1.6405641187421296,1.8356664364940134,1.3376674862093068,0.7695713212115707,80
tep,history_mean,ridge,obs_bias,0.5,1.593269682321182,1.5102750620515988,1.675615021757024,1.387982205518718,0.8711533401530698,80
tep,history_mean,ridge,obs_bias,0.7,1.4269492411822846,1.3605924360077204,1.4932542660271115,1.4765178042706375,1.0347374396073705,80
tep,history_mean,ridge,obs_bias,1.0,1.251529845927675,1.2031108668528727,1.3005605786789005,1.6462418563348002,1.315383617651205,80
tep,history_mean,ridge,obs_bias,1.3,1.142202253237316,1.105365182748727,1.1802265960248166,1.848831852178312,1.6186554062016714,80
tep,history_mean,ridge,obs_bias,1.6,1.0727422494090375,1.043246911961255,1.1034032173207124,2.074614718066384,1.9339358724887248,80
tep,history_mean,ridge,obs_bias,2.0,1.0151410314237521,0.9923779424405489,1.038716120728372,2.400478349988221,2.364674735510898,80
tep,drift,gru_s123,obs_bias,0.0,3.518760325427404,3.358532893757267,3.680614146431289,2.267805633435864,0.6444899406896678,80
tep,drift,gru_s123,obs_bias,0.02,3.5171385620410276,3.3559340265336237,3.6794563036924037,2.2677094425511113,0.644759767791218,80
tep,drift,gru_s123,obs_bias,0.05,3.5111880417619727,3.3485496026877297,3.6741660561849,2.2679018477408115,0.6459072600972805,80
tep,drift,gru_s123,obs_bias,0.08,3.501074698773569,3.338444886746147,3.6634204614547277,2.2684981450038615,0.6479433717305487,80
tep,drift,gru_s123,obs_bias,0.12,3.481327827339192,3.319125728946387,3.6446922217960354,2.2699208034314795,0.65202730567503,80
tep,drift,gru_s123,obs_bias,0.18,3.439208630762121,3.276884230212282,3.602660384375308,2.2733963143172664,0.6610230894348177,80
tep,drift,gru_s123,obs_bias,0.25,3.373564705904299,3.2118552482938485,3.5351511967293408,2.27947543353707,0.6756874796406332,80
tep,drift,gru_s123,obs_bias,0.35,3.2563538973988257,3.0994753598914198,3.413908909066975,2.291903844904432,0.7038251729135473,80
tep,drift,gru_s123,obs_bias,0.5,3.051763686740183,2.903813030223203,3.197581617117447,2.3186409459254573,0.7597708027000515,80
tep,drift,gru_s123,obs_bias,0.7,2.771930164942674,2.643320822807025,2.8990994309928317,2.368817117427905,0.8545731589442458,80
tep,drift,gru_s123,obs_bias,1.0,2.4072592078848807,2.3057123229217273,2.5093264464300633,2.4728946371600626,1.027265626011605,80
tep,drift,gru_s123,obs_bias,1.3,2.1233827384037687,2.0433035925367355,2.2031814270291696,2.607584587244521,1.2280332415270299,80
tep,drift,gru_s123,obs_bias,1.6,1.8690564095988358,1.7958052252885925,1.9449438930681313,2.7682691195614595,1.4811051744316406,80
tep,drift,gru_s123,obs_bias,2.0,1.4938797742186698,1.418027738277789,1.5690933076918658,3.01553955263014,2.0185958767714958,80
tep,drift,gru_s2024,obs_bias,0.0,3.5231453763438156,3.359720903501048,3.686443461499343,2.267805633435864,0.6436877821344134,80
tep,drift,gru_s2024,obs_bias,0.02,3.5210554246089254,3.3575778501760003,3.683281734490725,2.2677094425511113,0.6440425296068664,80
tep,drift,gru_s2024,obs_bias,0.05,3.5144394829262,3.3486603470048966,3.6781393541537852,2.2679018477408115,0.6453096884321669,80
tep,drift,gru_s2024,obs_bias,0.08,3.5037125007070524,3.338331942671804,3.6689358703647046,2.2684981450038615,0.6474555616495579,80
tep,drift,gru_s2024,obs_bias,0.12,3.4832564674893995,3.3171113579259015,3.6502835891400878,2.2699208034314795,0.6516662854479829,80
tep,drift,gru_s2024,obs_bias,0.18,3.4404258263034135,3.273576520738669,3.6084621848329395,2.2733963143172664,0.660789224675694,80
tep,drift,gru_s2024,obs_bias,0.25,3.3747767602656573,3.2113605054797967,3.5410082924807056,2.27947543353707,0.6754448058240252,80
tep,drift,gru_s2024,obs_bias,0.35,3.259802113453347,3.1013396528488615,3.4198067008245756,2.291903844904432,0.7030806672115599,80
tep,drift,gru_s2024,obs_bias,0.5,3.064552908475595,2.919867104092364,3.212207502374173,2.3186409459254573,0.756600070278709,80
tep,drift,gru_s2024,obs_bias,0.7,2.8062319190362808,2.6808390327144576,2.9327080405217614,2.368817117427905,0.8441273514704397,80
tep,drift,gru_s2024,obs_bias,1.0,2.478256534382196,2.384326011542373,2.5784134852432166,2.4728946371600626,0.9978364236519728,80
tep,drift,gru_s2024,obs_bias,1.3,2.2253888992618664,2.1527415575539863,2.302584119346032,2.607584587244521,1.1717433245530362,80
tep,drift,gru_s2024,obs_bias,1.6,2.0292567255326657,1.971064156701257,2.090464635218676,2.7682691195614595,1.3641788565883934,80
tep,drift,gru_s2024,obs_bias,2.0,1.8305257796706595,1.785580467561864,1.8779803573746328,3.01553955263014,1.647362515251046,80
tep,drift,gru_s31337,obs_bias,0.0,3.5223602304286725,3.3622138043567196,3.6824042587730057,2.267805633435864,0.643831262301037,80
tep,drift,gru_s31337,obs_bias,0.02,3.520261329482912,3.3606776322196734,3.6794895857774863,2.2677094425511113,0.6441878117282313,80
tep,drift,gru_s31337,obs_bias,0.05,3.5134773308562575,3.353219882614484,3.671180040245636,2.2679018477408115,0.645486403974637,80
tep,drift,gru_s31337,obs_bias,0.08,3.502384882015133,3.342729005871873,3.659990051407448,2.2684981450038615,0.6477009870196384,80
tep,drift,gru_s31337,obs_bias,0.12,3.4810972671266893,3.321902812167066,3.6391012744103426,2.2699208034314795,0.6520704907809372,80
tep,drift,gru_s31337,obs_bias,0.18,3.436148557261534,3.2760029136826354,3.5926245205645877,2.2733963143172664,0.6616117657407303,80
tep,drift,gru_s31337,obs_bias,0.25,3.366443894338802,3.206739335715253,3.5222714998584617,2.27947543353707,0.6771167157635871,80
tep,drift,gru_s31337,obs_bias,0.35,3.242324433350621,3.0881260114960076,3.3904479387701305,2.291903844904432,0.7068706084221117,80
tep,drift,gru_s31337,obs_bias,0.5,3.026627349375565,2.886943526567186,3.16464867869919,2.3186409459254573,0.7660807487264083,80
tep,drift,gru_s31337,obs_bias,0.7,2.7348376697601333,2.6110733300298343,2.858218204781526,2.368817117427905,0.8661637009101417,80
tep,drift,gru_s31337,obs_bias,1.0,2.364075663041463,2.2664983349676384,2.462210131563118,2.4728946371600626,1.0460302416795748,80
tep,drift,gru_s31337,obs_bias,1.3,2.0914042245094455,2.012952996748104,2.1696787353024134,2.607584587244521,1.2468104236789277,80
tep,drift,gru_s31337,obs_bias,1.6,1.8958881544645991,1.8310018924908298,1.9588886317629282,2.7682691195614595,1.460143686768918,80
tep,drift,gru_s31337,obs_bias,2.0,1.712463076809671,1.66346579472094,1.761375184693792,3.01553955263014,1.7609369763744678,80
tep,drift,gru_s42,obs_bias,0.0,3.5282386781318436,3.365640794063725,3.6911280777272233,2.267805633435864,0.642758566049346,80
tep,drift,gru_s42,obs_bias,0.02,3.5253507923336387,3.361749524560919,3.687227711042094,2.2677094425511113,0.643257813515341,80
tep,drift,gru_s42,obs_bias,0.05,3.5168529363758037,3.3541013706255263,3.6784556053695443,2.2679018477408115,0.6448668422507128,80
tep,drift,gru_s42,obs_bias,0.08,3.5034923212885962,3.3411924852388997,3.6655593309077568,2.2684981450038615,0.6474962514459002,80
tep,drift,gru_s42,obs_bias,0.12,3.4785050396317523,3.316776155966825,3.6402831593538285,2.2699208034314795,0.652556422247352,80
tep,drift,gru_s42,obs_bias,0.18,3.427121523894744,3.267430833733057,3.585543976677383,2.2733963143172664,0.6633544502191071,80
tep,drift,gru_s42,obs_bias,0.25,3.3496264715288806,3.1930219263769235,3.5025767408296633,2.27947543353707,0.6805163061947745,80
tep,drift,gru_s42,obs_bias,0.35,3.215849208013736,3.0667985491867973,3.362285651786279,2.291903844904432,0.7126900848438795,80
tep,drift,gru_s42,obs_bias,0.5,2.9913428616410975,2.857274568043667,3.127342945780347,2.3186409459254573,0.7751170805787921,80
tep,drift,gru_s42,obs_bias,0.7,2.695990288832762,2.579976877477682,2.8106173164411166,2.368817117427905,0.8786445289658268,80
tep,drift,gru_s42,obs_bias,1.0,2.3234142463058536,2.2366095619636757,2.4107635335203548,2.4728946371600626,1.0643365216047365,80
tep,drift,gru_s42,obs_bias,1.3,2.046369633872364,1.9772580851666146,2.1189904369366803,2.607584587244521,1.2742490623798814,80
tep,drift,gru_s42,obs_bias,1.6,1.8468230962810244,1.7905128457128872,1.9076046789199954,2.7682691195614595,1.4989357265110907,80
tep,drift,gru_s42,obs_bias,2.0,1.6642996046891143,1.6196963139037017,1.7127794012729036,3.01553955263014,1.8118970551539804,80
tep,drift,gru_s7,obs_bias,0.0,3.5375275345379467,3.374655772269487,3.7013133174617927,2.267805633435864,0.641070807589367,80
tep,drift,gru_s7,obs_bias,0.02,3.5370874059216773,3.3732599243055774,3.6999703864339244,2.2677094425511113,0.6411233826889846,80
tep,drift,gru_s7,obs_bias,0.05,3.53267703994298,3.368364528265836,3.6947464292105963,2.2679018477408115,0.6419782567436215,80
tep,drift,gru_s7,obs_bias,0.08,3.52376757310212,3.3571664672490162,3.686959581501442,2.2684981450038615,0.643770651140537,80
tep,drift,gru_s7,obs_bias,0.12,3.5050048210781424,3.3383217978523168,3.6685785100203576,2.2699208034314795,0.6476227335782238,80
tep,drift,gru_s7,obs_bias,0.18,3.462834535198793,3.298403577998062,3.62627007276036,2.2733963143172664,0.6565131227636772,80
tep,drift,gru_s7,obs_bias,0.25,3.3946619741926676,3.2334247337486812,3.553944352909836,2.27947543353707,0.6714881925995545,80
tep,drift,gru_s7,obs_bias,0.35,3.2696177040209577,3.118246088577661,3.420759298085888,2.291903844904432,0.7009699764244185,80
tep,drift,gru_s7,obs_bias,0.5,3.047220518578918,2.90368458297286,3.184363123125086,2.3186409459254573,0.7609035617175366,80
tep,drift,gru_s7,obs_bias,0.7,2.7416231550606422,2.6186881386142282,2.8584371392652703,2.368817117427905,0.8640199558627921,80
tep,drift,gru_s7,obs_bias,1.0,2.3507355530111895,2.254125995051976,2.4446988249617996,2.4728946371600626,1.0519663234736858,80
tep,drift,gru_s7,obs_bias,1.3,2.0643284474799186,1.988722336130118,2.1385464231130835,2.607584587244521,1.2631636164428177,80
tep,drift,gru_s7,obs_bias,1.6,1.8602641051130657,1.7995800464915255,1.9210047400355095,2.7682691195614595,1.4881054318860847,80
tep,drift,gru_s7,obs_bias,2.0,1.667253138012723,1.6207246358299288,1.7137322254595966,3.01553955263014,1.8086872856178893,80
tep,drift,mlp_s123,obs_bias,0.0,3.4301185898632673,3.2729351925166688,3.5957936568083966,2.267805633435864,0.6611449645320466,80
tep,drift,mlp_s123,obs_bias,0.02,3.4276695523449785,3.2701469893913258,3.5927633597249398,2.2677094425511113,0.6615892833075752,80
tep,drift,mlp_s123,obs_bias,0.05,3.4197658953345895,3.262149532413602,3.584941047099192,2.2679018477408115,0.6631745906451647,80
tep,drift,mlp_s123,obs_bias,0.08,3.407585676208841,3.2495724051900825,3.57211553740591,2.2684981450038615,0.6657200612275469,80
tep,drift,mlp_s123,obs_bias,0.12,3.3844783568216816,3.227244963481648,3.5494243851524625,2.2699208034314795,0.6706855722260052,80
tep,drift,mlp_s123,obs_bias,0.18,3.3341225314387346,3.1787065743103757,3.4962403724737854,2.2733963143172664,0.6818574581109514,80
tep,drift,mlp_s123,obs_bias,0.25,3.255464253245617,3.10370605751578,3.412434481114438,2.27947543353707,0.7001998044563044,80
tep,drift,mlp_s123,obs_bias,0.35,3.1181666256277802,2.9717921784585446,3.2663507170359103,2.291903844904432,0.7350164760496093,80
tep,drift,mlp_s123,obs_bias,0.5,2.8827671740425003,2.7491996624394694,3.0211374004883766,2.3186409459254573,0.8043108603439627,80
tep,drift,mlp_s123,obs_bias,0.7,2.5725624822365725,2.4555938019798806,2.689961414416415,2.368817117427905,0.9208006156447045,80
tep,drift,mlp_s123,obs_bias,1.0,2.1868619783117396,2.0934683601735764,2.27997274262737,2.4728946371600626,1.1307959357678077,80
tep,drift,mlp_s123,obs_bias,1.3,1.9103822302837221,1.837326959356513,1.9845238016725346,2.607584587244521,1.3649543771443338,80
tep,drift,mlp_s123,obs_bias,1.6,1.715979237824875,1.6568814780042591,1.7746144363782925,2.7682691195614595,1.6132299613778756,80
tep,drift,mlp_s123,obs_bias,2.0,1.54154238345968,1.4953817298177141,1.5875298735589802,3.01553955263014,1.9561833557001342,80
tep,drift,mlp_s2024,obs_bias,0.0,3.3872720866903463,3.2305277694583507,3.544910405075705,2.267805633435864,0.6695079625716467,80
tep,drift,mlp_s2024,obs_bias,0.02,3.3870384123032724,3.2297181921035736,3.545213426665778,2.2677094425511113,0.6695257527383668,80
tep,drift,mlp_s2024,obs_bias,0.05,3.383013810026746,3.2246824397447433,3.542618814945593,2.2679018477408115,0.6703791279299807,80
tep,drift,mlp_s2024,obs_bias,0.08,3.3749292289560717,3.218251690369892,3.534318058469579,2.2684981450038615,0.6721616932114307,80
tep,drift,mlp_s2024,obs_bias,0.12,3.3579044461988294,3.202447103318938,3.5184695411296145,2.2699208034314795,0.6759932689570858,80
tep,drift,mlp_s2024,obs_bias,0.18,3.320264364269003,3.166932212479174,3.4790953093615427,2.2733963143172664,0.6847034045789853,80
tep,drift,mlp_s2024,obs_bias,0.25,3.259562806779511,3.1084896507229915,3.4154086963568173,2.27947543353707,0.6993193776772844,80
tep,drift,mlp_s2024,obs_bias,0.35,3.148941629778169,3.0018716440773257,3.296005357054428,2.291903844904432,0.7278330672219822,80
tep,drift,mlp_s2024,obs_bias,0.5,2.949311327450942,2.815844740822731,3.084567697109051,2.3186409459254573,0.7861635102217011,80
tep,drift,mlp_s2024,obs_bias,0.7,2.6716444628826665,2.553169966200082,2.791377998907516,2.368817117427905,0.8866513304214083,80
tep,drift,mlp_s2024,obs_bias,1.0,2.3094750495225926,2.2136893039578016,2.405708593734376,2.4728946371600626,1.070760490645375,80
tep,drift,mlp_s2024,obs_bias,1.3,2.036436702119013,1.9584279784219012,2.1146190836651377,2.607584587244521,1.280464344671848,80
tep,drift,mlp_s2024,obs_bias,1.6,1.8404118699509113,1.7754571514882627,1.903653735096953,2.7682691195614595,1.5041573925706622,80
tep,drift,mlp_s2024,obs_bias,2.0,1.6623013647888096,1.6110392479157831,1.713605554992162,3.01553955263014,1.8140751229024317,80
tep,drift,mlp_s31337,obs_bias,0.0,3.4668938614139226,3.3088392813781056,3.6290538558680323,2.267805633435864,0.6541318321498807,80
tep,drift,mlp_s31337,obs_bias,0.02,3.464506495672322,3.3054822545115825,3.625524920636115,2.2677094425511113,0.654554824874427,80
tep,drift,mlp_s31337,obs_bias,0.05,3.45686000600332,3.299154778303126,3.6175260199657813,2.2679018477408115,0.65605834306344,80
tep,drift,mlp_s31337,obs_bias,0.08,3.443752920305217,3.286429867197198,3.6049560404575725,2.2684981450038615,0.658728485318513,80
tep,drift,mlp_s31337,obs_bias,0.12,3.4181780196235483,3.262761903151021,3.5776985537585726,2.2699208034314795,0.6640733134435962,80
tep,drift,mlp_s31337,obs_bias,0.18,3.364825507128471,3.210926439513925,3.5220131329466304,2.2733963143172664,0.6756357230117926,80
tep,drift,mlp_s31337,obs_bias,0.25,3.2836781986825203,3.1338200707670505,3.4378113291554784,2.27947543353707,0.6941835635573677,80
tep,drift,mlp_s31337,obs_bias,0.35,3.1412150795816633,2.997652121960225,3.2871484206166564,2.291903844904432,0.7296233421907743,80
tep,drift,mlp_s31337,obs_bias,0.5,2.903763314283499,2.7729619443841935,3.037618612278717,2.3186409459254573,0.7984951578250723,80
tep,drift,mlp_s31337,obs_bias,0.7,2.5994648730192584,2.4882509414877774,2.715296382129873,2.368817117427905,0.9112710627539823,80
tep,drift,mlp_s31337,obs_bias,1.0,2.231383324418031,2.142458382908874,2.3207589470210803,2.4728946371600626,1.1082338969280505,80
tep,drift,mlp_s31337,obs_bias,1.3,1.9664780355915448,1.8950819462233053,2.0396280544061756,2.607584587244521,1.3260176518880478,80
tep,drift,mlp_s31337,obs_bias,1.6,1.779102195453206,1.7202663675506176,1.8387580527602825,2.7682691195614595,1.5559921890019783,80
tep,drift,mlp_s31337,obs_bias,2.0,1.610512983993339,1.5637879630321414,1.658528088302331,3.01553955263014,1.8724093395093124,80
tep,drift,mlp_s42,obs_bias,0.0,3.3919701133172846,3.2340351326837684,3.551853234051696,2.267805633435864,0.6685806648272592,80
tep,drift,mlp_s42,obs_bias,0.02,3.389933315033542,3.2313168043168283,3.550943518234388,2.2677094425511113,0.6689539975592922,80
tep,drift,mlp_s42,obs_bias,0.05,3.3831242868600464,3.2238199436138046,3.543598275620732,2.2679018477408115,0.670357236519295,80
tep,drift,mlp_s42,obs_bias,0.08,3.3715512850751947,3.211420330483832,3.53166607247348,2.2684981450038615,0.6728351293500398,80
tep,drift,mlp_s42,obs_bias,0.12,3.34960185669612,3.190624609594045,3.509423032819956,2.2699208034314795,0.6776688396245445,80
tep,drift,mlp_s42,obs_bias,0.18,3.3041129713993573,3.1473159107938935,3.4589521276435806,2.2733963143172664,0.6880504189765757,80
tep,drift,mlp_s42,obs_bias,0.25,3.233281188185216,3.080594240093524,3.3894332608063134,2.27947543353707,0.705003771978304,80
tep,drift,mlp_s42,obs_bias,0.35,3.1067241674475783,2.958677232602013,3.256275398340985,2.291903844904432,0.7377236347272549,80
tep,drift,mlp_s42,obs_bias,0.5,2.8875810539071174,2.7502335501145785,3.0242256263586795,2.3186409459254573,0.8029699955220856,80
tep,drift,mlp_s42,obs_bias,0.7,2.591119871605226,2.4700610836243704,2.7126034214019854,2.368817117427905,0.9142059166720056,80
tep,drift,mlp_s42,obs_bias,1.0,2.214336141290639,2.1185810675176637,2.312517068044421,2.4728946371600626,1.1167656938113837,80
tep,drift,mlp_s42,obs_bias,1.3,1.9352036163733894,1.8569554638636494,2.0145339648621947,2.607584587244521,1.3474471446736893,80
tep,drift,mlp_s42,obs_bias,1.6,1.7352432215981177,1.6717832219333897,1.800034263242312,2.7682691195614595,1.5953205205503984,80
tep,drift,mlp_s42,obs_bias,2.0,1.5536377446425444,1.5028020916923568,1.6051202737996377,3.01553955263014,1.940954101449141,80
tep,drift,mlp_s7,obs_bias,0.0,3.378105500639835,3.2185962899780627,3.5411800677221983,2.267805633435864,0.6713246916078632,80
tep,drift,mlp_s7,obs_bias,0.02,3.377132625088199,3.2171050699634485,3.5421668594536913,2.2677094425511113,0.6714896020679337,80
tep,drift,mlp_s7,obs_bias,0.05,3.371733308758449,3.212128337451858,3.534804176783065,2.2679018477408115,0.6726219543668197,80
tep,drift,mlp_s7,obs_bias,0.08,3.3617539325520505,3.2031156430251633,3.526038991817807,2.2684981450038615,0.674796011402818,80
tep,drift,mlp_s7,obs_bias,0.12,3.3419863829288996,3.184415701726629,3.5049544770707026,2.2699208034314795,0.6792130617366946,80
tep,drift,mlp_s7,obs_bias,0.18,3.299851099491667,3.143164322019421,3.460256878954408,2.2733963143172664,0.6889390599071202,80
tep,drift,mlp_s7,obs_bias,0.25,3.233014405907342,3.0806825947400935,3.3911370829111114,2.27947543353707,0.7050619475657232,80
tep,drift,mlp_s7,obs_bias,0.35,3.1143610246728124,2.9647404540136106,3.267290395652822,2.291903844904432,0.7359146312027888,80
tep,drift,mlp_s7,obs_bias,0.5,2.910358400388277,2.771831873099234,3.0505319658983603,2.3186409459254573,0.7966857090920907,80
tep,drift,mlp_s7,obs_bias,0.7,2.6327869677022164,2.5117386904334946,2.7542339357492707,2.368817117427905,0.899737482176656,80
tep,drift,mlp_s7,obs_bias,1.0,2.2771484875484904,2.181060541391495,2.374745387399157,2.4728946371600626,1.0859610827672932,80
tep,drift,mlp_s7,obs_bias,1.3,2.014560808560286,1.9375637871682423,2.093657087949416,2.607584587244521,1.2943687657202274,80
tep,drift,mlp_s7,obs_bias,1.6,1.82654557657487,1.7625063315433072,1.8924099734639703,2.7682691195614595,1.5155762632282657,80
tep,drift,mlp_s7,obs_bias,2.0,1.654536687437204,1.6024368748082765,1.7064325262213418,3.01553955263014,1.8225885080258102,80
tep,drift,ridge,obs_bias,0.0,3.4700428197671767,3.3065739243813,3.6390830065635296,2.267805633435864,0.6535382274009007,80
tep,drift,ridge,obs_bias,0.02,3.465832529543432,3.3018283487707456,3.634507650585581,2.2677094425511113,0.6543043910000595,80
tep,drift,ridge,obs_bias,0.05,3.452367398032613,3.288077909017805,3.620836854396065,2.2679018477408115,0.6569120798189706,80
tep,drift,ridge,obs_bias,0.08,3.4306184733536544,3.2667694819006035,3.5984011452892495,2.2684981450038615,0.6612504895615092,80
tep,drift,ridge,obs_bias,0.12,3.3896242305605484,3.2273464575106456,3.556582954276624,2.2699208034314795,0.6696673876018695,80
tep,drift,ridge,obs_bias,0.18,3.305820301583508,3.1496236675502023,3.4677657768415666,2.2733963143172664,0.6876950671602735,80
tep,drift,ridge,obs_bias,0.25,3.182234389661893,3.0327322402347083,3.3357383712374338,2.27947543353707,0.7163128652441155,80
tep,drift,ridge,obs_bias,0.35,2.978156516144839,2.8403561559479424,3.120442995201207,2.291903844904432,0.7695713212115707,80
tep,drift,ridge,obs_bias,0.5,2.6615761417135246,2.5439152711749755,2.782532930452291,2.3186409459254573,0.8711533401530698,80
tep,drift,ridge,obs_bias,0.7,2.289292942107854,2.19517949149852,2.3860278385326286,2.368817117427905,1.0347374396073705,80
tep,drift,ridge,obs_bias,1.0,1.879979805112481,1.8069563202793182,1.9533038592149177,2.4728946371600626,1.315383617651205,80
tep,drift,ridge,obs_bias,1.3,1.610957203895217,1.5527305055894356,1.6683313780094446,2.607584587244521,1.6186554062016714,80
tep,drift,ridge,obs_bias,1.6,1.4314172248116253,1.3841115510718316,1.4775951340013018,2.7682691195614595,1.9339358724887248,80
tep,drift,ridge,obs_bias,2.0,1.2752449659756777,1.2387572902704154,1.3120335810019974,3.01553955263014,2.364674735510898,80
tep,ar1,gru_s123,obs_bias,0.0,1.6242699319820433,1.5469096966556974,1.705274492864206,1.0468256321271179,0.6444899406896678,80
tep,ar1,gru_s123,obs_bias,0.02,1.6239328425750565,1.5459908186401305,1.7049982187984238,1.047046562487226,0.644759767791218,80
tep,ar1,gru_s123,obs_bias,0.05,1.6219998042975317,1.544184639095383,1.703247462498198,1.047661449472144,0.6459072600972805,80
tep,ar1,gru_s123,obs_bias,0.08,1.618376182066707,1.5406051394052331,1.7003295069520432,1.0486161201367146,0.6479433717305487,80
tep,ar1,gru_s123,obs_bias,0.12,1.6110003053155106,1.5331980123931956,1.6936269343331072,1.050416188516523,0.65202730567503,80
tep,ar1,gru_s123,obs_bias,0.18,1.594861052937495,1.5171978171945588,1.6756932240187445,1.0542399804320093,0.6610230894348177,80
tep,ar1,gru_s123,obs_bias,0.25,1.5693472330196445,1.4923258911328738,1.648297739829424,1.0603882765600452,0.6756874796406332,80
tep,ar1,gru_s123,obs_bias,0.35,1.5234799905904481,1.4491130757635478,1.6004497906445003,1.0722635678076515,0.7038251729135473,80
tep,ar1,gru_s123,obs_bias,0.5,1.44339366058698,1.373903968499912,1.5161920539379827,1.0966483601163355,0.7597708027000515,80
tep,ar1,gru_s123,obs_bias,0.7,1.334693212805627,1.2717877301720868,1.3990583226280506,1.1405929950887492,0.8545731589442458,80
tep,ar1,gru_s123,obs_bias,1.0,1.1953591609964802,1.1442980205152875,1.249848191440624,1.2279513768297563,1.027265626011605,80
tep,ar1,gru_s123,obs_bias,1.3,1.0882236287167308,1.04562247108658,1.1343639873377596,1.336374790279314,1.2280332415270299,80
tep,ar1,gru_s123,obs_bias,1.6,0.9865105213739458,0.945983228418392,1.0290219908597258,1.4611258378382066,1.4811051744316406,80
tep,ar1,gru_s123,obs_bias,2.0,0.8155937757359274,0.7739344244077209,0.8590321826038315,1.646354232821039,2.0185958767714958,80
tep,ar1,gru_s2024,obs_bias,0.0,1.6262940841535536,1.5459166006665477,1.710090182221511,1.0468256321271179,0.6436877821344134,80
tep,ar1,gru_s2024,obs_bias,0.02,1.6257413359430777,1.54556892363985,1.7093323271576222,1.047046562487226,0.6440425296068664,80
tep,ar1,gru_s2024,obs_bias,0.05,1.6235018135517598,1.5437050776291854,1.7072189245785072,1.047661449472144,0.6453096884321669,80
tep,ar1,gru_s2024,obs_bias,0.08,1.6195955093274634,1.53957169133021,1.7018833200761314,1.0486161201367146,0.6474555616495579,80
tep,ar1,gru_s2024,obs_bias,0.12,1.6118927923276294,1.5323071574770954,1.6928033763030588,1.050416188516523,0.6516662854479829,80
tep,ar1,gru_s2024,obs_bias,0.18,1.5954255019055665,1.517537047346273,1.6772054758424297,1.0542399804320093,0.660789224675694,80
tep,ar1,gru_s2024,obs_bias,0.25,1.5699110681092572,1.4926255305019236,1.6505303843751236,1.0603882765600452,0.6754448058240252,80
tep,ar1,gru_s2024,obs_bias,0.35,1.5250932329860278,1.4506106185704029,1.6039955558835919,1.0722635678076515,0.7030806672115599,80
tep,ar1,gru_s2024,obs_bias,0.5,1.4494425829386492,1.379083634323407,1.5244929741140867,1.0966483601163355,0.756600070278709,80
tep,ar1,gru_s2024,obs_bias,0.7,1.351209616773911,1.2880554085894147,1.418802967256723,1.1405929950887492,0.8441273514704397,80
tep,ar1,gru_s2024,obs_bias,1.0,1.2306139039659305,1.181677981591261,1.2847108202649935,1.2279513768297563,0.9978364236519728,80
tep,ar1,gru_s2024,obs_bias,1.3,1.1405013045745975,1.1005753147204858,1.1842906624931446,1.336374790279314,1.1717433245530362,80
tep,ar1,gru_s2024,obs_bias,1.6,1.0710661807882458,1.0382651397426819,1.107229130152013,1.4611258378382066,1.3641788565883934,80
tep,ar1,gru_s2024,obs_bias,2.0,0.9993879413786143,0.972976184495254,1.0281984577541583,1.646354232821039,1.647362515251046,80
tep,ar1,gru_s31337,obs_bias,0.0,1.625931658530822,1.5463866405142603,1.7099856276350438,1.0468256321271179,0.643831262301037,80
tep,ar1,gru_s31337,obs_bias,0.02,1.6253746864260017,1.5465096912009373,1.709188502249435,1.047046562487226,0.6441878117282313,80
tep,ar1,gru_s31337,obs_bias,0.05,1.623057345625067,1.5439196012303311,1.7070275262011232,1.047661449472144,0.645486403974637,80
tep,ar1,gru_s31337,obs_bias,0.08,1.6189818159176594,1.541168679172305,1.701823876954692,1.0486161201367146,0.6477009870196384,80
tep,ar1,gru_s31337,obs_bias,0.12,1.6108936125272537,1.5335063860034135,1.6940215097199331,1.050416188516523,0.6520704907809372,80
tep,ar1,gru_s31337,obs_bias,0.18,1.5934420078695222,1.5159269886174154,1.6761531674561674,1.0542399804320093,0.6616117657407303,80
tep,ar1,gru_s31337,obs_bias,0.25,1.5660347055001311,1.4910003155219729,1.6460919536821836,1.0603882765600452,0.6771167157635871,80
tep,ar1,gru_s31337,obs_bias,0.35,1.516916328153997,1.4447946227913953,1.593176373329665,1.0722635678076515,0.7068706084221117,80
tep,ar1,gru_s31337,obs_bias,0.5,1.4315049189520663,1.3638249842755732,1.5032365953306672,1.0966483601163355,0.7660807487264083,80
tep,ar1,gru_s31337,obs_bias,0.7,1.3168330581046568,1.2555946352689062,1.380716232664867,1.1405929950887492,0.8661637009101417,80
tep,ar1,gru_s31337,obs_bias,1.0,1.1739157510953766,1.1248338052536921,1.2267746328603495,1.2279513768297563,1.0460302416795748,80
tep,ar1,gru_s31337,obs_bias,1.3,1.0718347913198474,1.0299865202182785,1.1167126901982145,1.336374790279314,1.2468104236789277,80
tep,ar1,gru_s31337,obs_bias,1.6,1.0006726400135744,0.9648510728606728,1.0398184850937102,1.4611258378382066,1.460143686768918,80
tep,ar1,gru_s31337,obs_bias,2.0,0.934930809511798,0.9051567504415274,0.9673323901038386,1.646354232821039,1.7609369763744678,80
tep,ar1,gru_s42,obs_bias,0.0,1.6286451669735518,1.5505776010776309,1.7139212424967771,1.0468256321271179,0.642758566049346,80
tep,ar1,gru_s42,obs_bias,0.02,1.6277245926718233,1.5495738524019709,1.712383835298846,1.047046562487226,0.643257813515341,80
tep,ar1,gru_s42,obs_bias,0.05,1.6246167128326807,1.5467439307692559,1.7084644001180258,1.047661449472144,0.6448668422507128,80
tep,ar1,gru_s42,obs_bias,0.08,1.6194937311144093,1.5428502681165812,1.7025214233176587,1.0486161201367146,0.6474962514459002,80
tep,ar1,gru_s42,obs_bias,0.12,1.6096940474495278,1.5328914678942291,1.6912556495284117,1.050416188516523,0.652556422247352,80
tep,ar1,gru_s42,obs_bias,0.18,1.5892559099947126,1.5136188323156914,1.6686747803890716,1.0542399804320093,0.6633544502191071,80
tep,ar1,gru_s42,obs_bias,0.25,1.558211415225876,1.4832421076025253,1.637098303457681,1.0603882765600452,0.6805163061947745,80
tep,ar1,gru_s42,obs_bias,0.35,1.504529936097735,1.433254392361712,1.5804546403090844,1.0722635678076515,0.7126900848438795,80
tep,ar1,gru_s42,obs_bias,0.5,1.4148164033457382,1.3484198051933998,1.4853895219517335,1.0966483601163355,0.7751170805787921,80
tep,ar1,gru_s42,obs_bias,0.7,1.2981279203220424,1.2398852960563052,1.3595168992593039,1.1405929950887492,0.8786445289658268,80
tep,ar1,gru_s42,obs_bias,1.0,1.1537247401586221,1.1062560008848523,1.2028794787006796,1.2279513768297563,1.0643365216047365,80
tep,ar1,gru_s42,obs_bias,1.3,1.0487547762314235,1.0101820603478335,1.0902561624454012,1.336374790279314,1.2742490623798814,80
tep,ar1,gru_s42,obs_bias,1.6,0.9747755103810287,0.940928549665481,1.0106130565028872,1.4611258378382066,1.4989357265110907,80
tep,ar1,gru_s42,obs_bias,2.0,0.9086356358590841,0.881058489058576,0.9383106068752733,1.646354232821039,1.8118970551539804,80
tep,ar1,gru_s7,obs_bias,0.0,1.63293292992629,1.5533308319885635,1.7153527920284206,1.0468256321271179,0.641070807589367,80
tep,ar1,gru_s7,obs_bias,0.02,1.6331436206486931,1.5533861760099992,1.7163078689651226,1.047046562487226,0.6411233826889846,80
tep,ar1,gru_s7,obs_bias,0.05,1.6319266867172648,1.5512239213706327,1.7149301440140825,1.047661449472144,0.6419782567436215,80
tep,ar1,gru_s7,obs_bias,0.08,1.6288659917610917,1.5482664743554537,1.7124800495134065,1.0486161201367146,0.643770651140537,80
tep,ar1,gru_s7,obs_bias,0.12,1.6219569419881206,1.5417212600421948,1.7044446449848738,1.050416188516523,0.6476227335782238,80
tep,ar1,gru_s7,obs_bias,0.18,1.6058170718569176,1.5252577215365017,1.6874274468287618,1.0542399804320093,0.6565131227636772,80
tep,ar1,gru_s7,obs_bias,0.25,1.579161462921528,1.5012069421368333,1.6600748355964021,1.0603882765600452,0.6714881925995545,80
tep,ar1,gru_s7,obs_bias,0.35,1.5296854414181424,1.4538239279219376,1.6066603583845147,1.0722635678076515,0.7009699764244185,80
tep,ar1,gru_s7,obs_bias,0.5,1.441244876868423,1.3702289384123736,1.512475199888395,1.0966483601163355,0.7609035617175366,80
tep,ar1,gru_s7,obs_bias,0.7,1.3201002909125832,1.2575235786329055,1.3834539372426076,1.1405929950887492,0.8640199558627921,80
tep,ar1,gru_s7,obs_bias,1.0,1.1672915277125528,1.114166421691379,1.2208126373121742,1.2279513768297563,1.0519663234736858,80
tep,ar1,gru_s7,obs_bias,1.3,1.0579585834198308,1.0149155479939689,1.1030041283906193,1.336374790279314,1.2631636164428177,80
tep,ar1,gru_s7,obs_bias,1.6,0.9818698369955662,0.9452732995020711,1.0205289613764688,1.4611258378382066,1.4881054318860847,80
tep,ar1,gru_s7,obs_bias,2.0,0.9102481373714121,0.8800187033706769,0.941786479152875,1.646354232821039,1.8086872856178893,80
tep,ar1,mlp_s123,obs_bias,0.0,1.583352650757997,1.5035461103377756,1.6674912590836632,1.0468256321271179,0.6611449645320466,80
tep,ar1,mlp_s123,obs_bias,0.02,1.5826232209394033,1.5026897391764877,1.667705639913007,1.047046562487226,0.6615892833075752,80
tep,ar1,mlp_s123,obs_bias,0.05,1.5797671748143032,1.5003887410840908,1.6660465250075691,1.047661449472144,0.6631745906451647,80
tep,ar1,mlp_s123,obs_bias,0.08,1.5751607638248588,1.4966592458856114,1.661255815641471,1.0486161201367146,0.6657200612275469,80
tep,ar1,mlp_s123,obs_bias,0.12,1.5661827718019818,1.4883910421149333,1.651748497749985,1.050416188516523,0.6706855722260052,80
tep,ar1,mlp_s123,obs_bias,0.18,1.5461295728182296,1.4688407896436302,1.63047028180982,1.0542399804320093,0.6818574581109514,80
tep,ar1,mlp_s123,obs_bias,0.25,1.514408130095698,1.4392600220951064,1.5944423086085824,1.0603882765600452,0.7001998044563044,80
tep,ar1,mlp_s123,obs_bias,0.35,1.458829295324912,1.386813278422344,1.5351572201142731,1.0722635678076515,0.7350164760496093,80
tep,ar1,mlp_s123,obs_bias,0.5,1.3634633251717563,1.296836524694801,1.432448963140095,1.0966483601163355,0.8043108603439627,80
tep,ar1,mlp_s123,obs_bias,0.7,1.2386970378925688,1.1800546113698815,1.2990195771457442,1.1405929950887492,0.9208006156447045,80
tep,ar1,mlp_s123,obs_bias,1.0,1.0859177487191625,1.036990969153865,1.1339832184142036,1.2279513768297563,1.1307959357678077,80
tep,ar1,mlp_s123,obs_bias,1.3,0.9790618739032054,0.9391527149057765,1.0193187948674263,1.336374790279314,1.3649543771443338,80
tep,ar1,mlp_s123,obs_bias,1.6,0.9057145433811833,0.8723452580817214,0.9393645636242668,1.4611258378382066,1.6132299613778756,80
tep,ar1,mlp_s123,obs_bias,2.0,0.8416154999089005,0.8141755091835785,0.8694816799330847,1.646354232821039,1.9561833557001342,80
tep,ar1,mlp_s2024,obs_bias,0.0,1.563574581109023,1.4894987052643889,1.6416576604531585,1.0468256321271179,0.6695079625716467,80
tep,ar1,mlp_s2024,obs_bias,0.02,1.563863015283274,1.4898703809295049,1.641643540505005,1.047046562487226,0.6695257527383668,80
tep,ar1,mlp_s2024,obs_bias,0.05,1.5627894810913168,1.4889141052436663,1.640456518037518,1.047661449472144,0.6703791279299807,80
tep,ar1,mlp_s2024,obs_bias,0.08,1.560065280017183,1.4868897822611347,1.6372814876309012,1.0486161201367146,0.6721616932114307,80
tep,ar1,mlp_s2024,obs_bias,0.12,1.5538855736494128,1.4808660895964583,1.6311819252091866,1.050416188516523,0.6759932689570858,80
tep,ar1,mlp_s2024,obs_bias,0.18,1.5397031377114987,1.4661071742922103,1.6181954069401085,1.0542399804320093,0.6847034045789853,80
tep,ar1,mlp_s2024,obs_bias,0.25,1.5163147345952477,1.4428832317735276,1.5925222972606705,1.0603882765600452,0.6993193776772844,80
tep,ar1,mlp_s2024,obs_bias,0.35,1.4732273320588516,1.40210414508478,1.5463737958870012,1.0722635678076515,0.7278330672219822,80
tep,ar1,mlp_s2024,obs_bias,0.5,1.3949367349892348,1.32835211284071,1.4648674015633258,1.0966483601163355,0.7861635102217011,80
tep,ar1,mlp_s2024,obs_bias,0.7,1.2864053274996468,1.2276323785637915,1.3481330068288104,1.1405929950887492,0.8866513304214083,80
tep,ar1,mlp_s2024,obs_bias,1.0,1.1468030316374844,1.0978643028143904,1.1980669916494955,1.2279513768297563,1.070760490645375,80
tep,ar1,mlp_s2024,obs_bias,1.3,1.0436641956022559,1.0026155547338202,1.0873315664292633,1.336374790279314,1.280464344671848,80
tep,ar1,mlp_s2024,obs_bias,1.6,0.971391587778648,0.9362796080053606,1.0086102948650548,1.4611258378382066,1.5041573925706622,80
tep,ar1,mlp_s2024,obs_bias,2.0,0.9075446832581843,0.8791001647554411,0.9383408978988527,1.646354232821039,1.8140751229024317,80
tep,ar1,mlp_s31337,obs_bias,0.0,1.6003282223502304,1.5224003759495464,1.6796271175716797,1.0468256321271179,0.6541318321498807,80
tep,ar1,mlp_s31337,obs_bias,0.02,1.599631570492352,1.521771364101224,1.678869387878438,1.047046562487226,0.654554824874427,80
tep,ar1,mlp_s31337,obs_bias,0.05,1.5969028677847883,1.5182973271184368,1.6775901275131653,1.047661449472144,0.65605834306344,80
tep,ar1,mlp_s31337,obs_bias,0.08,1.5918791178882759,1.5156083396850177,1.6735663234703813,1.0486161201367146,0.658728485318513,80
tep,ar1,mlp_s31337,obs_bias,0.12,1.5817774442245243,1.5054817476212754,1.6618837004515163,1.050416188516523,0.6640733134435962,80
tep,ar1,mlp_s31337,obs_bias,0.18,1.5603674354761854,1.4849764076530978,1.639979423392528,1.0542399804320093,0.6756357230117926,80
tep,ar1,mlp_s31337,obs_bias,0.25,1.527532964229301,1.4541673704043168,1.6047368973595164,1.0603882765600452,0.6941835635573677,80
tep,ar1,mlp_s31337,obs_bias,0.35,1.469612477841049,1.3994188213277419,1.5435252123541436,1.0722635678076515,0.7296233421907743,80
tep,ar1,mlp_s31337,obs_bias,0.5,1.3733938764304694,1.3087724802914196,1.4415865120312614,1.0966483601163355,0.7984951578250723,80
tep,ar1,mlp_s31337,obs_bias,0.7,1.2516506248335435,1.1956319292388766,1.308921980632849,1.1405929950887492,0.9112710627539823,80
tep,ar1,mlp_s31337,obs_bias,1.0,1.1080254630665554,1.0622472136026082,1.1551635287318156,1.2279513768297563,1.1082338969280505,80
tep,ar1,mlp_s31337,obs_bias,1.3,1.007810709289216,0.9690212885848445,1.0482249265590113,1.336374790279314,1.3260176518880478,80
tep,ar1,mlp_s31337,obs_bias,1.6,0.9390316019358558,0.9057424634692071,0.9740079968473402,1.4611258378382066,1.5559921890019783,80
tep,ar1,mlp_s31337,obs_bias,2.0,0.8792704661751399,0.8520904489387082,0.907958685640337,1.646354232821039,1.8724093395093124,80
tep,ar1,mlp_s42,obs_bias,0.0,1.565743203772705,1.4882237348054497,1.6450410078711748,1.0468256321271179,0.6685806648272592,80
tep,ar1,mlp_s42,obs_bias,0.02,1.5651996494638212,1.4881774287346505,1.6444513459288703,1.047046562487226,0.6689539975592922,80
tep,ar1,mlp_s42,obs_bias,0.05,1.5628405160686125,1.4860174427693758,1.64227826458164,1.047661449472144,0.670357236519295,80
tep,ar1,mlp_s42,obs_bias,0.08,1.5585038212105247,1.4816664121077718,1.6373355464768091,1.0486161201367146,0.6728351293500398,80
tep,ar1,mlp_s42,obs_bias,0.12,1.5500435125488365,1.4736079085444973,1.6290745090549377,1.050416188516523,0.6776688396245445,80
tep,ar1,mlp_s42,obs_bias,0.18,1.5322132671616036,1.4569441882707428,1.6091926900243343,1.0542399804320093,0.6880504189765757,80
tep,ar1,mlp_s42,obs_bias,0.25,1.5040887988223104,1.4303527548313877,1.5807319148946393,1.0603882765600452,0.705003771978304,80
tep,ar1,mlp_s42,obs_bias,0.35,1.4534759594683178,1.3817462159699538,1.529621233167043,1.0722635678076515,0.7377236347272549,80
tep,ar1,mlp_s42,obs_bias,0.5,1.365740147492438,1.2976499984529553,1.4360880729752135,1.0966483601163355,0.8029699955220856,80
tep,ar1,mlp_s42,obs_bias,0.7,1.2476324800443899,1.1857919184290366,1.3116339435332394,1.1405929950887492,0.9142059166720056,80
tep,ar1,mlp_s42,obs_bias,1.0,1.0995604392528477,1.0477781074980255,1.1535380531021948,1.2279513768297563,1.1167656938113837,80
tep,ar1,mlp_s42,obs_bias,1.3,0.9917827170897625,0.9485957037143727,1.0369247636728507,1.336374790279314,1.3474471446736893,80
tep,ar1,mlp_s42,obs_bias,1.6,0.9158823064183406,0.8792028578150644,0.9543913701200983,1.4611258378382066,1.5953205205503984,80
tep,ar1,mlp_s42,obs_bias,2.0,0.8482190442277074,0.8182147367421544,0.8795843980477173,1.646354232821039,1.940954101449141,80
tep,ar1,mlp_s7,obs_bias,0.0,1.5593432585056677,1.482799552709485,1.640938545579044,1.0468256321271179,0.6713246916078632,80
tep,ar1,mlp_s7,obs_bias,0.02,1.5592893162644947,1.4826805731473063,1.6411443881833914,1.047046562487226,0.6714896020679337,80
tep,ar1,mlp_s7,obs_bias,0.05,1.5575784326849276,1.481773481214954,1.6395594302981025,1.047661449472144,0.6726219543668197,80
tep,ar1,mlp_s7,obs_bias,0.08,1.55397498268665,1.478873109355544,1.6363587547063774,1.0486161201367146,0.674796011402818,80
tep,ar1,mlp_s7,obs_bias,0.12,1.5465194173838341,1.4709921848291556,1.6285158325445277,1.050416188516523,0.6792130617366946,80
tep,ar1,mlp_s7,obs_bias,0.18,1.5302369132244256,1.4558160247502379,1.610839943755517,1.0542399804320093,0.6889390599071202,80
tep,ar1,mlp_s7,obs_bias,0.25,1.503964694479842,1.4302310783353989,1.5808454427330236,1.0603882765600452,0.7050619475657232,80
tep,ar1,mlp_s7,obs_bias,0.35,1.457048850972197,1.3850148154894717,1.5314769531287378,1.0722635678076515,0.7359146312027888,80
tep,ar1,mlp_s7,obs_bias,0.5,1.376513156444195,1.309746813224221,1.446409410906044,1.0966483601163355,0.7966857090920907,80
tep,ar1,mlp_s7,obs_bias,0.7,1.2676953196719254,1.2073676561322737,1.3298923948326224,1.1405929950887492,0.899737482176656,80
tep,ar1,mlp_s7,obs_bias,1.0,1.1307508126356032,1.0817459090395116,1.1819351531759748,1.2279513768297563,1.0859610827672932,80
tep,ar1,mlp_s7,obs_bias,1.3,1.032452903431823,0.991785450218089,1.0751500041544089,1.336374790279314,1.2943687657202274,80
tep,ar1,mlp_s7,obs_bias,1.6,0.9640727908511337,0.9293903947147679,0.9999740963036651,1.4611258378382066,1.5155762632282657,80
tep,ar1,mlp_s7,obs_bias,2.0,0.9033055050941452,0.875392402099528,0.9332259796009507,1.646354232821039,1.8225885080258102,80
tep,ar1,ridge,obs_bias,0.0,1.6017817906234924,1.51940006243594,1.6887973010998765,1.0468256321271179,0.6535382274009007,80
tep,ar1,ridge,obs_bias,0.02,1.600243826710206,1.5182608988144934,1.6872415460619308,1.047046562487226,0.6543043910000595,80
tep,ar1,ridge,obs_bias,0.05,1.5948274992307259,1.5132781773873192,1.6814219197619045,1.047661449472144,0.6569120798189706,80
tep,ar1,ridge,obs_bias,0.08,1.5858077032685096,1.5049529557017798,1.6705795322930848,1.0486161201367146,0.6612504895615092,80
tep,ar1,ridge,obs_bias,0.12,1.568564048307839,1.4895209444216866,1.6520398984120077,1.050416188516523,0.6696673876018695,80
tep,ar1,ridge,obs_bias,0.18,1.533005005816494,1.4560993959901671,1.6132486850247165,1.0542399804320093,0.6876950671602735,80
tep,ar1,ridge,obs_bias,0.25,1.480342358780155,1.4075941177084037,1.5558625760071423,1.0603882765600452,0.7163128652441155,80
tep,ar1,ridge,obs_bias,0.35,1.3933257883356918,1.3256721986104287,1.4625287499174509,1.0722635678076515,0.7695713212115707,80
tep,ar1,ridge,obs_bias,0.5,1.2588465308801366,1.2002925440592769,1.319045093232669,1.0966483601163355,0.8711533401530698,80
tep,ar1,ridge,obs_bias,0.7,1.102301851106833,1.0537704691598941,1.1519868347897793,1.1405929950887492,1.0347374396073705,80
tep,ar1,ridge,obs_bias,1.0,0.9335309945720848,0.8959425884886503,0.9733853535204118,1.2279513768297563,1.315383617651205,80
tep,ar1,ridge,obs_bias,1.3,0.8256079614964152,0.7949271648693154,0.8571032825610075,1.336374790279314,1.6186554062016714,80
tep,ar1,ridge,obs_bias,1.6,0.7555192799427869,0.729534576059436,0.7820187414886096,1.4611258378382066,1.9339358724887248,80
tep,ar1,ridge,obs_bias,2.0,0.6962286221006786,0.6747679234684747,0.717654805906568,1.646354232821039,2.364674735510898,80
tep,persistence,gru_s123,obs_noise,0.0,2.031191908659167,1.9416744125865215,2.124826331427249,1.3090827527410798,0.6444899406896678,80
tep,persistence,gru_s123,obs_noise,0.02,2.0325040786652253,1.9424937564553963,2.1268270752951155,1.3094582179168914,0.6442585929652016,80
tep,persistence,gru_s123,obs_noise,0.05,2.0330998562674334,1.9433380429601141,2.1279050313234684,1.3106226473791025,0.6446425360460522,80
tep,persistence,gru_s123,obs_noise,0.08,2.0320588677249125,1.9427266340025566,2.1277417252876307,1.3125064683770078,0.645899825651452,80
tep,persistence,gru_s123,obs_noise,0.12,2.0281924242601943,1.938563007947773,2.1232199408013805,1.31613078219091,0.6489181038485455,80
tep,persistence,gru_s123,obs_noise,0.18,2.0174277306327575,1.9269532749499052,2.1114274052375994,1.3239244642987382,0.6562438119572664,80
tep,persistence,gru_s123,obs_noise,0.25,1.998325898232889,1.9090668270654714,2.0907210619571166,1.3365191070629028,0.6688193893922812,80
tep,persistence,gru_s123,obs_noise,0.35,1.9618745950721042,1.8756187554846528,2.0524124272090685,1.3608107895979842,0.6936278154659374,80
tep,persistence,gru_s123,obs_noise,0.5,1.8964002161185511,1.814743946965007,1.9804777716108457,1.4102137470535947,0.7436266538399492,80
tep,persistence,gru_s123,obs_noise,0.7,1.8072717678580645,1.7309384178791258,1.8843641769517194,1.497496144573282,0.828594886063029,80
tep,persistence,gru_s123,obs_noise,1.0,1.694330045105576,1.628089486313747,1.7642174072659715,1.6655758190950358,0.9830291470698977,80
tep,persistence,gru_s123,obs_noise,1.3,1.6094942460327093,1.5510772338000676,1.6700474951596271,1.867021084170186,1.1600048206275122,80
tep,persistence,gru_s123,obs_noise,1.6,1.544666643277636,1.4941322814077223,1.5964211340054795,2.0921558686432515,1.3544384335275703,80
tep,persistence,gru_s123,obs_noise,2.0,1.4771778065933001,1.4352931336139314,1.5214590248147968,2.417750173985225,1.6367360538411375,80
tep,persistence,gru_s2024,obs_noise,0.0,2.0337231637367323,1.9426394958440756,2.1293127637325937,1.3090827527410798,0.6436877821344134,80
tep,persistence,gru_s2024,obs_noise,0.02,2.035376873799453,1.943507216615962,2.1310661721411304,1.3094582179168914,0.6433492660612361,80
tep,persistence,gru_s2024,obs_noise,0.05,2.036263220367575,1.9423238508051783,2.1317729247003463,1.3106226473791025,0.6436410746261558,80
tep,persistence,gru_s2024,obs_noise,0.08,2.0352494602394033,1.940732570397622,2.131750650861509,1.3125064683770078,0.6448872700954407,80
tep,persistence,gru_s2024,obs_noise,0.12,2.031029111122364,1.9370610048129684,2.1287884411174813,1.31613078219091,0.6480117763864078,80
tep,persistence,gru_s2024,obs_noise,0.18,2.018997750168481,1.9251775612096467,2.1189099043849446,1.3239244642987382,0.6557335015297862,80
tep,persistence,gru_s2024,obs_noise,0.25,1.9975816133890616,1.9056783043744945,2.0952769177057267,1.3365191070629028,0.6690685867874946,80
tep,persistence,gru_s2024,obs_noise,0.35,1.9570676944622294,1.8654736439234287,2.051788195167075,1.3608107895979842,0.6953314867178946,80
tep,persistence,gru_s2024,obs_noise,0.5,1.8858995883028546,1.7971618833534253,1.9751704410765836,1.4102137470535947,0.747767142959432,80
tep,persistence,gru_s2024,obs_noise,0.7,1.7924813396735209,1.708569870787471,1.8724531526421855,1.497496144573282,0.8354319297103718,80
tep,persistence,gru_s2024,obs_noise,1.0,1.679853299201376,1.6075696149641505,1.7486939475234973,1.6655758190950358,0.9915007577666884,80
tep,persistence,gru_s2024,obs_noise,1.3,1.5993684253713214,1.5371460010381017,1.6585696204035045,1.867021084170186,1.1673489701015727,80
tep,persistence,gru_s2024,obs_noise,1.6,1.5392933374150042,1.4875824573302263,1.5908984541249593,2.0921558686432515,1.3591664550154496,80
tep,persistence,gru_s2024,obs_noise,2.0,1.4761485790276092,1.4332370176390692,1.520326325781713,2.417750173985225,1.6378772491708673,80
tep,persistence,gru_s31337,obs_noise,0.0,2.0332699410439474,1.9409053373463996,2.130162298395264,1.3090827527410798,0.643831262301037,80
tep,persistence,gru_s31337,obs_noise,0.02,2.0345992165840228,1.9422036534881193,2.132094640572312,1.3094582179168914,0.6435951647103245,80
tep,persistence,gru_s31337,obs_noise,0.05,2.0353591844384225,1.9432260910652843,2.131394161769309,1.3106226473791025,0.6439269576591796,80
tep,persistence,gru_s31337,obs_noise,0.08,2.0346425928304996,1.942411811126211,2.1304962872304243,1.3125064683770078,0.6450796188981329,80
tep,persistence,gru_s31337,obs_noise,0.12,2.031437818775389,1.9387089297020315,2.1265059562532045,1.31613078219091,0.6478814020427721,80
tep,persistence,gru_s31337,obs_noise,0.18,2.0220767090587004,1.929675671463405,2.119175140192887,1.3239244642987382,0.654735034713416,80
tep,persistence,gru_s31337,obs_noise,0.25,2.0050423668812063,1.9157901126483012,2.1009486377760695,1.3365191070629028,0.6665789856310245,80
tep,persistence,gru_s31337,obs_noise,0.35,1.971847754788023,1.8858288215296015,2.0632082478102345,1.3608107895979842,0.6901196029428112,80
tep,persistence,gru_s31337,obs_noise,0.5,1.9107634059889718,1.8276849188372883,1.9955771102091548,1.4102137470535947,0.7380368195421333,80
tep,persistence,gru_s31337,obs_noise,0.7,1.8253491050564434,1.7482714709456706,1.9032129928899488,1.497496144573282,0.8203889000876774,80
tep,persistence,gru_s31337,obs_noise,1.0,1.7144091885982726,1.6448336053846526,1.7816167134626604,1.6655758190950358,0.9715159194036029,80
tep,persistence,gru_s31337,obs_noise,1.3,1.6298206008242404,1.5684246857223583,1.6873222864797905,1.867021084170186,1.1455377869355605,80
tep,persistence,gru_s31337,obs_noise,1.6,1.5645062291810166,1.511812446979184,1.6166796914045272,2.0921558686432515,1.3372627284062957,80
tep,persistence,gru_s31337,obs_noise,2.0,1.4953964748253197,1.4519168639078983,1.5398269309223016,2.417750173985225,1.616795421607268,80
tep,persistence,gru_s42,obs_noise,0.0,2.036663254116132,1.9453067925119645,2.132234894574256,1.3090827527410798,0.642758566049346,80
tep,persistence,gru_s42,obs_noise,0.02,2.0385088622534124,1.9470290548503153,2.1337690009100125,1.3094582179168914,0.6423608168518765,80
tep,persistence,gru_s42,obs_noise,0.05,2.039513418949563,1.9467681541344253,2.135600494940312,1.3106226473791025,0.6426153587428366,80
tep,persistence,gru_s42,obs_noise,0.08,2.0384144610672945,1.9459605508566087,2.1356980944139856,1.3125064683770078,0.6438859679644304,80
tep,persistence,gru_s42,obs_noise,0.12,2.033777095583394,1.9399133682866343,2.131829200386446,1.31613078219091,0.6471362004464776,80
tep,persistence,gru_s42,obs_noise,0.18,2.0205445055979037,1.9272101177479817,2.1189749921301484,1.3239244642987382,0.6552315282493483,80
tep,persistence,gru_s42,obs_noise,0.25,1.9970610330656868,1.9043932253459677,2.0949395408861973,1.3365191070629028,0.6692429950481851,80
tep,persistence,gru_s42,obs_noise,0.35,1.9529084334679607,1.859183910596182,2.047891330056072,1.3608107895979842,0.6968123882702817,80
tep,persistence,gru_s42,obs_noise,0.5,1.876036818742028,1.7865712696901965,1.967815911435772,1.4102137470535947,0.7516983318052415,80
tep,persistence,gru_s42,obs_noise,0.7,1.7759576279385663,1.691686698120925,1.8619908606535045,1.497496144573282,0.8432048833909922,80
tep,persistence,gru_s42,obs_noise,1.0,1.6553729657692178,1.5804057442646045,1.7322603894575779,1.6655758190950358,1.0061634770754377,80
tep,persistence,gru_s42,obs_noise,1.3,1.5686273226419203,1.5032508943180927,1.633627151778621,1.867021084170186,1.1902260385377603,80
tep,persistence,gru_s42,obs_noise,1.6,1.5043515146696191,1.4479317441494635,1.5616291219627476,2.0921558686432515,1.3907360402417144,80
tep,persistence,gru_s42,obs_noise,2.0,1.4390862856649134,1.3906535122170172,1.4875273419441308,2.417750173985225,1.68005921400893,80
tep,persistence,gru_s7,obs_noise,0.0,2.0420252135074644,1.947383551081116,2.1381656822063917,1.3090827527410798,0.641070807589367,80
tep,persistence,gru_s7,obs_noise,0.02,2.0434017121356507,1.9476437421395711,2.1402746351137987,1.3094582179168914,0.6408227076154879,80
tep,persistence,gru_s7,obs_noise,0.05,2.04379653294799,1.947958712157691,2.1406935270062553,1.3106226473791025,0.6412686518694934,80
tep,persistence,gru_s7,obs_noise,0.08,2.042206042443373,1.9458738848890758,2.138866979440521,1.3125064683770078,0.6426905224541766,80
tep,persistence,gru_s7,obs_noise,0.12,2.0371046042005743,1.9406323030788168,2.134726048262193,1.31613078219091,0.6460791357876304,80
tep,persistence,gru_s7,obs_noise,0.18,2.023592782273723,1.9273696124057655,2.1216683024988443,1.3239244642987382,0.6542445080334629,80
tep,persistence,gru_s7,obs_noise,0.25,2.0003868106450398,1.9051029455597481,2.0975297761537166,1.3365191070629028,0.6681303335688021,80
tep,persistence,gru_s7,obs_noise,0.35,1.9575571246991674,1.8621191175999692,2.0520258029926794,1.3608107895979842,0.6951576392985774,80
tep,persistence,gru_s7,obs_noise,0.5,1.8838974314827124,1.7920521363453523,1.9753657055830351,1.4102137470535947,0.7485618502827369,80
tep,persistence,gru_s7,obs_noise,0.7,1.7887130930549957,1.7011300435344057,1.873508739664103,1.497496144573282,0.8371919176907596,80
tep,persistence,gru_s7,obs_noise,1.0,1.6745319039789501,1.5974116141268733,1.7487107977743621,1.6655758190950358,0.9946515889827878,80
tep,persistence,gru_s7,obs_noise,1.3,1.5922743951820972,1.5257945223877396,1.6551707016558457,1.867021084170186,1.1725498380300639,80
tep,persistence,gru_s7,obs_noise,1.6,1.5304698737605902,1.4742257449588207,1.5861135716292516,2.0921558686432515,1.3670023203413446,80
tep,persistence,gru_s7,obs_noise,2.0,1.4655461061133253,1.417470855228537,1.5151763407802001,2.417750173985225,1.6497264493419284,80
tep,persistence,mlp_s123,obs_noise,0.0,1.980023781422337,1.8879808938691585,2.0778344677474756,1.3090827527410798,0.6611449645320466,80
tep,persistence,mlp_s123,obs_noise,0.02,1.9807552269064468,1.8874363695974685,2.0794569884019416,1.3094582179168914,0.6610903760996303,80
tep,persistence,mlp_s123,obs_noise,0.05,1.979940590287258,1.8848596296114397,2.0798761714394005,1.3106226473791025,0.6619504917513469,80
tep,persistence,mlp_s123,obs_noise,0.08,1.9770159589385021,1.882654433334677,2.077084760698759,1.3125064683770078,0.6638825865025985,80
tep,persistence,mlp_s123,obs_noise,0.12,1.9701619622821642,1.8773053617690423,2.070872539198445,1.31613078219091,0.6680317696654502,80
tep,persistence,mlp_s123,obs_noise,0.18,1.95362305838177,1.8599352500690467,2.0532027900531467,1.3239244642987382,0.6776765142173202,80
tep,persistence,mlp_s123,obs_noise,0.25,1.9258568532254008,1.8330855119888927,2.022300204635435,1.3365191070629028,0.6939867336580688,80
tep,persistence,mlp_s123,obs_noise,0.35,1.8740620835733892,1.7831092757054214,1.9674958894284624,1.3608107895979842,0.7261289802113934,80
tep,persistence,mlp_s123,obs_noise,0.5,1.782875697937715,1.6954995241363282,1.8698468196505338,1.4102137470535947,0.790977042698386,80
tep,persistence,mlp_s123,obs_noise,0.7,1.6591811571499941,1.5808178725656645,1.738616035234197,1.497496144573282,0.9025513206439486,80
tep,persistence,mlp_s123,obs_noise,1.0,1.505152976640245,1.4365231042100546,1.572143626256871,1.6655758190950358,1.106582417165916,80
tep,persistence,mlp_s123,obs_noise,1.3,1.3971209821814417,1.3362377121289561,1.454138158469267,1.867021084170186,1.3363345823173094,80
tep,persistence,mlp_s123,obs_noise,1.6,1.3241701587031853,1.269666942712487,1.3758060624526331,2.0921558686432515,1.5799750922435727,80
tep,persistence,mlp_s123,obs_noise,2.0,1.2610284887650252,1.2095870257628962,1.3089895427960943,2.417750173985225,1.9172843401444666,80
tep,persistence,mlp_s2024,obs_noise,0.0,1.9552907895415652,1.8698677433785695,2.0507465590609346,1.3090827527410798,0.6695079625716467,80
tep,persistence,mlp_s2024,obs_noise,0.02,1.9558667081609127,1.869664834615642,2.0510329797930384,1.3094582179168914,0.6695027899667895,80
tep,persistence,mlp_s2024,obs_noise,0.05,1.955294407893469,1.869428122509619,2.049411044453124,1.3106226473791025,0.6702942749123382,80
tep,persistence,mlp_s2024,obs_noise,0.08,1.9528466927026322,1.8659238023847224,2.046086755871479,1.3125064683770078,0.6720990814494359,80
tep,persistence,mlp_s2024,obs_noise,0.12,1.9469025377759346,1.8604939113966208,2.0387094611423895,1.31613078219091,0.6760126696914199,80
tep,persistence,mlp_s2024,obs_noise,0.18,1.9325830250970255,1.8457509113746233,2.024326393677904,1.3239244642987382,0.6850543790905286,80
tep,persistence,mlp_s2024,obs_noise,0.25,1.9089175016869917,1.8225640530174656,1.9984740465209359,1.3365191070629028,0.7001450329214143,80
tep,persistence,mlp_s2024,obs_noise,0.35,1.8647906167674868,1.779987776982481,1.9509627912784555,1.3608107895979842,0.729739187532419,80
tep,persistence,mlp_s2024,obs_noise,0.5,1.7864287318373953,1.705756726737937,1.8673534347028964,1.4102137470535947,0.7894038658923426,80
tep,persistence,mlp_s2024,obs_noise,0.7,1.6799038595401743,1.6075139658288848,1.7537480556537033,1.497496144573282,0.891417765409015,80
tep,persistence,mlp_s2024,obs_noise,1.0,1.5469142457539398,1.487356752684283,1.61013023513214,1.6655758190950358,1.0767085658864448,80
tep,persistence,mlp_s2024,obs_noise,1.3,1.4525398001507615,1.401369610710064,1.505892532308099,1.867021084170186,1.2853493473820166,80
tep,persistence,mlp_s2024,obs_noise,1.6,1.387519949967599,1.3412117535840586,1.4341178010881144,2.0921558686432515,1.5078384052727365,80
tep,persistence,mlp_s2024,obs_noise,2.0,1.3305180579343032,1.289919895068812,1.3710067893664801,2.417750173985225,1.8171494626227809,80
tep,persistence,mlp_s31337,obs_noise,0.0,2.0012521763978772,1.9097377995731617,2.0957564428868434,1.3090827527410798,0.6541318321498807,80
tep,persistence,mlp_s31337,obs_noise,0.02,2.0024011506135966,1.909729850860165,2.0970159563617172,1.3094582179168914,0.6539439999400887,80
tep,persistence,mlp_s31337,obs_noise,0.05,2.002342663316689,1.9083956396343835,2.097536983106127,1.3106226473791025,0.6545446348369671,80
tep,persistence,mlp_s31337,obs_noise,0.08,2.0000728820990497,1.9059086302877284,2.096715465117728,1.3125064683770078,0.6562293205033358,80
tep,persistence,mlp_s31337,obs_noise,0.12,1.993802320931647,1.8998751990579323,2.090919363010015,1.31613078219091,0.660110969063332,80
tep,persistence,mlp_s31337,obs_noise,0.18,1.9772736980971712,1.8851911006778976,2.0734704723433732,1.3239244642987382,0.6695706646848216,80
tep,persistence,mlp_s31337,obs_noise,0.25,1.94901455401806,1.857460304779969,2.0435719506515615,1.3365191070629028,0.6857409578125286,80
tep,persistence,mlp_s31337,obs_noise,0.35,1.896967778671331,1.8074421608523121,1.9885437853839423,1.3608107895979842,0.7173610458218324,80
tep,persistence,mlp_s31337,obs_noise,0.5,1.8044119574833812,1.7202679578228575,1.888846569161476,1.4102137470535947,0.7815364674375269,80
tep,persistence,mlp_s31337,obs_noise,0.7,1.6797222632548912,1.60257558833635,1.7550702618945009,1.497496144573282,0.8915141373857249,80
tep,persistence,mlp_s31337,obs_noise,1.0,1.5252628918201034,1.4581698679058752,1.5893677856552095,1.6655758190950358,1.091992618470837,80
tep,persistence,mlp_s31337,obs_noise,1.3,1.4175864365708495,1.3573517007123037,1.4737736653125924,1.867021084170186,1.3170421471346196,80
tep,persistence,mlp_s31337,obs_noise,1.6,1.34513949803406,1.2902817996162734,1.3960584315347049,2.0921558686432515,1.5553449078708685,80
tep,persistence,mlp_s31337,obs_noise,2.0,1.282665102228346,1.2313897633724817,1.3290484158248466,2.417750173985225,1.8849426633537631,80
tep,persistence,mlp_s42,obs_noise,0.0,1.9580027087371825,1.8687082718513797,2.053249136275355,1.3090827527410798,0.6685806648272592,80
tep,persistence,mlp_s42,obs_noise,0.02,1.9584373316250476,1.8686284601383392,2.0537748629921473,1.3094582179168914,0.6686240079126482,80
tep,persistence,mlp_s42,obs_noise,0.05,1.9575398091903224,1.867310889565074,2.0531216816452194,1.3106226473791025,0.669525412063626,80
tep,persistence,mlp_s42,obs_noise,0.08,1.9549036703735112,1.8635999566005208,2.0505769932292504,1.3125064683770078,0.671391889159549,80
tep,persistence,mlp_s42,obs_noise,0.12,1.9484987368203655,1.8578407094695495,2.0439013275240203,1.31613078219091,0.6754588839706525,80
tep,persistence,mlp_s42,obs_noise,0.18,1.9334049699677613,1.842674118740052,2.0279937448221887,1.3239244642987382,0.6847631431922998,80
tep,persistence,mlp_s42,obs_noise,0.25,1.90857815205384,1.818150731328905,2.0016045280886816,1.3365191070629028,0.7002695203362048,80
tep,persistence,mlp_s42,obs_noise,0.35,1.8623526948068647,1.774382500882824,1.951446741420247,1.3608107895979842,0.7306944562072368,80
tep,persistence,mlp_s42,obs_noise,0.5,1.780147826119624,1.696730849104162,1.8647586125387394,1.4102137470535947,0.7921891240502124,80
tep,persistence,mlp_s42,obs_noise,0.7,1.6690146401897277,1.5942270724557464,1.7441044158756418,1.497496144573282,0.8972336781917335,80
tep,persistence,mlp_s42,obs_noise,1.0,1.5278524241949785,1.461574891766144,1.5918767928081603,1.6655758190950358,1.0901418178346796,80
tep,persistence,mlp_s42,obs_noise,1.3,1.4277254411616043,1.3706983946264593,1.4836345583077346,1.867021084170186,1.3076891609153989,80
tep,persistence,mlp_s42,obs_noise,1.6,1.3595506060527471,1.3088859518646454,1.4089347938386911,2.0921558686432515,1.5388583987450932,80
tep,persistence,mlp_s42,obs_noise,2.0,1.3000796004842767,1.2541323225255903,1.3458091439103133,2.417750173985225,1.859693954958311,80
tep,persistence,mlp_s7,obs_noise,0.0,1.9499994102790221,1.8574613698795308,2.0483686567715043,1.3090827527410798,0.6713246916078632,80
tep,persistence,mlp_s7,obs_noise,0.02,1.950352891633181,1.8574704262062243,2.0481513586661997,1.3094582179168914,0.6713955323338338,80
tep,persistence,mlp_s7,obs_noise,0.05,1.9494343418945739,1.8555430371954689,2.0475772278293687,1.3106226473791025,0.6723092023224353,80
tep,persistence,mlp_s7,obs_noise,0.08,1.9466712760932856,1.8528961379007391,2.0448257175089317,1.3125064683770078,0.6742311783687672,80
tep,persistence,mlp_s7,obs_noise,0.12,1.9403693496203223,1.8469366859825485,2.038270484057743,1.31613078219091,0.6782887920016059,80
tep,persistence,mlp_s7,obs_noise,0.18,1.9255941104995358,1.832201246284608,2.0234571672592825,1.3239244642987382,0.6875407735617175,80
tep,persistence,mlp_s7,obs_noise,0.25,1.9019640140091554,1.8110629858957208,2.0007601904262193,1.3365191070629028,0.7027047290162185,80
tep,persistence,mlp_s7,obs_noise,0.35,1.8593374735493007,1.7712008917737427,1.9526242225676937,1.3608107895979842,0.7318793973427127,80
tep,persistence,mlp_s7,obs_noise,0.5,1.7828195078718725,1.6983105883023641,1.8683795031639454,1.4102137470535947,0.7910019723404013,80
tep,persistence,mlp_s7,obs_noise,0.7,1.6777648033388393,1.6027728189283161,1.7534352747643163,1.497496144573282,0.8925542731574693,80
tep,persistence,mlp_s7,obs_noise,1.0,1.5461671490243802,1.4831760045435127,1.610631318974155,1.6655758190950358,1.0772288236404464,80
tep,persistence,mlp_s7,obs_noise,1.3,1.4521037926493399,1.398408674986481,1.5069054570745983,1.867021084170186,1.285735285329595,80
tep,persistence,mlp_s7,obs_noise,1.6,1.386863710702885,1.3388299803928005,1.4345545116543166,2.0921558686432515,1.5085518876133208,80
tep,persistence,mlp_s7,obs_noise,2.0,1.3288525078152638,1.285213870535991,1.3721077393179035,2.417750173985225,1.8194270317931622,80
tep,persistence,ridge,obs_noise,0.0,2.0030699014306435,1.9101006100930051,2.1028499303600645,1.3090827527410798,0.6535382274009007,80
tep,persistence,ridge,obs_noise,0.02,2.00234271500705,1.9081969422438185,2.101788146794117,1.3094582179168914,0.6539630843925142,80
tep,persistence,ridge,obs_noise,0.05,1.9942364757939732,1.9003305617683959,2.0935462335592137,1.3106226473791025,0.6572052328234038,80
tep,persistence,ridge,obs_noise,0.08,1.9780901152179573,1.8830559909134705,2.076982410790915,1.3125064683770078,0.6635220803539521,80
tep,persistence,ridge,obs_noise,0.12,1.9453533672057424,1.8519128216343126,2.0436435272489004,1.31613078219091,0.6765510083555503,80
tep,persistence,ridge,obs_noise,0.18,1.8772269656409835,1.7848499000154308,1.972024539167732,1.3239244642987382,0.705255405196399,80
tep,persistence,ridge,obs_noise,0.25,1.7798298708995037,1.6903625439671104,1.870306551123327,1.3365191070629028,0.7509252029731599,80
tep,persistence,ridge,obs_noise,0.35,1.630821252121619,1.5478876781316322,1.7132264414325122,1.3608107895979842,0.8344328281395865,80
tep,persistence,ridge,obs_noise,0.5,1.4269091008519206,1.3539838448337438,1.4998654914365341,1.4102137470535947,0.9882996374552814,80
tep,persistence,ridge,obs_noise,0.7,1.221344276265869,1.1596822407939422,1.2862797492817204,1.497496144573282,1.2261048532128205,80
tep,persistence,ridge,obs_noise,1.0,1.0287476399913789,0.977251377260834,1.0819626952682049,1.6655758190950358,1.6190324568900045,80
tep,persistence,ridge,obs_noise,1.3,0.9182680901327807,0.8741694517710181,0.9651379702237955,1.867021084170186,2.033198261196484,80
tep,persistence,ridge,obs_noise,1.6,0.851161787660148,0.8106535436628599,0.8924744224327151,2.0921558686432515,2.458000228598852,80
tep,persistence,ridge,obs_noise,2.0,0.797075289749931,0.7605584943877459,0.8353391621549269,2.417750173985225,3.033277038037089,80
tep,history_mean,gru_s123,obs_noise,0.0,1.9927920708436537,1.8792295739835938,2.1106769211965952,1.2843344435448667,0.6444899406896678,80
tep,history_mean,gru_s123,obs_noise,0.02,1.9936067091059906,1.8802166425850853,2.1108835118349303,1.2843982533346114,0.6442585929652016,80
tep,history_mean,gru_s123,obs_noise,0.05,1.9926143726211472,1.8792702379374255,2.110658526180058,1.2845239825283095,0.6446425360460522,80
tep,history_mean,gru_s123,obs_noise,0.08,1.9889860190818895,1.8744576459918214,2.106995601343987,1.284685722948168,0.645899825651452,80
tep,history_mean,gru_s123,obs_noise,0.12,1.9801533806527665,1.8653224304358695,2.0982928720422467,1.2849573771024805,0.6489181038485455,80
tep,history_mean,gru_s123,obs_noise,0.18,1.958852430578231,1.8460806744603429,2.075159537173108,1.285484786104415,0.6562438119572664,80
tep,history_mean,gru_s123,obs_noise,0.25,1.9232124534724717,1.8129851455253547,2.036054416260707,1.2862817788030896,0.6688193893922812,80
tep,history_mean,gru_s123,obs_noise,0.35,1.8565561837100772,1.7483990096617021,1.9658967021314446,1.2877590099965985,0.6936278154659374,80
tep,history_mean,gru_s123,obs_noise,0.5,1.7357080622698708,1.632076464433885,1.840739527376282,1.2907187783887661,0.7436266538399492,80
tep,history_mean,gru_s123,obs_noise,0.7,1.5641448500332418,1.4695517309719321,1.660759895926328,1.2960424237993675,0.828594886063029,80
tep,history_mean,gru_s123,obs_noise,1.0,1.3294936423173334,1.2456465465267121,1.415685746603313,1.3069310012420599,0.9830291470698977,80
tep,history_mean,gru_s123,obs_noise,1.3,1.138969540701091,1.0677064043204647,1.2119565085387292,1.321210157761169,1.1600048206275122,80
tep,history_mean,gru_s123,obs_noise,1.6,0.9884177622009902,0.9268950694164192,1.0513013848330273,1.3387510055063356,1.3544384335275703,80
tep,history_mean,gru_s123,obs_noise,2.0,0.8351697583670721,0.7831106159707966,0.8870887560960662,1.3669524545971778,1.6367360538411375,80
tep,history_mean,gru_s2024,obs_noise,0.0,1.9952754723510893,1.8786687134995912,2.116169885932743,1.2843344435448667,0.6436877821344134,80
tep,history_mean,gru_s2024,obs_noise,0.02,1.9964245256671485,1.879055042812464,2.118445293453458,1.2843982533346114,0.6433492660612361,80
tep,history_mean,gru_s2024,obs_noise,0.05,1.995714744082167,1.878317090563331,2.1190842297791104,1.2845239825283095,0.6436410746261558,80
tep,history_mean,gru_s2024,obs_noise,0.08,1.9921089817109274,1.873663194326766,2.1151483190978166,1.284685722948168,0.6448872700954407,80
tep,history_mean,gru_s2024,obs_noise,0.12,1.9829228787599433,1.8653708660136725,2.105417574704793,1.2849573771024805,0.6480117763864078,80
tep,history_mean,gru_s2024,obs_noise,0.18,1.9603768651524707,1.843922427972093,2.0813301837993325,1.285484786104415,0.6557335015297862,80
tep,history_mean,gru_s2024,obs_noise,0.25,1.9224961449454963,1.8064743053622914,2.040858575864873,1.2862817788030896,0.6690685867874946,80
tep,history_mean,gru_s2024,obs_noise,0.35,1.852007329734314,1.7411677362888431,1.9677716493391673,1.2877590099965985,0.6953314867178946,80
tep,history_mean,gru_s2024,obs_noise,0.5,1.7260972089258948,1.621682441931867,1.8343012440607622,1.2907187783887661,0.747767142959432,80
tep,history_mean,gru_s2024,obs_noise,0.7,1.5513441343433934,1.4563049887848818,1.6497193488073478,1.2960424237993675,0.8354319297103718,80
tep,history_mean,gru_s2024,obs_noise,1.0,1.318134142616153,1.236320611162233,1.4016147882772683,1.3069310012420599,0.9915007577666884,80
tep,history_mean,gru_s2024,obs_noise,1.3,1.1318039348989264,1.0613434414702407,1.2030077680228082,1.321210157761169,1.1673489701015727,80
tep,history_mean,gru_s2024,obs_noise,1.6,0.9849794339510226,0.9232910802131822,1.0455552377782071,1.3387510055063356,1.3591664550154496,80
tep,history_mean,gru_s2024,obs_noise,2.0,0.8345878516165738,0.7838775968559228,0.8846671207631507,1.3669524545971778,1.6378772491708673,80
tep,history_mean,gru_s31337,obs_noise,0.0,1.994830817867848,1.8774745378579742,2.117934203141976,1.2843344435448667,0.643831262301037,80
tep,history_mean,gru_s31337,obs_noise,0.02,1.9956617509901675,1.8780793172036976,2.1186954720791356,1.2843982533346114,0.6435951647103245,80
tep,history_mean,gru_s31337,obs_noise,0.05,1.9948287103833098,1.876255647610477,2.1171338297461966,1.2845239825283095,0.6439269576591796,80
tep,history_mean,gru_s31337,obs_noise,0.08,1.9915149778604893,1.8734625902269213,2.113763748475655,1.284685722948168,0.6450796188981329,80
tep,history_mean,gru_s31337,obs_noise,0.12,1.9833219059090226,1.8656463050980967,2.1043198513014287,1.2849573771024805,0.6478814020427721,80
tep,history_mean,gru_s31337,obs_noise,0.18,1.963366427561165,1.8472264530226545,2.0840926556229435,1.285484786104415,0.654735034713416,80
tep,history_mean,gru_s31337,obs_noise,0.25,1.929676462250631,1.8151546486545578,2.046908098636027,1.2862817788030896,0.6665789856310245,80
tep,history_mean,gru_s31337,obs_noise,0.35,1.86599395888094,1.7569478690994518,1.9796000915456131,1.2877590099965985,0.6901196029428112,80
tep,history_mean,gru_s31337,obs_noise,0.5,1.7488541820847208,1.6450208134324618,1.8564248241802863,1.2907187783887661,0.7380368195421333,80
tep,history_mean,gru_s31337,obs_noise,0.7,1.579790296603057,1.4825531402089678,1.6783649785613795,1.2960424237993675,0.8203889000876774,80
tep,history_mean,gru_s31337,obs_noise,1.0,1.3452491875216646,1.2592877647693774,1.4292292000649283,1.3069310012420599,0.9715159194036029,80
tep,history_mean,gru_s31337,obs_noise,1.3,1.1533536237993085,1.0799933375101907,1.225941903047844,1.321210157761169,1.1455377869355605,80
tep,history_mean,gru_s31337,obs_noise,1.6,1.0011129279747546,0.9370403255207287,1.0641715229272986,1.3387510055063356,1.3372627284062957,80
tep,history_mean,gru_s31337,obs_noise,2.0,0.8454702656433061,0.7921589531193989,0.8979034211149046,1.3669524545971778,1.616795421607268,80
tep,history_mean,gru_s42,obs_noise,0.0,1.9981599800978234,1.8828128878752075,2.1182175969304615,1.2843344435448667,0.642758566049346,80
tep,history_mean,gru_s42,obs_noise,0.02,1.9994965751947225,1.8834376212489035,2.119554748886783,1.2843982533346114,0.6423608168518765,80
tep,history_mean,gru_s42,obs_noise,0.05,1.9989002208743558,1.8829529855327685,2.120628936656953,1.2845239825283095,0.6426153587428366,80
tep,history_mean,gru_s42,obs_noise,0.08,1.9952068951114907,1.8786600506643638,2.1181120291555007,1.284685722948168,0.6438859679644304,80
tep,history_mean,gru_s42,obs_noise,0.12,1.98560577543947,1.8685624758278752,2.10820705124027,1.2849573771024805,0.6471362004464776,80
tep,history_mean,gru_s42,obs_noise,0.18,1.9618787110855018,1.84618368011515,2.0814607556799563,1.285484786104415,0.6552315282493483,80
tep,history_mean,gru_s42,obs_noise,0.25,1.9219951322919384,1.8093438610513108,2.0414310405626845,1.2862817788030896,0.6692429950481851,80
tep,history_mean,gru_s42,obs_noise,0.35,1.8480713484346072,1.7370115495174352,1.9656153210735194,1.2877590099965985,0.6968123882702817,80
tep,history_mean,gru_s42,obs_noise,0.5,1.7170701646883264,1.6103370336991896,1.8290537760991061,1.2907187783887661,0.7516983318052415,80
tep,history_mean,gru_s42,obs_noise,0.7,1.5370433086052178,1.4377556945795773,1.6381693725819688,1.2960424237993675,0.8432048833909922,80
tep,history_mean,gru_s42,obs_noise,1.0,1.2989251061277312,1.2108128858594385,1.3864869478508102,1.3069310012420599,1.0061634770754377,80
tep,history_mean,gru_s42,obs_noise,1.3,1.1100497846479043,1.0367310714186162,1.1856379709717313,1.321210157761169,1.1902260385377603,80
tep,history_mean,gru_s42,obs_noise,1.6,0.9626204878343819,0.8998963932897783,1.0260745840285739,1.3387510055063356,1.3907360402417144,80
tep,history_mean,gru_s42,obs_noise,2.0,0.813633497676179,0.7628877053166535,0.8672750944853425,1.3669524545971778,1.68005921400893,80
tep,history_mean,gru_s7,obs_noise,0.0,2.003420571238267,1.885301753215249,2.1265980596552003,1.2843344435448667,0.641070807589367,80
tep,history_mean,gru_s7,obs_noise,0.02,2.0042957873853737,1.8865754872227305,2.1279300348418837,1.2843982533346114,0.6408227076154879,80
tep,history_mean,gru_s7,obs_noise,0.05,2.0030980444522446,1.884990962712356,2.1260366348749624,1.2845239825283095,0.6412686518694934,80
tep,history_mean,gru_s7,obs_noise,0.08,1.998918107649184,1.8812329654827376,2.1219329102253566,1.284685722948168,0.6426905224541766,80
tep,history_mean,gru_s7,obs_noise,0.12,1.9888544698723294,1.8704322788501364,2.1112857748477962,1.2849573771024805,0.6460791357876304,80
tep,history_mean,gru_s7,obs_noise,0.18,1.9648384821270304,1.845976344330686,2.086578084129592,1.285484786104415,0.6542445080334629,80
tep,history_mean,gru_s7,obs_noise,0.25,1.9251958999263608,1.8071276199899484,2.0442173709083256,1.2862817788030896,0.6681303335688021,80
tep,history_mean,gru_s7,obs_noise,0.35,1.8524704861129961,1.7397276976038534,1.9666721029790666,1.2877590099965985,0.6951576392985774,80
tep,history_mean,gru_s7,obs_noise,0.5,1.7242647055834504,1.6151186131329183,1.8348374866075732,1.2907187783887661,0.7485618502827369,80
tep,history_mean,gru_s7,obs_noise,0.7,1.5480828187809825,1.4487575744445123,1.6497324596424499,1.2960424237993675,0.8371919176907596,80
tep,history_mean,gru_s7,obs_noise,1.0,1.3139585918508756,1.2265777206277524,1.400450401466894,1.3069310012420599,0.9946515889827878,80
tep,history_mean,gru_s7,obs_noise,1.3,1.1267837962272556,1.0524271239854592,1.199242029632867,1.321210157761169,1.1725498380300639,80
tep,history_mean,gru_s7,obs_noise,1.6,0.9793333819448422,0.9165767935869737,1.0412145042057954,1.3387510055063356,1.3670023203413446,80
tep,history_mean,gru_s7,obs_noise,2.0,0.8285934041625214,0.7779710400851702,0.8795434273437537,1.3669524545971778,1.6497264493419284,80
tep,history_mean,mlp_s123,obs_noise,0.0,1.9425912809513854,1.825673993017461,2.0657960635161325,1.2843344435448667,0.6611449645320466,80
tep,history_mean,mlp_s123,obs_noise,0.02,1.942848209215263,1.8254633386783161,2.065984223790257,1.2843982533346114,0.6610903760996303,80
tep,history_mean,mlp_s123,obs_noise,0.05,1.9405136766796514,1.8218576160929312,2.0638744179075035,1.2845239825283095,0.6619504917513469,80
tep,history_mean,mlp_s123,obs_noise,0.08,1.9351098357859093,1.8161508708777923,2.059342322088223,1.284685722948168,0.6638825865025985,80
tep,history_mean,mlp_s123,obs_noise,0.12,1.9234974075349534,1.805821335981182,2.0471887187101356,1.2849573771024805,0.6680317696654502,80
tep,history_mean,mlp_s123,obs_noise,0.18,1.8969003044012533,1.7805424006500545,2.0193548074778587,1.285484786104415,0.6776765142173202,80
tep,history_mean,mlp_s123,obs_noise,0.25,1.8534673883792825,1.7376592894060794,1.9748856867943219,1.2862817788030896,0.6939867336580688,80
tep,history_mean,mlp_s123,obs_noise,0.35,1.7734576708695766,1.662694860391828,1.8914101132924062,1.2877590099965985,0.7261289802113934,80
tep,history_mean,mlp_s123,obs_noise,0.5,1.631803084935982,1.526829665187222,1.7429986227289442,1.2907187783887661,0.790977042698386,80
tep,history_mean,mlp_s123,obs_noise,0.7,1.435976430542113,1.342303927928179,1.5358630079675726,1.2960424237993675,0.9025513206439486,80
tep,history_mean,mlp_s123,obs_noise,1.0,1.1810516604712187,1.0994054876476118,1.2645922444794997,1.3069310012420599,1.106582417165916,80
tep,history_mean,mlp_s123,obs_noise,1.3,0.9886821573307536,0.9185116547071844,1.0596042854583174,1.321210157761169,1.3363345823173094,80
tep,history_mean,mlp_s123,obs_noise,1.6,0.8473241205374336,0.7863355508711162,0.9064306327069364,1.3387510055063356,1.5799750922435727,80
tep,history_mean,mlp_s123,obs_noise,2.0,0.712962822454482,0.6620178123641399,0.7627930556720913,1.3669524545971778,1.9172843401444666,80
tep,history_mean,mlp_s2024,obs_noise,0.0,1.9183258681668405,1.8081573893894007,2.034270603019317,1.2843344435448667,0.6695079625716467,80
tep,history_mean,mlp_s2024,obs_noise,0.02,1.918435998449422,1.8069884298405716,2.035443183484878,1.2843982533346114,0.6695027899667895,80
tep,history_mean,mlp_s2024,obs_noise,0.05,1.916358278155219,1.8044503362848971,2.0337421222810206,1.2845239825283095,0.6702942749123382,80
tep,history_mean,mlp_s2024,obs_noise,0.08,1.9114528771228785,1.7991505557657124,2.0283630583878245,1.284685722948168,0.6720990814494359,80
tep,history_mean,mlp_s2024,obs_noise,0.12,1.9007888974758802,1.7891745816931983,2.0159542272418203,1.2849573771024805,0.6760126696914199,80
tep,history_mean,mlp_s2024,obs_noise,0.18,1.8764711610354377,1.7635425355589174,1.9910664358899015,1.285484786104415,0.6850543790905286,80
tep,history_mean,mlp_s2024,obs_noise,0.25,1.8371647563305138,1.7258946535936253,1.9514776302951282,1.2862817788030896,0.7001450329214143,80
tep,history_mean,mlp_s2024,obs_noise,0.35,1.7646839199510433,1.6573243996979803,1.874004992283622,1.2877590099965985,0.729739187532419,80
tep,history_mean,mlp_s2024,obs_noise,0.5,1.6350550512312692,1.5325296991539308,1.7377316525225688,1.2907187783887661,0.7894038658923426,80
tep,history_mean,mlp_s2024,obs_noise,0.7,1.4539113691599987,1.361904407187769,1.5488352930932192,1.2960424237993675,0.891417765409015,80
tep,history_mean,mlp_s2024,obs_noise,1.0,1.2138205663536028,1.1357984378812083,1.2949465120088754,1.3069310012420599,1.0767085658864448,80
tep,history_mean,mlp_s2024,obs_noise,1.3,1.0278996604714457,0.9622496690760332,1.0960676814030796,1.321210157761169,1.2853493473820166,80
tep,history_mean,mlp_s2024,obs_noise,1.6,0.8878610604590507,0.8305107501243708,0.9461023782335796,1.3387510055063356,1.5078384052727365,80
tep,history_mean,mlp_s2024,obs_noise,2.0,0.7522509747900364,0.7046215574228655,0.8005813323559443,1.3669524545971778,1.8171494626227809,80
tep,history_mean,mlp_s31337,obs_noise,0.0,1.9634183515022523,1.847572990903052,2.0843684204909176,1.2843344435448667,0.6541318321498807,80
tep,history_mean,mlp_s31337,obs_noise,0.02,1.9640798806201787,1.8480260666107786,2.0857015221148045,1.2843982533346114,0.6539439999400887,80
tep,history_mean,mlp_s31337,obs_noise,0.05,1.9624696531937147,1.84647903633296,2.0841777625516857,1.2845239825283095,0.6545446348369671,80
tep,history_mean,mlp_s31337,obs_noise,0.08,1.9576780293248686,1.841347695513698,2.0796512171604755,1.284685722948168,0.6562293205033358,80
tep,history_mean,mlp_s31337,obs_noise,0.12,1.9465778290667972,1.8308096203930198,2.0666354259773287,1.2849573771024805,0.660110969063332,80
tep,history_mean,mlp_s31337,obs_noise,0.18,1.919864256164082,1.8048689647483156,2.039545792225773,1.285484786104415,0.6695706646848216,80
tep,history_mean,mlp_s31337,obs_noise,0.25,1.8757546332163813,1.7626896880674503,1.9945164573275356,1.2862817788030896,0.6857409578125286,80
tep,history_mean,mlp_s31337,obs_noise,0.35,1.7951337300749297,1.6863444531561544,1.9110167923663,1.2877590099965985,0.7173610458218324,80
tep,history_mean,mlp_s31337,obs_noise,0.5,1.6515144617892592,1.548157235151052,1.7616025248095086,1.2907187783887661,0.7815364674375269,80
tep,history_mean,mlp_s31337,obs_noise,0.7,1.45375420248509,1.3608198325355445,1.5528567979005126,1.2960424237993675,0.8915141373857249,80
tep,history_mean,mlp_s31337,obs_noise,1.0,1.1968313513622555,1.1152408937974239,1.2801972570837366,1.3069310012420599,1.091992618470837,80
tep,history_mean,mlp_s31337,obs_noise,1.3,1.0031646752046754,0.93387561244558,1.0715678838956602,1.321210157761169,1.3170421471346196,80
tep,history_mean,mlp_s31337,obs_noise,1.6,0.860742204980739,0.801100627411563,0.9187403292614177,1.3387510055063356,1.5553449078708685,80
tep,history_mean,mlp_s31337,obs_noise,2.0,0.7251957744778523,0.6751811006730285,0.7731651407247389,1.3669524545971778,1.8849426633537631,80
tep,history_mean,mlp_s42,obs_noise,0.0,1.920986518323409,1.806535328704552,2.04198440716408,1.2843344435448667,0.6685806648272592,80
tep,history_mean,mlp_s42,obs_noise,0.02,1.920957426198807,1.8066518855647806,2.0426604593778026,1.2843982533346114,0.6686240079126482,80
tep,history_mean,mlp_s42,obs_noise,0.05,1.9185589663715994,1.8050131844217552,2.040992983146143,1.2845239825283095,0.669525412063626,80
tep,history_mean,mlp_s42,obs_noise,0.08,1.913466253749867,1.7994325968551457,2.0354522513681004,1.284685722948168,0.671391889159549,80
tep,history_mean,mlp_s42,obs_noise,0.12,1.9023472895180837,1.7883592979615222,2.0228521221319076,1.2849573771024805,0.6754588839706525,80
tep,history_mean,mlp_s42,obs_noise,0.18,1.8772692410277936,1.763065547705878,1.9972417214194096,1.285484786104415,0.6847631431922998,80
tep,history_mean,mlp_s42,obs_noise,0.25,1.8368381622343577,1.726682162043526,1.9537878727397147,1.2862817788030896,0.7002695203362048,80
tep,history_mean,mlp_s42,obs_noise,0.35,1.762376871833511,1.6557413976503752,1.876457411225809,1.2877590099965985,0.7306944562072368,80
tep,history_mean,mlp_s42,obs_noise,0.5,1.6293063603167504,1.5268912277342241,1.7356026228279315,1.2907187783887661,0.7921891240502124,80
tep,history_mean,mlp_s42,obs_noise,0.7,1.4444870442351039,1.3506433718523638,1.5412898710212724,1.2960424237993675,0.8972336781917335,80
tep,history_mean,mlp_s42,obs_noise,1.0,1.198863285364085,1.1158466431446463,1.2807394767957152,1.3069310012420599,1.0901418178346796,80
tep,history_mean,mlp_s42,obs_noise,1.3,1.0103396107040492,0.9394191348315215,1.080463010498791,1.321210157761169,1.3076891609153989,80
tep,history_mean,mlp_s42,obs_noise,1.6,0.8699637384427696,0.809109928382982,0.9294332854885281,1.3387510055063356,1.5388583987450932,80
tep,history_mean,mlp_s42,obs_noise,2.0,0.7350416185161074,0.6845210092470098,0.7843244212972387,1.3669524545971778,1.859693954958311,80
tep,history_mean,mlp_s7,obs_noise,0.0,1.9131345228324732,1.796322442310771,2.035335100116241,1.2843344435448667,0.6713246916078632,80
tep,history_mean,mlp_s7,obs_noise,0.02,1.9130277034610623,1.7953793851210809,2.0363749680886998,1.2843982533346114,0.6713955323338338,80
tep,history_mean,mlp_s7,obs_noise,0.05,1.9106149047060936,1.7935393585116446,2.0347074105118343,1.2845239825283095,0.6723092023224353,80
tep,history_mean,mlp_s7,obs_noise,0.08,1.9054083586824517,1.7889211879540003,2.0288581012947104,1.284685722948168,0.6742311783687672,80
tep,history_mean,mlp_s7,obs_noise,0.12,1.8944104520887297,1.778237773391406,2.0190954280425286,1.2849573771024805,0.6782887920016059,80
tep,history_mean,mlp_s7,obs_noise,0.18,1.8696851670994357,1.7529729338261637,1.992877480822287,1.285484786104415,0.6875407735617175,80
tep,history_mean,mlp_s7,obs_noise,0.25,1.8304726376381082,1.7156063491236337,1.9501455906470515,1.2862817788030896,0.7027047290162185,80
tep,history_mean,mlp_s7,obs_noise,0.35,1.7595235153116184,1.6472418292224926,1.8748115188905872,1.2877590099965985,0.7318793973427127,80
tep,history_mean,mlp_s7,obs_noise,0.5,1.6317516561555625,1.526966362150693,1.7383377158265898,1.2907187783887661,0.7910019723404013,80
tep,history_mean,mlp_s7,obs_noise,0.7,1.4520600738535847,1.3586156188554062,1.5470400247306142,1.2960424237993675,0.8925542731574693,80
tep,history_mean,mlp_s7,obs_noise,1.0,1.2132343403375945,1.1328559767458393,1.2938478245897889,1.3069310012420599,1.0772288236404464,80
tep,history_mean,mlp_s7,obs_noise,1.3,1.0275911168001275,0.9587472175222336,1.0967948159559153,1.321210157761169,1.285735285329595,80
tep,history_mean,mlp_s7,obs_noise,1.6,0.8874411390809851,0.8277073200418453,0.946713308823059,1.3387510055063356,1.5085518876133208,80
tep,history_mean,mlp_s7,obs_noise,2.0,0.7513093027149093,0.7013974512588663,0.8009752484005749,1.3669524545971778,1.8194270317931622,80
tep,history_mean,ridge,obs_noise,0.0,1.9652017123047585,1.8446710389859076,2.0879001234687196,1.2843344435448667,0.6535382274009007,80
tep,history_mean,ridge,obs_noise,0.02,1.9640225633343316,1.8430947086096323,2.086407960623175,1.2843982533346114,0.6539630843925142,80
tep,history_mean,ridge,obs_noise,0.05,1.9545248856432509,1.83407318153749,2.0785234977496767,1.2845239825283095,0.6572052328234038,80
tep,history_mean,ridge,obs_noise,0.08,1.9361612235464112,1.8167225512393592,2.0590079038549476,1.284685722948168,0.6635220803539521,80
tep,history_mean,ridge,obs_noise,0.12,1.8992764200082195,1.7809943051681074,2.018760983473414,1.2849573771024805,0.6765510083555503,80
tep,history_mean,ridge,obs_noise,0.18,1.8227223451714407,1.7094338154980229,1.9395017626552102,1.285484786104415,0.705255405196399,80
tep,history_mean,ridge,obs_noise,0.25,1.7129292953682695,1.6044829143535801,1.8253267162146452,1.2862817788030896,0.7509252029731599,80
tep,history_mean,ridge,obs_noise,0.35,1.5432746250740488,1.4441236625460128,1.6479586901872907,1.2877590099965985,0.8344328281395865,80
tep,history_mean,ridge,obs_noise,0.5,1.305999445382948,1.221628897649628,1.3966648329369238,1.2907187783887661,0.9882996374552814,80
tep,history_mean,ridge,obs_noise,0.7,1.05704044837869,0.9862550726842328,1.1318324647265945,1.2960424237993675,1.2261048532128205,80
tep,history_mean,ridge,obs_noise,1.0,0.8072296485967554,0.7531569828352732,0.8647545138816883,1.3069310012420599,1.6190324568900045,80
tep,history_mean,ridge,obs_noise,1.3,0.6498186541747637,0.6061204446780377,0.6960853732469475,1.321210157761169,2.033198261196484,80
tep,history_mean,ridge,obs_noise,1.6,0.5446504804718718,0.5083858079738087,0.583050296314776,1.3387510055063356,2.458000228598852,80
tep,history_mean,ridge,obs_noise,2.0,0.45065202995166165,0.42091367694557963,0.4819682627991851,1.3669524545971778,3.033277038037089,80
tep,drift,gru_s123,obs_noise,0.0,3.518760325427404,3.358532893757267,3.680614146431289,2.267805633435864,0.6444899406896678,80
tep,drift,gru_s123,obs_noise,0.02,3.5222001343135982,3.3613342402153927,3.6833693237466107,2.269207702674723,0.6442585929652016,80
tep,drift,gru_s123,obs_noise,0.05,3.5265510615236404,3.365562861566618,3.6859397056482837,2.273364819796497,0.6446425360460522,80
tep,drift,gru_s123,obs_noise,0.08,3.529917998166654,3.3698206496046152,3.687898603938548,2.2799734195797643,0.645899825651452,80
tep,drift,gru_s123,obs_noise,0.12,3.532891795783632,3.3715954783045228,3.6895312511555596,2.2925574452219974,0.6489181038485455,80
tep,drift,gru_s123,obs_noise,0.18,3.53428346575176,3.3705406623015683,3.6908588832985827,2.319351654102474,0.6562438119572664,80
tep,drift,gru_s123,obs_noise,0.25,3.531863719359,3.3696197999797883,3.686928354459824,2.3621789361984376,0.6688193893922812,80
tep,drift,gru_s123,obs_noise,0.35,3.5228659093230976,3.3641299249536774,3.6759441459539235,2.4435577848632035,0.6936278154659374,80
tep,drift,gru_s123,obs_noise,0.5,3.503274106592379,3.350781256503325,3.6516326169567104,2.6051280013694282,0.7436266538399492,80
tep,drift,gru_s123,obs_noise,0.7,3.4765892105464915,3.3269901911114386,3.6183099529113347,2.880684040800726,0.828594886063029,80
tep,drift,gru_s123,obs_noise,1.0,3.445036531601028,3.3065263055388527,3.5812620584841985,3.3865713232843975,0.9830291470698977,80
tep,drift,gru_s123,obs_noise,1.3,3.418104361152506,3.2887536447660115,3.5458076127981757,3.96501753634483,1.1600048206275122,80
tep,drift,gru_s123,obs_noise,1.6,3.3879834250344265,3.2642371690333705,3.5067130080030062,4.588814963021001,1.3544384335275703,80
tep,drift,gru_s123,obs_noise,2.0,3.3386252177893176,3.2257084937148988,3.445985845365132,5.464448264218996,1.6367360538411375,80
tep,drift,gru_s2024,obs_noise,0.0,3.5231453763438156,3.359720903501048,3.686443461499343,2.267805633435864,0.6436877821344134,80
tep,drift,gru_s2024,obs_noise,0.02,3.5271785053357507,3.3637235667675633,3.689870613160626,2.269207702674723,0.6433492660612361,80
tep,drift,gru_s2024,obs_noise,0.05,3.5320381333912363,3.3658781381213827,3.692974872357822,2.273364819796497,0.6436410746261558,80
tep,drift,gru_s2024,obs_noise,0.08,3.5354604212335246,3.369849687435881,3.6980495755849443,2.2799734195797643,0.6448872700954407,80
tep,drift,gru_s2024,obs_noise,0.12,3.537832997428354,3.3681642751876253,3.7017035967423437,2.2925574452219974,0.6480117763864078,80
tep,drift,gru_s2024,obs_noise,0.18,3.5370339454848176,3.366507938994409,3.7014079390609735,2.319351654102474,0.6557335015297862,80
tep,drift,gru_s2024,obs_noise,0.25,3.53054826193581,3.358711869948413,3.6958103287816257,2.3621789361984376,0.6690685867874946,80
tep,drift,gru_s2024,obs_noise,0.35,3.5142343350468583,3.344223918845704,3.67917280923644,2.4435577848632035,0.6953314867178946,80
tep,drift,gru_s2024,obs_noise,0.5,3.4838759978930525,3.3198597410786808,3.6495855045788312,2.6051280013694282,0.747767142959432,80
tep,drift,gru_s2024,obs_noise,0.7,3.448137350698822,3.291164495912947,3.599887092797707,2.880684040800726,0.8354319297103718,80
tep,drift,gru_s2024,obs_noise,1.0,3.415601346500732,3.2690469647606357,3.5540863924435464,3.3865713232843975,0.9915007577666884,80
tep,drift,gru_s2024,obs_noise,1.3,3.3966000209858653,3.2598666985569476,3.52565713438694,3.96501753634483,1.1673489701015727,80
tep,drift,gru_s2024,obs_noise,1.6,3.3761979234315636,3.25105431379115,3.497037758449029,4.588814963021001,1.3591664550154496,80
tep,drift,gru_s2024,obs_noise,2.0,3.3362990217888617,3.2202282070316146,3.4469093090778764,5.464448264218996,1.6378772491708673,80
tep,drift,gru_s31337,obs_noise,0.0,3.5223602304286725,3.3622138043567196,3.6824042587730057,2.267805633435864,0.643831262301037,80
tep,drift,gru_s31337,obs_noise,0.02,3.5258308749042104,3.3661673906815746,3.6838322994643513,2.269207702674723,0.6435951647103245,80
tep,drift,gru_s31337,obs_noise,0.05,3.5304700211040907,3.370070340589296,3.6894917302668184,2.273364819796497,0.6439269576591796,80
tep,drift,gru_s31337,obs_noise,0.08,3.5344062233344316,3.374424457509741,3.693361979761567,2.2799734195797643,0.6450796188981329,80
tep,drift,gru_s31337,obs_noise,0.12,3.5385449219464498,3.3763408625031315,3.7003690470896884,2.2925574452219974,0.6478814020427721,80
tep,drift,gru_s31337,obs_noise,0.18,3.5424279000400176,3.383400587332907,3.7036306451618564,2.319351654102474,0.654735034713416,80
tep,drift,gru_s31337,obs_noise,0.25,3.543734481761759,3.384748013130397,3.703891284981622,2.3621789361984376,0.6665789856310245,80
tep,drift,gru_s31337,obs_noise,0.35,3.5407743446836943,3.3834442358117363,3.7002222595542373,2.4435577848632035,0.6901196029428112,80
tep,drift,gru_s31337,obs_noise,0.5,3.5298076361361073,3.380906184731251,3.677783726964493,2.6051280013694282,0.7380368195421333,80
tep,drift,gru_s31337,obs_noise,0.7,3.511363989070133,3.3665271712537637,3.652892595559802,2.880684040800726,0.8203889000876774,80
tep,drift,gru_s31337,obs_noise,1.0,3.4858629237525576,3.3457812018310613,3.6164290916812876,3.3865713232843975,0.9715159194036029,80
tep,drift,gru_s31337,obs_noise,1.3,3.461271711474213,3.3279427322669197,3.5825659852393197,3.96501753634483,1.1455377869355605,80
tep,drift,gru_s31337,obs_noise,1.6,3.4314984374759288,3.3084328129811946,3.5465248301608883,4.588814963021001,1.3372627284062957,80
tep,drift,gru_s31337,obs_noise,2.0,3.3798019163035162,3.2663294486941217,3.487798371160479,5.464448264218996,1.616795421607268,80
tep,drift,gru_s42,obs_noise,0.0,3.5282386781318436,3.365640794063725,3.6911280777272233,2.267805633435864,0.642758566049346,80
tep,drift,gru_s42,obs_noise,0.02,3.532606041875037,3.3705280175345416,3.6954528120505032,2.269207702674723,0.6423608168518765,80
tep,drift,gru_s42,obs_noise,0.05,3.537675825619751,3.3729401182435925,3.7002670103441613,2.273364819796497,0.6426153587428366,80
tep,drift,gru_s42,obs_noise,0.08,3.540958388622183,3.3772399198331287,3.70142674339836,2.2799734195797643,0.6438859679644304,80
tep,drift,gru_s42,obs_noise,0.12,3.5426196890860027,3.3787087342821485,3.7030314334677192,2.2925574452219974,0.6471362004464776,80
tep,drift,gru_s42,obs_noise,0.18,3.539743669385587,3.374026800005169,3.701299982383353,2.319351654102474,0.6552315282493483,80
tep,drift,gru_s42,obs_noise,0.25,3.529628182403855,3.3643813769016697,3.694352068909583,2.3621789361984376,0.6692429950481851,80
tep,drift,gru_s42,obs_noise,0.35,3.5067657033608723,3.3427085458176835,3.6697304060069516,2.4435577848632035,0.6968123882702817,80
tep,drift,gru_s42,obs_noise,0.5,3.4656562229067105,3.3085598938202083,3.6247218244801673,2.6051280013694282,0.7516983318052415,80
tep,drift,gru_s42,obs_noise,0.7,3.416351230339067,3.258064419570356,3.5654824723748364,2.880684040800726,0.8432048833909922,80
tep,drift,gru_s42,obs_noise,1.0,3.3658261310855426,3.213364070317723,3.508152648902606,3.3865713232843975,1.0061634770754377,80
tep,drift,gru_s42,obs_noise,1.3,3.3313147317933076,3.1925882293456427,3.4656183773464786,3.96501753634483,1.1902260385377603,80
tep,drift,gru_s42,obs_noise,1.6,3.299558528894851,3.170924158055683,3.423799501941229,4.588814963021001,1.3907360402417144,80
tep,drift,gru_s42,obs_noise,2.0,3.2525331361266834,3.137177097962392,3.3663654851089326,5.464448264218996,1.68005921400893,80
tep,drift,gru_s7,obs_noise,0.0,3.5375275345379467,3.374655772269487,3.7013133174617927,2.267805633435864,0.641070807589367,80
tep,drift,gru_s7,obs_noise,0.02,3.5410850391342765,3.3762512237643194,3.7043454352958487,2.269207702674723,0.6408227076154879,80
tep,drift,gru_s7,obs_noise,0.05,3.545105180440282,3.3785412942750637,3.70868651056863,2.273364819796497,0.6412686518694934,80
tep,drift,gru_s7,obs_noise,0.08,3.5475447978810437,3.380839293162106,3.710486657284144,2.2799734195797643,0.6426905224541766,80
tep,drift,gru_s7,obs_noise,0.12,3.54841584913148,3.3801632424978454,3.7107746153302306,2.2925574452219974,0.6460791357876304,80
tep,drift,gru_s7,obs_noise,0.18,3.5450838725020604,3.373708613602455,3.709506585296414,2.319351654102474,0.6542445080334629,80
tep,drift,gru_s7,obs_noise,0.25,3.5355061991885854,3.362165903515583,3.6967222624870293,2.3621789361984376,0.6681303335688021,80
tep,drift,gru_s7,obs_noise,0.35,3.5151131868863343,3.3466026573092553,3.675428011950605,2.4435577848632035,0.6951576392985774,80
tep,drift,gru_s7,obs_noise,0.5,3.480177356601133,3.317753705427962,3.6414494633675836,2.6051280013694282,0.7485618502827369,80
tep,drift,gru_s7,obs_noise,0.7,3.4408884987167156,3.2829368183914114,3.591335053696279,2.880684040800726,0.8371919176907596,80
tep,drift,gru_s7,obs_noise,1.0,3.4047814941388497,3.257471691361393,3.5445005226406705,3.3865713232843975,0.9946515889827878,80
tep,drift,gru_s7,obs_noise,1.3,3.381534334614072,3.244361563798155,3.5125579194365915,3.96501753634483,1.1725498380300639,80
tep,drift,gru_s7,obs_noise,1.6,3.3568450431562984,3.230008568033898,3.483090434815669,4.588814963021001,1.3670023203413446,80
tep,drift,gru_s7,obs_noise,2.0,3.312335973275297,3.198479009395937,3.4248219598969576,5.464448264218996,1.6497264493419284,80
tep,drift,mlp_s123,obs_noise,0.0,3.4301185898632673,3.2729351925166688,3.5957936568083966,2.267805633435864,0.6611449645320466,80
tep,drift,mlp_s123,obs_noise,0.02,3.4325226696882662,3.272863452075439,3.5974942227595705,2.269207702674723,0.6610903760996303,80
tep,drift,mlp_s123,obs_noise,0.05,3.4343426708268945,3.273105148613836,3.5982668227464605,2.273364819796497,0.6619504917513469,80
tep,drift,mlp_s123,obs_noise,0.08,3.4343021882693114,3.2708265508747076,3.5965867570789856,2.2799734195797643,0.6638825865025985,80
tep,drift,mlp_s123,obs_noise,0.12,3.4318090086794952,3.2693835348817872,3.593773030641796,2.2925574452219974,0.6680317696654502,80
tep,drift,mlp_s123,obs_noise,0.18,3.4225055840708896,3.259845182815502,3.5834163795603615,2.319351654102474,0.6776765142173202,80
tep,drift,mlp_s123,obs_noise,0.25,3.4037811122803054,3.243281549453914,3.564473495045024,2.3621789361984376,0.6939867336580688,80
tep,drift,mlp_s123,obs_noise,0.35,3.365184218583076,3.208657223016165,3.5231963450596404,2.4435577848632035,0.7261289802113934,80
tep,drift,mlp_s123,obs_noise,0.5,3.29355703230291,3.138107270996958,3.442227743302538,2.6051280013694282,0.790977042698386,80
tep,drift,mlp_s123,obs_noise,0.7,3.191712177370066,3.047517409193208,3.3269943805441202,2.880684040800726,0.9025513206439486,80
tep,drift,mlp_s123,obs_noise,1.0,3.060387794664037,2.9228024154430936,3.1850087333001196,3.3865713232843975,1.106582417165916,80
tep,drift,mlp_s123,obs_noise,1.3,2.9670844329039046,2.837846869597815,3.083852614875448,3.96501753634483,1.3363345823173094,80
tep,drift,mlp_s123,obs_noise,1.6,2.9043590532208077,2.7804770403104895,3.0201998442369793,4.588814963021001,1.5799750922435727,80
tep,drift,mlp_s123,obs_noise,2.0,2.8500980004912844,2.7302564966153353,2.9649646369390887,5.464448264218996,1.9172843401444666,80
tep,drift,mlp_s2024,obs_noise,0.0,3.3872720866903463,3.2305277694583507,3.544910405075705,2.267805633435864,0.6695079625716467,80
tep,drift,mlp_s2024,obs_noise,0.02,3.38939245165399,3.2330006599168617,3.547101628565325,2.269207702674723,0.6695027899667895,80
tep,drift,mlp_s2024,obs_noise,0.05,3.3915921780680733,3.2361393222820856,3.549963980165564,2.273364819796497,0.6702942749123382,80
tep,drift,mlp_s2024,obs_noise,0.08,3.3923174164482086,3.237204794232954,3.5510561722952243,2.2799734195797643,0.6720990814494359,80
tep,drift,mlp_s2024,obs_noise,0.12,3.391293607364612,3.235657442037538,3.548305565839095,2.2925574452219974,0.6760126696914199,80
tep,drift,mlp_s2024,obs_noise,0.18,3.3856460521887657,3.2311370056758704,3.540528804051559,2.319351654102474,0.6850543790905286,80
tep,drift,mlp_s2024,obs_noise,0.25,3.3738423114166025,3.2216368655330245,3.5272281737438576,2.3621789361984376,0.7001450329214143,80
tep,drift,mlp_s2024,obs_noise,0.35,3.348535787321477,3.2000314302277317,3.498396245847785,2.4435577848632035,0.729739187532419,80
tep,drift,mlp_s2024,obs_noise,0.5,3.300120652974748,3.1555198541316525,3.4412963394143063,2.6051280013694282,0.7894038658923426,80
tep,drift,mlp_s2024,obs_noise,0.7,3.2315757578366897,3.0957658459928514,3.357410272185732,2.880684040800726,0.891417765409015,80
tep,drift,mlp_s2024,obs_noise,1.0,3.145299880192058,3.0255037387034225,3.257580603327018,3.3865713232843975,1.0767085658864448,80
tep,drift,mlp_s2024,obs_noise,1.3,3.0847781145419555,2.9767318739710724,3.187197754849198,3.96501753634483,1.2853493473820166,80
tep,drift,mlp_s2024,obs_noise,1.6,3.0433068603203406,2.9426636607202115,3.1431097720071564,4.588814963021001,1.5078384052727365,80
tep,drift,mlp_s2024,obs_noise,2.0,3.00715399399887,2.9108840600652477,3.100636643504509,5.464448264218996,1.8171494626227809,80
tep,drift,mlp_s31337,obs_noise,0.0,3.4668938614139226,3.3088392813781056,3.6290538558680323,2.267805633435864,0.6541318321498807,80
tep,drift,mlp_s31337,obs_noise,0.02,3.4700336770161013,3.31090580148092,3.631058982134702,2.269207702674723,0.6539439999400887,80
tep,drift,mlp_s31337,obs_noise,0.05,3.4732006020685553,3.310821746659662,3.6346574810083045,2.273364819796497,0.6545446348369671,80
tep,drift,mlp_s31337,obs_noise,0.08,3.4743546933120837,3.3105281224084755,3.6360612586168837,2.2799734195797643,0.6562293205033358,80
tep,drift,mlp_s31337,obs_noise,0.12,3.4729879560629544,3.3060782383963416,3.635109970436958,2.2925574452219974,0.660110969063332,80
tep,drift,mlp_s31337,obs_noise,0.18,3.4639385750184153,3.3003790983132975,3.6206238752296276,2.319351654102474,0.6695706646848216,80
tep,drift,mlp_s31337,obs_noise,0.25,3.4447102937144702,3.2838648573437714,3.6029282748731295,2.3621789361984376,0.6857409578125286,80
tep,drift,mlp_s31337,obs_noise,0.35,3.4063151311258943,3.2489662245509847,3.56236319466491,2.4435577848632035,0.7173610458218324,80
tep,drift,mlp_s31337,obs_noise,0.5,3.3333415776630697,3.1815848363703423,3.4787862466764143,2.6051280013694282,0.7815364674375269,80
tep,drift,mlp_s31337,obs_noise,0.7,3.2312264270402267,3.0917004616877293,3.3640510407485507,2.880684040800726,0.8915141373857249,80
tep,drift,mlp_s31337,obs_noise,1.0,3.101276754074359,2.9691822897198423,3.2282856501835213,3.3865713232843975,1.091992618470837,80
tep,drift,mlp_s31337,obs_noise,1.3,3.010547190893771,2.8824935089022015,3.1300164844475815,3.96501753634483,1.3170421471346196,80
tep,drift,mlp_s31337,obs_noise,1.6,2.9503520021823895,2.8294676264926353,3.065887085716427,4.588814963021001,1.5553449078708685,80
tep,drift,mlp_s31337,obs_noise,2.0,2.8989997258040927,2.78496670822683,3.010069253227508,5.464448264218996,1.8849426633537631,80
tep,drift,mlp_s42,obs_noise,0.0,3.3919701133172846,3.2340351326837684,3.551853234051696,2.267805633435864,0.6685806648272592,80
tep,drift,mlp_s42,obs_noise,0.02,3.393847178414781,3.2361931648595688,3.55388353374177,2.269207702674723,0.6686240079126482,80
tep,drift,mlp_s42,obs_noise,0.05,3.3954869805307037,3.2379303858967265,3.555468389646965,2.273364819796497,0.669525412063626,80
tep,drift,mlp_s42,obs_noise,0.08,3.3958906212493036,3.2375412800142267,3.5542687361132805,2.2799734195797643,0.671391889159549,80
tep,drift,mlp_s42,obs_noise,0.12,3.3940740134252274,3.2331383512951732,3.5523162939404145,2.2925574452219974,0.6754588839706525,80
tep,drift,mlp_s42,obs_noise,0.18,3.3870859977800207,3.2255555184658853,3.543327036287183,2.319351654102474,0.6847631431922998,80
tep,drift,mlp_s42,obs_noise,0.25,3.3732425410495335,3.208670628085166,3.5277393529740975,2.3621789361984376,0.7002695203362048,80
tep,drift,mlp_s42,obs_noise,0.35,3.34415810070163,3.187411584204753,3.4952787387975253,2.4435577848632035,0.7306944562072368,80
tep,drift,mlp_s42,obs_noise,0.5,3.288517757035382,3.1342340017180623,3.4336442482692897,2.6051280013694282,0.7921891240502124,80
tep,drift,mlp_s42,obs_noise,0.7,3.210628525008555,3.0653561430629668,3.3478340023050754,2.880684040800726,0.8972336781917335,80
tep,drift,mlp_s42,obs_noise,1.0,3.1065419818598063,2.971010738987389,3.2307841822375787,3.3865713232843975,1.0901418178346796,80
tep,drift,mlp_s42,obs_noise,1.3,3.032079529946756,2.9030529845057425,3.149840830864944,3.96501753634483,1.3076891609153989,80
tep,drift,mlp_s42,obs_noise,1.6,2.981960501864943,2.8652261817407325,3.094753965898328,4.588814963021001,1.5388583987450932,80
tep,drift,mlp_s42,obs_noise,2.0,2.9383588894558157,2.82687542325756,3.047982836057119,5.464448264218996,1.859693954958311,80
tep,drift,mlp_s7,obs_noise,0.0,3.378105500639835,3.2185962899780627,3.5411800677221983,2.267805633435864,0.6713246916078632,80
tep,drift,mlp_s7,obs_noise,0.02,3.379837358742535,3.2203614421457014,3.542342463490408,2.269207702674723,0.6713955323338338,80
tep,drift,mlp_s7,obs_noise,0.05,3.381427491909006,3.2220377242508027,3.5458231011615395,2.273364819796497,0.6723092023224353,80
tep,drift,mlp_s7,obs_noise,0.08,3.3815900135261097,3.221017829645329,3.5448142893788366,2.2799734195797643,0.6742311783687672,80
tep,drift,mlp_s7,obs_noise,0.12,3.3799135003495233,3.220136879732535,3.5438125807288214,2.2925574452219974,0.6782887920016059,80
tep,drift,mlp_s7,obs_noise,0.18,3.37340233959852,3.213714158124275,3.5351516369473583,2.319351654102474,0.6875407735617175,80
tep,drift,mlp_s7,obs_noise,0.25,3.3615526389091914,3.2022241894398618,3.5210220697328283,2.3621789361984376,0.7027047290162185,80
tep,drift,mlp_s7,obs_noise,0.35,3.3387437790094996,3.184525117267602,3.4951728901482535,2.4435577848632035,0.7318793973427127,80
tep,drift,mlp_s7,obs_noise,0.5,3.2934532307946416,3.142039557175353,3.4417118830689275,2.6051280013694282,0.7910019723404013,80
tep,drift,mlp_s7,obs_noise,0.7,3.227460925832686,3.084055647048476,3.35977453052417,2.880684040800726,0.8925542731574693,80
tep,drift,mlp_s7,obs_noise,1.0,3.1437808281434876,3.016215281585312,3.261248171115066,3.3865713232843975,1.0772288236404464,80
tep,drift,mlp_s7,obs_noise,1.3,3.083852159605628,2.96730194453147,3.1899140469145473,3.96501753634483,1.285735285329595,80
tep,drift,mlp_s7,obs_noise,1.6,3.0418675026690414,2.931298274370327,3.1426504986248,4.588814963021001,1.5085518876133208,80
tep,drift,mlp_s7,obs_noise,2.0,3.003389621420229,2.902086339772224,3.102939407884852,5.464448264218996,1.8194270317931622,80
tep,drift,ridge,obs_noise,0.0,3.4700428197671767,3.3065739243813,3.6390830065635296,2.267805633435864,0.6535382274009007,80
tep,drift,ridge,obs_noise,0.02,3.469932411831255,3.305902264529355,3.6382746219361057,2.269207702674723,0.6539630843925142,80
tep,drift,ridge,obs_noise,0.05,3.459139864163814,3.293582250113537,3.628017834987015,2.273364819796497,0.6572052328234038,80
tep,drift,ridge,obs_noise,0.08,3.4361681202282304,3.2721931006617972,3.604156744419398,2.2799734195797643,0.6635220803539521,80
tep,drift,ridge,obs_noise,0.12,3.38859511981864,3.223275798713949,3.5551410477910723,2.2925574452219974,0.6765510083555503,80
tep,drift,ridge,obs_noise,0.18,3.2886690935131266,3.131827282548737,3.449428226228076,2.319351654102474,0.705255405196399,80
tep,drift,ridge,obs_noise,0.25,3.145691377577679,2.9940802276391043,3.2994495228929908,2.3621789361984376,0.7509252029731599,80
tep,drift,ridge,obs_noise,0.35,2.928405621709837,2.78752152578587,3.0720572339078056,2.4435577848632035,0.8344328281395865,80
tep,drift,ridge,obs_noise,0.5,2.63596980373,2.510315138262909,2.7614299559018813,2.6051280013694282,0.9882996374552814,80
tep,drift,ridge,obs_noise,0.7,2.349459781724486,2.2406054522326286,2.4590119149881677,2.880684040800726,1.2261048532128205,80
tep,drift,ridge,obs_noise,1.0,2.091725406042603,1.9987802377346418,2.1879921337999177,3.3865713232843975,1.6190324568900045,80
tep,drift,ridge,obs_noise,1.3,1.9501381700039035,1.8660479419574083,2.0393752029049113,3.96501753634483,2.033198261196484,80
tep,drift,ridge,obs_noise,1.6,1.8668895590936496,1.7858061946261434,1.9545729672010237,4.588814963021001,2.458000228598852,80
tep,drift,ridge,obs_noise,2.0,1.8014998945678828,1.7222204164028363,1.8850293924780095,5.464448264218996,3.033277038037089,80
tep,ar1,gru_s123,obs_noise,0.0,1.6242699319820433,1.5469096966556974,1.705274492864206,1.0468256321271179,0.6444899406896678,80
tep,ar1,gru_s123,obs_noise,0.02,1.6251212033110563,1.5472382199998505,1.7054714527133001,1.0469982998430964,0.6442585929652016,80
tep,ar1,gru_s123,obs_noise,0.05,1.6250053023724278,1.5470882585806918,1.7054254959364432,1.0475475392096436,0.6446425360460522,80
tep,ar1,gru_s123,obs_noise,0.08,1.6232304224215461,1.545762343198217,1.7037770975552118,1.0484442468342094,0.645899825651452,80
tep,ar1,gru_s123,obs_noise,0.12,1.6183522264560455,1.5423862878763621,1.6989694993216802,1.050178058150929,0.6489181038485455,80
tep,ar1,gru_s123,obs_noise,0.18,1.6059931973553017,1.530876781917451,1.6864026442953544,1.0539230978098817,0.6562438119572664,80
tep,ar1,gru_s123,obs_noise,0.25,1.5848884067079607,1.5101811625238164,1.6635643905901256,1.0600040964293238,0.6688193893922812,80
tep,ar1,gru_s123,obs_noise,0.35,1.5452244585426755,1.471853305570589,1.6213614683630324,1.071810665583492,0.6936278154659374,80
tep,ar1,gru_s123,obs_noise,0.5,1.4739868270494862,1.4057757235462633,1.5446483245086486,1.0960958920029733,0.7436266538399492,80
tep,ar1,gru_s123,obs_noise,0.7,1.3755668561531469,1.3126252180687092,1.4390537505540673,1.1397876624462957,0.828594886063029,80
tep,ar1,gru_s123,obs_noise,1.0,1.2474517749055702,1.1928142446605803,1.3040503441469302,1.2262814542962528,0.9830291470698977,80
tep,ar1,gru_s123,obs_noise,1.3,1.1493007643479602,1.1013940796230146,1.198448499118972,1.3331944269945182,1.1600048206275122,80
tep,ar1,gru_s123,obs_noise,1.6,1.0749160021410606,1.0335759416410957,1.1178195838157894,1.4559075461136566,1.3544384335275703,80
tep,ar1,gru_s123,obs_noise,2.0,1.000700861803727,0.9658993386578832,1.0366050986388775,1.6378831796240576,1.6367360538411375,80
tep,ar1,gru_s2024,obs_noise,0.0,1.6262940841535536,1.5459166006665477,1.710090182221511,1.0468256321271179,0.6436877821344134,80
tep,ar1,gru_s2024,obs_noise,0.02,1.6274181926919922,1.5468079583391705,1.7109301506213916,1.0469982998430964,0.6433492660612361,80
tep,ar1,gru_s2024,obs_noise,0.05,1.6275336993029657,1.547361484019923,1.7111873580144683,1.0475475392096436,0.6436410746261558,80
tep,ar1,gru_s2024,obs_noise,0.08,1.6257791019491576,1.5469567604514682,1.7103667315161237,1.0484442468342094,0.6448872700954407,80
tep,ar1,gru_s2024,obs_noise,0.12,1.6206156993120915,1.5412374256462522,1.7041112271314087,1.050178058150929,0.6480117763864078,80
tep,ar1,gru_s2024,obs_noise,0.18,1.6072430268564037,1.5284068118261958,1.6898446088832775,1.0539230978098817,0.6557335015297862,80
tep,ar1,gru_s2024,obs_noise,0.25,1.5842981083880951,1.505171307679949,1.6652582448812252,1.0600040964293238,0.6690685867874946,80
tep,ar1,gru_s2024,obs_noise,0.35,1.5414384161468877,1.4633573001238882,1.6189884637480842,1.071810665583492,0.6953314867178946,80
tep,ar1,gru_s2024,obs_noise,0.5,1.465825160042421,1.3915209072036558,1.5402209776604034,1.0960958920029733,0.747767142959432,80
tep,ar1,gru_s2024,obs_noise,0.7,1.3643094331353103,1.2976781791250853,1.4314928100062032,1.1397876624462957,0.8354319297103718,80
tep,ar1,gru_s2024,obs_noise,1.0,1.2367932598038527,1.1799356700939172,1.2923578296631306,1.2262814542962528,0.9915007577666884,80
tep,ar1,gru_s2024,obs_noise,1.3,1.1420701616574134,1.0931912940471082,1.1911572075564552,1.3331944269945182,1.1673489701015727,80
tep,ar1,gru_s2024,obs_noise,1.6,1.0711767795189642,1.0291423233309736,1.1141818934969974,1.4559075461136566,1.3591664550154496,80
tep,ar1,gru_s2024,obs_noise,2.0,1.0000036208166352,0.9654613077040651,1.0366614140908252,1.6378831796240576,1.6378772491708673,80
tep,ar1,gru_s31337,obs_noise,0.0,1.625931658530822,1.5463866405142603,1.7099856276350438,1.0468256321271179,0.643831262301037,80
tep,ar1,gru_s31337,obs_noise,0.02,1.6267964044048395,1.5471459549200213,1.7109428936703088,1.0469982998430964,0.6435951647103245,80
tep,ar1,gru_s31337,obs_noise,0.05,1.6268111262459275,1.5473227126754987,1.7114689673226418,1.0475475392096436,0.6439269576591796,80
tep,ar1,gru_s31337,obs_noise,0.08,1.625294329752764,1.5459848684755086,1.7106583450164115,1.0484442468342094,0.6450796188981329,80
tep,ar1,gru_s31337,obs_noise,0.12,1.6209418187336668,1.5417378845301777,1.704838666566007,1.050178058150929,0.6478814020427721,80
tep,ar1,gru_s31337,obs_noise,0.18,1.6096940623792864,1.5315281852581635,1.6925152786077928,1.0539230978098817,0.654735034713416,80
tep,ar1,gru_s31337,obs_noise,0.25,1.590215292229561,1.5138493558723307,1.670752906326411,1.0600040964293238,0.6665789856310245,80
tep,ar1,gru_s31337,obs_noise,0.35,1.553079583615756,1.479401928953921,1.6298800629982213,1.071810665583492,0.6901196029428112,80
tep,ar1,gru_s31337,obs_noise,0.5,1.4851506902907288,1.415403748754761,1.5563377763831527,1.0960958920029733,0.7380368195421333,80
tep,ar1,gru_s31337,obs_noise,0.7,1.3893260407649144,1.3243970715074533,1.4528784928891967,1.1397876624462957,0.8203889000876774,80
tep,ar1,gru_s31337,obs_noise,1.0,1.2622350594615537,1.2047302369580941,1.3187438447332551,1.2262814542962528,0.9715159194036029,80
tep,ar1,gru_s31337,obs_noise,1.3,1.163815320803131,1.1144794858832179,1.2124774586669804,1.3331944269945182,1.1455377869355605,80
tep,ar1,gru_s31337,obs_noise,1.6,1.0887221450109192,1.0478284565217648,1.1309602331414512,1.4559075461136566,1.3372627284062957,80
tep,ar1,gru_s31337,obs_noise,2.0,1.013042935262537,0.9781126717782339,1.0500336292083368,1.6378831796240576,1.616795421607268,80
tep,ar1,gru_s42,obs_noise,0.0,1.6286451669735518,1.5505776010776309,1.7139212424967771,1.0468256321271179,0.642758566049346,80
tep,ar1,gru_s42,obs_noise,0.02,1.6299224242448247,1.5521730947861532,1.7153202003075707,1.0469982998430964,0.6423608168518765,80
tep,ar1,gru_s42,obs_noise,0.05,1.630131500838986,1.5511785363870527,1.7143482420441463,1.0475475392096436,0.6426153587428366,80
tep,ar1,gru_s42,obs_noise,0.08,1.6283073385629794,1.5504175142099392,1.7130083076107634,1.0484442468342094,0.6438859679644304,80
tep,ar1,gru_s42,obs_noise,0.12,1.6228083940079097,1.5445755668674759,1.7064776519827067,1.050178058150929,0.6471362004464776,80
tep,ar1,gru_s42,obs_noise,0.18,1.6084743367367564,1.5300100426568988,1.6894485889511146,1.0539230978098817,0.6552315282493483,80
tep,ar1,gru_s42,obs_noise,0.25,1.5838852319298526,1.5058894676726615,1.6650827995066695,1.0600040964293238,0.6692429950481851,80
tep,ar1,gru_s42,obs_noise,0.35,1.5381624718872748,1.4601216453945567,1.6176039489729606,1.071810665583492,0.6968123882702817,80
tep,ar1,gru_s42,obs_noise,0.5,1.4581592716464378,1.38496838683734,1.532276651333255,1.0960958920029733,0.7516983318052415,80
tep,ar1,gru_s42,obs_noise,0.7,1.3517327578352967,1.2841525253669999,1.4212067228169512,1.1397876624462957,0.8432048833909922,80
tep,ar1,gru_s42,obs_noise,1.0,1.2187695958321012,1.158952792105261,1.2777343454071128,1.2262814542962528,1.0061634770754377,80
tep,ar1,gru_s42,obs_noise,1.3,1.1201186865583954,1.0684510317033324,1.1718416514120549,1.3331944269945182,1.1902260385377603,80
tep,ar1,gru_s42,obs_noise,1.6,1.0468611612744394,1.0025813526345397,1.0919516888014298,1.4559075461136566,1.3907360402417144,80
tep,ar1,gru_s42,obs_noise,2.0,0.9748961024509174,0.9374839249726986,1.0136765770322433,1.6378831796240576,1.68005921400893,80
tep,ar1,gru_s7,obs_noise,0.0,1.63293292992629,1.5533308319885635,1.7153527920284206,1.0468256321271179,0.641070807589367,80
tep,ar1,gru_s7,obs_noise,0.02,1.6338345807672685,1.5525315253367982,1.7167013085025693,1.0469982998430964,0.6408227076154879,80
tep,ar1,gru_s7,obs_noise,0.05,1.633554885547147,1.5502984191061067,1.7163362997428249,1.0475475392096436,0.6412686518694934,80
tep,ar1,gru_s7,obs_noise,0.08,1.6313360944403266,1.5484571015217572,1.7158915621979864,1.0484442468342094,0.6426905224541766,80
tep,ar1,gru_s7,obs_noise,0.12,1.6254635074551116,1.5428464223254583,1.709648006291242,1.050178058150929,0.6460791357876304,80
tep,ar1,gru_s7,obs_noise,0.18,1.610900947380939,1.5285916393943964,1.6953493331148448,1.0539230978098817,0.6542445080334629,80
tep,ar1,gru_s7,obs_noise,0.25,1.5865229329842538,1.5060341551425218,1.665908382600633,1.0600040964293238,0.6681303335688021,80
tep,ar1,gru_s7,obs_noise,0.35,1.5418239043808282,1.4639177891712505,1.6195604183716898,1.071810665583492,0.6951576392985774,80
tep,ar1,gru_s7,obs_noise,0.5,1.4642689733506595,1.390719489552316,1.539017784970371,1.0960958920029733,0.7485618502827369,80
tep,ar1,gru_s7,obs_noise,0.7,1.361441311557559,1.2942583790615552,1.4304202918687836,1.1397876624462957,0.8371919176907596,80
tep,ar1,gru_s7,obs_noise,1.0,1.2328753785537594,1.1738602778724447,1.2903948821766231,1.2262814542962528,0.9946515889827878,80
tep,ar1,gru_s7,obs_noise,1.3,1.1370044869345122,1.087452846550303,1.1855442921167318,1.3331944269945182,1.1725498380300639,80
tep,ar1,gru_s7,obs_noise,1.6,1.0650366312107737,1.023592775053384,1.105944785940022,1.4559075461136566,1.3670023203413446,80
tep,ar1,gru_s7,obs_noise,2.0,0.9928210705947068,0.9595648301045757,1.0272317641970934,1.6378831796240576,1.6497264493419284,80
tep,ar1,mlp_s123,obs_noise,0.0,1.583352650757997,1.5035461103377756,1.6674912590836632,1.0468256321271179,0.6611449645320466,80
tep,ar1,mlp_s123,obs_noise,0.02,1.5837445797052527,1.503836116786839,1.6686591277420406,1.0469982998430964,0.6610903760996303,80
tep,ar1,mlp_s123,obs_noise,0.05,1.5825164453584863,1.5032678149602285,1.667546174930522,1.0475475392096436,0.6619504917513469,80
tep,ar1,mlp_s123,obs_noise,0.08,1.579261556410933,1.5005865323677199,1.6637020856612157,1.0484442468342094,0.6638825865025985,80
tep,ar1,mlp_s123,obs_noise,0.12,1.5720480759124036,1.4933327665825151,1.6568481204511256,1.050178058150929,0.6680317696654502,80
tep,ar1,mlp_s123,obs_noise,0.18,1.5552008601435834,1.4762056280938325,1.639749373792318,1.0539230978098817,0.6776765142173202,80
tep,ar1,mlp_s123,obs_noise,0.25,1.527412621912732,1.44866776132314,1.6086114540600907,1.0600040964293238,0.6939867336580688,80
tep,ar1,mlp_s123,obs_noise,0.35,1.4760609957634008,1.399648131052155,1.5546450053834486,1.071810665583492,0.7261289802113934,80
tep,ar1,mlp_s123,obs_noise,0.5,1.3857493110845376,1.3137714119779365,1.4598451974724096,1.0960958920029733,0.790977042698386,80
tep,ar1,mlp_s123,obs_noise,0.7,1.2628508056839192,1.1964934742032864,1.3308199851429068,1.1397876624462957,0.9025513206439486,80
tep,ar1,mlp_s123,obs_noise,1.0,1.1081700154218064,1.051243081695601,1.1646696117426893,1.2262814542962528,1.106582417165916,80
tep,ar1,mlp_s123,obs_noise,1.3,0.9976501728202334,0.9480513420311717,1.0464014201839889,1.3331944269945182,1.3363345823173094,80
tep,ar1,mlp_s123,obs_noise,1.6,0.9214749987268853,0.8770279489793937,0.9646464312761169,1.4559075461136566,1.5799750922435727,80
tep,ar1,mlp_s123,obs_noise,2.0,0.854272444274303,0.8150589827363507,0.8935457656124056,1.6378831796240576,1.9172843401444666,80
tep,ar1,mlp_s2024,obs_noise,0.0,1.563574581109023,1.4894987052643889,1.6416576604531585,1.0468256321271179,0.6695079625716467,80
tep,ar1,mlp_s2024,obs_noise,0.02,1.5638445657486095,1.489511613398001,1.6423714602658532,1.0469982998430964,0.6695027899667895,80
tep,ar1,mlp_s2024,obs_noise,0.05,1.5628173750203118,1.488485065814132,1.6413788952340722,1.0475475392096436,0.6702942749123382,80
tep,ar1,mlp_s2024,obs_noise,0.08,1.5599548872662568,1.4853928267017547,1.6383033900538666,1.0484442468342094,0.6720990814494359,80
tep,ar1,mlp_s2024,obs_noise,0.12,1.5534887217872775,1.4785645171710895,1.6313830140121721,1.050178058150929,0.6760126696914199,80
tep,ar1,mlp_s2024,obs_noise,0.18,1.538451734603988,1.4635019837250298,1.6154375291694154,1.0539230978098817,0.6850543790905286,80
tep,ar1,mlp_s2024,obs_noise,0.25,1.5139778854194925,1.440020761399905,1.589371558728983,1.0600040964293238,0.7001450329214143,80
tep,ar1,mlp_s2024,obs_noise,0.35,1.4687585426346264,1.3972446229697038,1.5418104383817914,1.071810665583492,0.729739187532419,80
tep,ar1,mlp_s2024,obs_noise,0.5,1.3885109249673435,1.3209432361742834,1.4586867774910248,1.0960958920029733,0.7894038658923426,80
tep,ar1,mlp_s2024,obs_noise,0.7,1.2786234543164166,1.2167633552002837,1.3420866729636103,1.1397876624462957,0.891417765409015,80
tep,ar1,mlp_s2024,obs_noise,1.0,1.1389167813359653,1.0861352469212209,1.1927770474411463,1.2262814542962528,1.0767085658864448,80
tep,ar1,mlp_s2024,obs_noise,1.3,1.0372234052243865,0.9922172665994965,1.0824421578104908,1.3331944269945182,1.2853493473820166,80
tep,ar1,mlp_s2024,obs_noise,1.6,0.9655594001469364,0.9269341816223046,1.0037488726602573,1.4559075461136566,1.5078384052727365,80
tep,ar1,mlp_s2024,obs_noise,2.0,0.9013475299164553,0.8688499223555157,0.9343056552641407,1.6378831796240576,1.8171494626227809,80
tep,ar1,mlp_s31337,obs_noise,0.0,1.6003282223502304,1.5224003759495464,1.6796271175716797,1.0468256321271179,0.6541318321498807,80
tep,ar1,mlp_s31337,obs_noise,0.02,1.6010519248422153,1.5230526466747587,1.6805894649187565,1.0469982998430964,0.6539439999400887,80
tep,ar1,mlp_s31337,obs_noise,0.05,1.6004218558304508,1.5221084010789443,1.6804433389451847,1.0475475392096436,0.6545446348369671,80
tep,ar1,mlp_s31337,obs_noise,0.08,1.5976796739743966,1.5185965472672966,1.6776968119249127,1.0484442468342094,0.6562293205033358,80
tep,ar1,mlp_s31337,obs_noise,0.12,1.5909113881883903,1.5116011518806796,1.6709666395809282,1.050178058150929,0.660110969063332,80
tep,ar1,mlp_s31337,obs_noise,0.18,1.5740281846218298,1.4933112873270407,1.653876153783508,1.0539230978098817,0.6695706646848216,80
tep,ar1,mlp_s31337,obs_noise,0.25,1.545779181413739,1.4664345544833202,1.6248741811044356,1.0600040964293238,0.6857409578125286,80
tep,ar1,mlp_s31337,obs_noise,0.35,1.4941021286646399,1.4171317419485032,1.5727283606596865,1.071810665583492,0.7173610458218324,80
tep,ar1,mlp_s31337,obs_noise,0.5,1.4024884796442223,1.331128355642049,1.4753885188186775,1.0960958920029733,0.7815364674375269,80
tep,ar1,mlp_s31337,obs_noise,0.7,1.2784852361271666,1.2138074607342932,1.3422983081487907,1.1397876624462957,0.8915141373857249,80
tep,ar1,mlp_s31337,obs_noise,1.0,1.1229759556556949,1.0685356005614441,1.1775045479882564,1.2262814542962528,1.091992618470837,80
tep,ar1,mlp_s31337,obs_noise,1.3,1.0122640569210635,0.9650274492896296,1.058857427418261,1.3331944269945182,1.3170421471346196,80
tep,ar1,mlp_s31337,obs_noise,1.6,0.9360673241967062,0.8930438652823863,0.9769497710647577,1.4559075461136566,1.5553449078708685,80
tep,ar1,mlp_s31337,obs_noise,2.0,0.8689299740873138,0.8309812481471085,0.9059398243390346,1.6378831796240576,1.8849426633537631,80
tep,ar1,mlp_s42,obs_noise,0.0,1.565743203772705,1.4882237348054497,1.6450410078711748,1.0468256321271179,0.6685806648272592,80
tep,ar1,mlp_s42,obs_noise,0.02,1.565899948928966,1.4888886603031932,1.6451865060599635,1.0469982998430964,0.6686240079126482,80
tep,ar1,mlp_s42,obs_noise,0.05,1.5646120674954958,1.487006441562428,1.6438594029775577,1.0475475392096436,0.669525412063626,80
tep,ar1,mlp_s42,obs_noise,0.08,1.5615980230959539,1.4836314185549269,1.6407462052012654,1.0484442468342094,0.671391889159549,80
tep,ar1,mlp_s42,obs_noise,0.12,1.5547623742506842,1.4767515052897409,1.633505102901836,1.050178058150929,0.6754588839706525,80
tep,ar1,mlp_s42,obs_noise,0.18,1.53910605190664,1.4614295979529812,1.61674871889816,1.0539230978098817,0.6847631431922998,80
tep,ar1,mlp_s42,obs_noise,0.25,1.5137087444851343,1.437829381063971,1.5903764050656242,1.0600040964293238,0.7002695203362048,80
tep,ar1,mlp_s42,obs_noise,0.35,1.4668383706465526,1.391724945249508,1.5411263826963213,1.071810665583492,0.7306944562072368,80
tep,ar1,mlp_s42,obs_noise,0.5,1.3836290586760165,1.3114841484153084,1.4555384127342916,1.0960958920029733,0.7921891240502124,80
tep,ar1,mlp_s42,obs_noise,0.7,1.2703353542673528,1.2039595032265547,1.3354269038304025,1.1397876624462957,0.8972336781917335,80
tep,ar1,mlp_s42,obs_noise,1.0,1.1248825008217591,1.0677242123608992,1.1800681487742395,1.2262814542962528,1.0901418178346796,80
tep,ar1,mlp_s42,obs_noise,1.3,1.0195040739354797,0.9708822869562036,1.0666499698050216,1.3331944269945182,1.3076891609153989,80
tep,ar1,mlp_s42,obs_noise,1.6,0.9460958508599093,0.9037602597158746,0.9879229856667356,1.4559075461136566,1.5388583987450932,80
tep,ar1,mlp_s42,obs_noise,2.0,0.8807272698054096,0.8434679265353323,0.9177783552023504,1.6378831796240576,1.859693954958311,80
tep,ar1,mlp_s7,obs_noise,0.0,1.5593432585056677,1.482799552709485,1.640938545579044,1.0468256321271179,0.6713246916078632,80
tep,ar1,mlp_s7,obs_noise,0.02,1.5594359053948903,1.4823417185995524,1.641121922846766,1.0469982998430964,0.6713955323338338,80
tep,ar1,mlp_s7,obs_noise,0.05,1.5581335724559164,1.4801783659548826,1.640418141670608,1.0475475392096436,0.6723092023224353,80
tep,ar1,mlp_s7,obs_noise,0.08,1.555021898232016,1.4773514481996148,1.636972251860544,1.0484442468342094,0.6742311783687672,80
tep,ar1,mlp_s7,obs_noise,0.12,1.5482757057681749,1.4697623748804722,1.6303528415892405,1.050178058150929,0.6782887920016059,80
tep,ar1,mlp_s7,obs_noise,0.18,1.532888140364632,1.4545849154578074,1.6140960281168286,1.0539230978098817,0.6875407735617175,80
tep,ar1,mlp_s7,obs_noise,0.25,1.508463018191612,1.4311075529881492,1.5878569695997864,1.0600040964293238,0.7027047290162185,80
tep,ar1,mlp_s7,obs_noise,0.35,1.4644635024226564,1.388905997789925,1.542408205768605,1.071810665583492,0.7318793973427127,80
tep,ar1,mlp_s7,obs_noise,0.5,1.3857056370667018,1.3144441025713878,1.4575874997014804,1.0960958920029733,0.7910019723404013,80
tep,ar1,mlp_s7,obs_noise,0.7,1.2769953567240477,1.2131180033324664,1.3418085770110835,1.1397876624462957,0.8925542731574693,80
tep,ar1,mlp_s7,obs_noise,1.0,1.1383667308047791,1.0828231904444672,1.192785383616864,1.2262814542962528,1.0772288236404464,80
tep,ar1,mlp_s7,obs_noise,1.3,1.0369120628534023,0.9906919952036646,1.0826835972220539,1.3331944269945182,1.285735285329595,80
tep,ar1,mlp_s7,obs_noise,1.6,0.9651027306836938,0.9252703261311892,1.0054978101338208,1.4559075461136566,1.5085518876133208,80
tep,ar1,mlp_s7,obs_noise,2.0,0.9002192179203903,0.8645125964091588,0.935279114421492,1.6378831796240576,1.8194270317931622,80
tep,ar1,ridge,obs_noise,0.0,1.6017817906234924,1.51940006243594,1.6887973010998765,1.0468256321271179,0.6535382274009007,80
tep,ar1,ridge,obs_noise,0.02,1.6010052017166756,1.5186483412713234,1.6874312007145837,1.0469982998430964,0.6539630843925142,80
tep,ar1,ridge,obs_noise,0.05,1.5939427851316696,1.5131116367056718,1.6801421578542222,1.0475475392096436,0.6572052328234038,80
tep,ar1,ridge,obs_noise,0.08,1.580119603969958,1.4998167482438118,1.664404807487923,1.0484442468342094,0.6635220803539521,80
tep,ar1,ridge,obs_noise,0.12,1.552252594676535,1.4727248716983135,1.6348455902859813,1.050178058150929,0.6765510083555503,80
tep,ar1,ridge,obs_noise,0.18,1.4943849987457891,1.4171869526855805,1.5725379270283988,1.0539230978098817,0.705255405196399,80
tep,ar1,ridge,obs_noise,0.25,1.4115974430374942,1.3374049616899162,1.4858510523234183,1.0600040964293238,0.7509252029731599,80
tep,ar1,ridge,obs_noise,0.35,1.2844780663449595,1.2178181764123166,1.35467410741266,1.071810665583492,0.8344328281395865,80
tep,ar1,ridge,obs_noise,0.5,1.1090724416587368,1.04998872194414,1.170646568020353,1.0960958920029733,0.9882996374552814,80
tep,ar1,ridge,obs_noise,0.7,0.9296004819324026,0.8798016769203585,0.9829030372126452,1.1397876624462957,1.2261048532128205,80
tep,ar1,ridge,obs_noise,1.0,0.7574162266344022,0.717867657296661,0.8006655451018551,1.2262814542962528,1.6190324568900045,80
tep,ar1,ridge,obs_noise,1.3,0.6557129486280241,0.6223851009269288,0.6917499114005871,1.3331944269945182,2.033198261196484,80
tep,ar1,ridge,obs_noise,1.6,0.5923138367418199,0.5627356277309524,0.6238405388412954,1.4559075461136566,2.458000228598852,80
tep,ar1,ridge,obs_noise,2.0,0.5399715090593814,0.5131103054615238,0.5681956065676895,1.6378831796240576,3.033277038037089,80
tep,persistence,gru_s123,process_idv1,0.0,2.031191908659167,1.9416744125865215,2.124826331427249,1.3090827527410798,0.6444899406896678,80
tep,persistence,gru_s123,process_idv1,0.1,2.0189421257889584,1.9293078041292826,2.114446632454524,1.3078962862295798,0.6478126685867642,80
tep,persistence,gru_s123,process_idv1,0.25,1.9851852958529295,1.8948286884661567,2.0778067244745073,1.3158968127475195,0.6628584321556482,80
tep,persistence,gru_s123,process_idv1,0.5,1.9024459161769778,1.8107534173928246,1.9956529993367513,1.356643694011523,0.7131049994513059,80
tep,persistence,gru_s123,process_idv1,0.75,1.8033382095908224,1.714870100426649,1.894505519769391,1.4302425259888139,0.7931083134501631,80
tep,persistence,gru_s123,process_idv1,1.0,1.6964502702468303,1.6141564882508015,1.7812644364452772,1.5211453114438975,0.8966636618370039,79
tep,persistence,gru_s123,process_idv1,1.5,1.5306704077540076,1.4618586284785164,1.6032742784627236,1.7643570648451046,1.1526694812333842,76
tep,persistence,gru_s123,process_idv1,2.0,1.373275794500489,1.3078172439214688,1.4444269374638583,1.9444503629203085,1.4159212378949537,60
tep,persistence,gru_s123,process_idv1,3.0,,,,,,8
tep,persistence,gru_s2024,process_idv1,0.0,2.0337231637367323,1.9426394958440756,2.1293127637325937,1.3090827527410798,0.6436877821344134,80
tep,persistence,gru_s2024,process_idv1,0.1,2.0218567329194017,1.9321910367856112,2.1197399956527785,1.3078962862295798,0.6468788143762693,80
tep,persistence,gru_s2024,process_idv1,0.25,1.9893522210514414,1.8977710285443259,2.0850067363979727,1.3158968127475195,0.6614699995418722,80
tep,persistence,gru_s2024,process_idv1,0.5,1.9088249906250545,1.8163356612782353,2.006587907349214,1.356643694011523,0.7107218842348051,80
tep,persistence,gru_s2024,process_idv1,0.75,1.8110534700013785,1.718300686844836,1.907641079267866,1.4302425259888139,0.7897295964363356,80
tep,persistence,gru_s2024,process_idv1,1.0,1.7046776027841166,1.6194128791054456,1.7937382425143427,1.5211453114438975,0.8923360692717085,79
tep,persistence,gru_s2024,process_idv1,1.5,1.5430565984646665,1.4715184194486113,1.6168468977812285,1.7643570648451046,1.1434169469873179,76
tep,persistence,gru_s2024,process_idv1,2.0,1.3887388084642518,1.3238062583129733,1.4601813120656626,1.9444503629203085,1.4001555591800554,60
tep,persistence,gru_s2024,process_idv1,3.0,,,,,,8
tep,persistence,gru_s31337,process_idv1,0.0,2.0332699410439474,1.9409053373463996,2.130162298395264,1.3090827527410798,0.643831262301037,80
tep,persistence,gru_s31337,process_idv1,0.1,2.0252010824120337,1.934160328323757,2.119122803869456,1.3078962862295798,0.6458105802866069,80
tep,persistence,gru_s31337,process_idv1,0.25,1.9938301203644393,1.9017787966638555,2.088374636430086,1.3158968127475195,0.6599844185857696,80
tep,persistence,gru_s31337,process_idv1,0.5,1.9044500842151577,1.8140375412067704,2.003179896004995,1.356643694011523,0.7123545559192794,80
tep,persistence,gru_s31337,process_idv1,0.75,1.7905934709691838,1.7023241219156944,1.8850052287742038,1.4302425259888139,0.7987533458472151,80
tep,persistence,gru_s31337,process_idv1,1.0,1.6680647646848659,1.5865742100383426,1.7541101635921041,1.5211453114438975,0.9119222128831882,79
tep,persistence,gru_s31337,process_idv1,1.5,1.4884917689908752,1.4202817361260927,1.5583464861947023,1.7643570648451046,1.185332093600526,76
tep,persistence,gru_s31337,process_idv1,2.0,1.3319567886276071,1.2687694316695846,1.39730090713788,1.9444503629203085,1.4598449285459096,60
tep,persistence,gru_s31337,process_idv1,3.0,,,,,,8
tep,persistence,gru_s42,process_idv1,0.0,2.036663254116132,1.9453067925119645,2.132234894574256,1.3090827527410798,0.642758566049346,80
tep,persistence,gru_s42,process_idv1,0.1,2.0216318275344722,1.9307524073266709,2.116344016093052,1.3078962862295798,0.6469507792745105,80
tep,persistence,gru_s42,process_idv1,0.25,1.9844456832217041,1.8923300456710659,2.079051811776425,1.3158968127475195,0.6631054827417547,80
tep,persistence,gru_s42,process_idv1,0.5,1.898603270796711,1.8067527791944376,1.99655386004103,1.356643694011523,0.7145482760293752,80
tep,persistence,gru_s42,process_idv1,0.75,1.799908429071969,1.7099092301988266,1.8935022088791342,1.4302425259888139,0.7946196055797381,80
tep,persistence,gru_s42,process_idv1,1.0,1.6972071726514901,1.611855399831451,1.7875885460449181,1.5211453114438975,0.8962637773133276,79
tep,persistence,gru_s42,process_idv1,1.5,1.5390485275011316,1.4663716852898725,1.6151160416623496,1.7643570648451046,1.146394693421262,76
tep,persistence,gru_s42,process_idv1,2.0,1.3792864737691741,1.311733850768781,1.452385641825258,1.9444503629203085,1.4097509109958222,60
tep,persistence,gru_s42,process_idv1,3.0,,,,,,8
tep,persistence,gru_s7,process_idv1,0.0,2.0420252135074644,1.947383551081116,2.1381656822063917,1.3090827527410798,0.641070807589367,80
tep,persistence,gru_s7,process_idv1,0.1,2.0328067713201246,1.9410107901591702,2.131018470072023,1.3078962862295798,0.6433942983081561,80
tep,persistence,gru_s7,process_idv1,0.25,2.004358719669262,1.9125758682297989,2.101154973827109,1.3158968127475195,0.6565176182458272,80
tep,persistence,gru_s7,process_idv1,0.5,1.9303730230696574,1.8397307415568678,2.0269518751849858,1.356643694011523,0.7027883615231026,80
tep,persistence,gru_s7,process_idv1,0.75,1.8373410326715054,1.7492467501677802,1.9307862653435997,1.4302425259888139,0.778430623687336,80
tep,persistence,gru_s7,process_idv1,1.0,1.7336740517234472,1.6505450461165878,1.8187904827196297,1.5211453114438975,0.8774113622636996,79
tep,persistence,gru_s7,process_idv1,1.5,1.571337557737023,1.5019020061698003,1.6451208177228602,1.7643570648451046,1.1228377099227873,76
tep,persistence,gru_s7,process_idv1,2.0,1.4164361720460763,1.3498946050006047,1.4903863239675892,1.9444503629203085,1.372776550962761,60
tep,persistence,gru_s7,process_idv1,3.0,,,,,,8
tep,persistence,mlp_s123,process_idv1,0.0,1.980023781422337,1.8879808938691585,2.0778344677474756,1.3090827527410798,0.6611449645320466,80
tep,persistence,mlp_s123,process_idv1,0.1,1.9611353032555863,1.8680103581836152,2.059504145017288,1.3078962862295798,0.6669077263860398,80
tep,persistence,mlp_s123,process_idv1,0.25,1.9180472856514226,1.8263275065602531,2.0160157969186154,1.3158968127475195,0.6860606735775047,80
tep,persistence,mlp_s123,process_idv1,0.5,1.8244043027492833,1.7332945314887733,1.9198262317138797,1.356643694011523,0.7436091287260893,80
tep,persistence,mlp_s123,process_idv1,0.75,1.721260066527145,1.6346072593308878,1.8159524202407415,1.4302425259888139,0.8309276173904999,80
tep,persistence,mlp_s123,process_idv1,1.0,1.6157874295238597,1.5336617014570537,1.7042577216492658,1.5211453114438975,0.9414266280634135,79
tep,persistence,mlp_s123,process_idv1,1.5,1.4572958643799665,1.3864117065476302,1.5327875821132928,1.7643570648451046,1.2107061496368021,76
tep,persistence,mlp_s123,process_idv1,2.0,1.3078071105259705,1.238099908306743,1.380227267274394,1.9444503629203085,1.4868021035137928,60
tep,persistence,mlp_s123,process_idv1,3.0,,,,,,8
tep,persistence,mlp_s2024,process_idv1,0.0,1.9552907895415652,1.8698677433785695,2.0507465590609346,1.3090827527410798,0.6695079625716467,80
tep,persistence,mlp_s2024,process_idv1,0.1,1.940512494478642,1.8579947608618124,2.0341303103504615,1.3078962862295798,0.6739952924554462,80
tep,persistence,mlp_s2024,process_idv1,0.25,1.9035086748851815,1.8203568905600909,1.99568524967778,1.3158968127475195,0.6913006649822038,80
tep,persistence,mlp_s2024,process_idv1,0.5,1.8172572739214425,1.7354061374333276,1.9064233481522328,1.356643694011523,0.7465336435737765,80
tep,persistence,mlp_s2024,process_idv1,0.75,1.7189622252888954,1.6398379770759122,1.8037564464195317,1.4302425259888139,0.8320383688178149,80
tep,persistence,mlp_s2024,process_idv1,1.0,1.6190684850610908,1.5457217053562742,1.6959530864296755,1.5211453114438975,0.9395188192959618,79
tep,persistence,mlp_s2024,process_idv1,1.5,1.471220442253201,1.406655008900387,1.5394833728943085,1.7643570648451046,1.1992472468252002,76
tep,persistence,mlp_s2024,process_idv1,2.0,1.343317104053422,1.2797531793849852,1.4107697951428393,1.9444503629203085,1.4474991474857155,60
tep,persistence,mlp_s2024,process_idv1,3.0,,,,,,8
tep,persistence,mlp_s31337,process_idv1,0.0,2.0012521763978772,1.9097377995731617,2.0957564428868434,1.3090827527410798,0.6541318321498807,80
tep,persistence,mlp_s31337,process_idv1,0.1,1.9865171221490723,1.8962956241453193,2.0779512481205695,1.3078962862295798,0.6583866162777693,80
tep,persistence,mlp_s31337,process_idv1,0.25,1.9487334556241558,1.858104317119338,2.0401627627959686,1.3158968127475195,0.6752574647650074,80
tep,persistence,mlp_s31337,process_idv1,0.5,1.8588257871772125,1.7704899979082827,1.9549892599997032,1.356643694011523,0.7298390754906104,80
tep,persistence,mlp_s31337,process_idv1,0.75,1.7545331057723468,1.6679117628401494,1.8503360626145817,1.4302425259888139,0.8151698712799267,80
tep,persistence,mlp_s31337,process_idv1,1.0,1.6469464955656705,1.5647996913014093,1.737025217933394,1.5211453114438975,0.9236155002846255,79
tep,persistence,mlp_s31337,process_idv1,1.5,1.4830105119644925,1.4121395656629412,1.5583431550351452,1.7643570648451046,1.1897131211213885,76
tep,persistence,mlp_s31337,process_idv1,2.0,1.3351763382720503,1.2657861831053885,1.4129894307417774,1.9444503629203085,1.4563247618938218,60
tep,persistence,mlp_s31337,process_idv1,3.0,,,,,,8
tep,persistence,mlp_s42,process_idv1,0.0,1.9580027087371825,1.8687082718513797,2.053249136275355,1.3090827527410798,0.6685806648272592,80
tep,persistence,mlp_s42,process_idv1,0.1,1.9428260193085176,1.8539477604153054,2.036303975026238,1.3078962862295798,0.6731926962225268,80
tep,persistence,mlp_s42,process_idv1,0.25,1.905633453886057,1.8160172940450878,1.9960190424135458,1.3158968127475195,0.6905298655751876,80
tep,persistence,mlp_s42,process_idv1,0.5,1.8205562712959622,1.7332896151022927,1.9119082053293472,1.356643694011523,0.7451808633444748,80
tep,persistence,mlp_s42,process_idv1,0.75,1.7233271066594131,1.6431682648149557,1.810140443757117,1.4302425259888139,0.8299309634612957,80
tep,persistence,mlp_s42,process_idv1,1.0,1.6236581222864068,1.5485082846691272,1.7039410733668188,1.5211453114438975,0.9368630566771331,79
tep,persistence,mlp_s42,process_idv1,1.5,1.4754855514077485,1.408835886848712,1.5469922881475264,1.7643570648451046,1.195780645335189,76
tep,persistence,mlp_s42,process_idv1,2.0,1.3447068455576716,1.2798213316234774,1.4160399671635486,1.9444503629203085,1.4460031711327486,60
tep,persistence,mlp_s42,process_idv1,3.0,,,,,,8
tep,persistence,mlp_s7,process_idv1,0.0,1.9499994102790221,1.8574613698795308,2.0483686567715043,1.3090827527410798,0.6713246916078632,80
tep,persistence,mlp_s7,process_idv1,0.1,1.9395589209796782,1.8469596470415937,2.0374269503179625,1.3078962862295798,0.6743266585420136,80
tep,persistence,mlp_s7,process_idv1,0.25,1.9096462332339037,1.8186623384026006,2.0091921708187797,1.3158968127475195,0.6890788408066058,80
tep,persistence,mlp_s7,process_idv1,0.5,1.8322316012399664,1.7394263619125039,1.9277458263239382,1.356643694011523,0.7404324284623252,80
tep,persistence,mlp_s7,process_idv1,0.75,1.7375563255831459,1.650934093099715,1.8283122637711064,1.4302425259888139,0.8231344819908537,80
tep,persistence,mlp_s7,process_idv1,1.0,1.6368755388801006,1.556971193603694,1.7228106651947097,1.5211453114438975,0.9292980897525159,79
tep,persistence,mlp_s7,process_idv1,1.5,1.4785103924207206,1.4097875639863036,1.5505955027087066,1.7643570648451046,1.1933342328127812,76
tep,persistence,mlp_s7,process_idv1,2.0,1.3395996742818987,1.2744383841157036,1.4100340917829233,1.9444503629203085,1.4515160015716218,60
tep,persistence,mlp_s7,process_idv1,3.0,,,,,,8
tep,persistence,ridge,process_idv1,0.0,2.0030699014306435,1.9101006100930051,2.1028499303600645,1.3090827527410798,0.6535382274009007,80
tep,persistence,ridge,process_idv1,0.1,1.990474086421911,1.8983809454936587,2.0909340376077057,1.3078962862295798,0.6570777761697277,80
tep,persistence,ridge,process_idv1,0.25,1.9594458948732283,1.8671625817985509,2.0583055030598856,1.3158968127475195,0.6715657810151757,80
tep,persistence,ridge,process_idv1,0.5,1.8879939271737172,1.7940342353487928,1.986310001620676,1.356643694011523,0.7185635898958568,80
tep,persistence,ridge,process_idv1,0.75,1.8047022684781262,1.713507941623331,1.9003861630728043,1.4302425259888139,0.7925088536597853,80
tep,persistence,ridge,process_idv1,1.0,1.7167543565559669,1.6331036596114743,1.8070056183330758,1.5211453114438975,0.8860588037158172,79
tep,persistence,ridge,process_idv1,1.5,1.5784844518891807,1.5030326875669868,1.6575305947759749,1.7643570648451046,1.1177538446662971,76
tep,persistence,ridge,process_idv1,2.0,1.4479493752765753,1.3724194506500502,1.5307826064762897,1.9444503629203085,1.3428994107952812,60
tep,persistence,ridge,process_idv1,3.0,,,,,,8
tep,history_mean,gru_s123,process_idv1,0.0,1.9927920708436537,1.8792295739835938,2.1106769211965952,1.2843344435448667,0.6444899406896678,80
tep,history_mean,gru_s123,process_idv1,0.1,1.983182151803468,1.8703493788914138,2.100780381256379,1.284730522053446,0.6478126685867642,80
tep,history_mean,gru_s123,process_idv1,0.25,1.9548686833566744,1.8441233683857112,2.073626979588161,1.2958011905199815,0.6628584321556482,80
tep,history_mean,gru_s123,process_idv1,0.5,1.8824143176710666,1.7726064855076513,1.9959366784505155,1.3423590609699563,0.7131049994513059,80
tep,history_mean,gru_s123,process_idv1,0.75,1.793759040925348,1.6868638803317482,1.9033293396471742,1.4226452076842848,0.7931083134501631,80
tep,history_mean,gru_s123,process_idv1,1.0,1.6944979168431809,1.5989374181065896,1.7933414866809267,1.5193947070917815,0.8966636618370039,79
tep,history_mean,gru_s123,process_idv1,1.5,1.5406488634362434,1.4652522683058151,1.618741088560532,1.7758589261798576,1.1526694812333842,76
tep,history_mean,gru_s123,process_idv1,2.0,1.3925710818171317,1.319760389982003,1.4666951846367697,1.971770970023228,1.4159212378949537,60
tep,history_mean,gru_s123,process_idv1,3.0,,,,,,8
tep,history_mean,gru_s2024,process_idv1,0.0,1.9952754723510893,1.8786687134995912,2.116169885932743,1.2843344435448667,0.6436877821344134,80
tep,history_mean,gru_s2024,process_idv1,0.1,1.9860451347323893,1.870160463404483,2.1051809626283777,1.284730522053446,0.6468788143762693,80
tep,history_mean,gru_s2024,process_idv1,0.25,1.9589719736608477,1.8441487917086075,2.0793151876110536,1.2958011905199815,0.6614699995418722,80
tep,history_mean,gru_s2024,process_idv1,0.5,1.8887262243447027,1.77463480548986,2.0102448224354577,1.3423590609699563,0.7107218842348051,80
tep,history_mean,gru_s2024,process_idv1,0.75,1.8014333185738367,1.6912408707250295,1.915876086647863,1.4226452076842848,0.7897295964363356,80
tep,history_mean,gru_s2024,process_idv1,1.0,1.702715780985806,1.603214039169019,1.8032829616897001,1.5193947070917815,0.8923360692717085,79
tep,history_mean,gru_s2024,process_idv1,1.5,1.5531157998479048,1.4737460881395446,1.6349794481199191,1.7758589261798576,1.1434169469873179,76
tep,history_mean,gru_s2024,process_idv1,2.0,1.408251359711714,1.335620233256095,1.4844852077717041,1.971770970023228,1.4001555591800554,60
tep,history_mean,gru_s2024,process_idv1,3.0,,,,,,8
tep,history_mean,gru_s31337,process_idv1,0.0,1.994830817867848,1.8774745378579742,2.117934203141976,1.2843344435448667,0.643831262301037,80
tep,history_mean,gru_s31337,process_idv1,0.1,1.9893302483265143,1.872769709382652,2.10908774568028,1.284730522053446,0.6458105802866069,80
tep,history_mean,gru_s31337,process_idv1,0.25,1.9633814890609922,1.8506274060677221,2.0842843789869514,1.2958011905199815,0.6599844185857696,80
tep,history_mean,gru_s31337,process_idv1,0.5,1.8843973830386591,1.7722731426389255,2.0039816951498506,1.3423590609699563,0.7123545559192794,80
tep,history_mean,gru_s31337,process_idv1,0.75,1.781082001196909,1.6767777389929124,1.891224964395784,1.4226452076842848,0.7987533458472151,80
tep,history_mean,gru_s31337,process_idv1,1.0,1.6661450786333756,1.5721213706165493,1.7605601376093774,1.5193947070917815,0.9119222128831882,79
tep,history_mean,gru_s31337,process_idv1,1.5,1.4981952617055754,1.423516438192074,1.576826567172253,1.7758589261798576,1.185332093600526,76
tep,history_mean,gru_s31337,process_idv1,2.0,1.3506715209725915,1.2833520760350452,1.4208640672547899,1.971770970023228,1.4598449285459096,60
tep,history_mean,gru_s31337,process_idv1,3.0,,,,,,8
tep,history_mean,gru_s42,process_idv1,0.0,1.9981599800978234,1.8828128878752075,2.1182175969304615,1.2843344435448667,0.642758566049346,80
tep,history_mean,gru_s42,process_idv1,0.1,1.9858242129241124,1.8696567620107152,2.1037443266479587,1.284730522053446,0.6469507792745105,80
tep,history_mean,gru_s42,process_idv1,0.25,1.9541403656658183,1.840562056518055,2.0716706644280127,1.2958011905199815,0.6631054827417547,80
tep,history_mean,gru_s42,process_idv1,0.5,1.878612133009711,1.7670521450008676,1.9963097970562693,1.3423590609699563,0.7145482760293752,80
tep,history_mean,gru_s42,process_idv1,0.75,1.7903474790888807,1.683687219334868,1.903249576345837,1.4226452076842848,0.7946196055797381,80
tep,history_mean,gru_s42,process_idv1,1.0,1.6952539481695594,1.5944975867659033,1.796223754963656,1.5193947070917815,0.8962637773133276,79
tep,history_mean,gru_s42,process_idv1,1.5,1.549081600229711,1.469390470262915,1.6321403735291589,1.7758589261798576,1.146394693421262,76
tep,history_mean,gru_s42,process_idv1,2.0,1.3986662144665012,1.3237321839979461,1.478420993454174,1.971770970023228,1.4097509109958222,60
tep,history_mean,gru_s42,process_idv1,3.0,,,,,,8
tep,history_mean,gru_s7,process_idv1,0.0,2.003420571238267,1.885301753215249,2.1265980596552003,1.2843344435448667,0.641070807589367,80
tep,history_mean,gru_s7,process_idv1,0.1,1.9968012234981285,1.8800328759761675,2.1169898586605873,1.284730522053446,0.6433942983081561,80
tep,history_mean,gru_s7,process_idv1,0.25,1.9737493016292218,1.8604179638743907,2.0928634145625478,1.2958011905199815,0.6565176182458272,80
tep,history_mean,gru_s7,process_idv1,0.5,1.9100473691123143,1.7979327136595595,2.0314097355080682,1.3423590609699563,0.7027883615231026,80
tep,history_mean,gru_s7,process_idv1,0.75,1.827581244100314,1.718932566419434,1.9383805318725982,1.4226452076842848,0.778430623687336,80
tep,history_mean,gru_s7,process_idv1,1.0,1.731678859471093,1.6340465225300098,1.8319740965665416,1.5193947070917815,0.8774113622636996,79
tep,history_mean,gru_s7,process_idv1,1.5,1.5815811229763344,1.5020092433170034,1.6649921249181774,1.7758589261798576,1.1228377099227873,76
tep,history_mean,gru_s7,process_idv1,2.0,1.4363378866286562,1.3610200027831778,1.5157037236888884,1.971770970023228,1.372776550962761,60
tep,history_mean,gru_s7,process_idv1,3.0,,,,,,8
tep,history_mean,mlp_s123,process_idv1,0.0,1.9425912809513854,1.825673993017461,2.0657960635161325,1.2843344435448667,0.6611449645320466,80
tep,history_mean,mlp_s123,process_idv1,0.1,1.9263992171981215,1.8118309735008262,2.0496132141859484,1.284730522053446,0.6669077263860398,80
tep,history_mean,mlp_s123,process_idv1,0.25,1.8887559663826061,1.777930250224345,2.010834080523524,1.2958011905199815,0.6860606735775047,80
tep,history_mean,mlp_s123,process_idv1,0.5,1.805194434970981,1.6985365356373063,1.9263107547674398,1.3423590609699563,0.7436091287260893,80
tep,history_mean,mlp_s123,process_idv1,0.75,1.7121168894976122,1.6106084461120072,1.8199725713696078,1.4226452076842848,0.8309276173904999,80
tep,history_mean,mlp_s123,process_idv1,1.0,1.613927906646631,1.5207899458830993,1.7130772564336547,1.5193947070917815,0.9414266280634135,79
tep,history_mean,mlp_s123,process_idv1,1.5,1.4667959906808063,1.3896984854827765,1.5506331858979208,1.7758589261798576,1.2107061496368021,76
tep,history_mean,mlp_s123,process_idv1,2.0,1.3261825264864082,1.2508715626199547,1.4057027323226436,1.971770970023228,1.4868021035137928,60
tep,history_mean,mlp_s123,process_idv1,3.0,,,,,,8
tep,history_mean,mlp_s2024,process_idv1,0.0,1.9183258681668405,1.8081573893894007,2.034270603019317,1.2843344435448667,0.6695079625716467,80
tep,history_mean,mlp_s2024,process_idv1,0.1,1.9061416844218861,1.7970021463151344,2.019384982574423,1.284730522053446,0.6739952924554462,80
tep,history_mean,mlp_s2024,process_idv1,0.25,1.874439380950602,1.7695048698859848,1.9866668080391363,1.2958011905199815,0.6913006649822038,80
tep,history_mean,mlp_s2024,process_idv1,0.5,1.7981226600101607,1.6978264847398787,1.9076263488214642,1.3423590609699563,0.7465336435737765,80
tep,history_mean,mlp_s2024,process_idv1,0.75,1.7098312541831717,1.6158187291303026,1.8087389169236212,1.4226452076842848,0.8320383688178149,80
tep,history_mean,mlp_s2024,process_idv1,1.0,1.6172051861934555,1.5304557020986052,1.7066467335695288,1.5193947070917815,0.9395188192959618,79
tep,history_mean,mlp_s2024,process_idv1,1.5,1.4808113430163272,1.4121965884879426,1.556129780220134,1.7758589261798576,1.1992472468252002,76
tep,history_mean,mlp_s2024,process_idv1,2.0,1.362191455137065,1.2939291075537211,1.4351368791607038,1.971770970023228,1.4474991474857155,60
tep,history_mean,mlp_s2024,process_idv1,3.0,,,,,,8
tep,history_mean,mlp_s31337,process_idv1,0.0,1.9634183515022523,1.847572990903052,2.0843684204909176,1.2843344435448667,0.6541318321498807,80
tep,history_mean,mlp_s31337,process_idv1,0.1,1.951331467393356,1.8385747525861917,2.0691837910901376,1.284730522053446,0.6583866162777693,80
tep,history_mean,mlp_s31337,process_idv1,0.25,1.9189735147480764,1.8109963485577618,2.034976422406168,1.2958011905199815,0.6752574647650074,80
tep,history_mean,mlp_s31337,process_idv1,0.5,1.8392534821016528,1.7307291442948503,1.9547518756914153,1.3423590609699563,0.7298390754906104,80
tep,history_mean,mlp_s31337,process_idv1,0.75,1.7452131853825017,1.643781398461954,1.85420209650129,1.4226452076842848,0.8151698712799267,80
tep,history_mean,mlp_s31337,process_idv1,1.0,1.645051113394652,1.5492136657812712,1.7466151542786166,1.5193947070917815,0.9236155002846255,79
tep,history_mean,mlp_s31337,process_idv1,1.5,1.4926782723098704,1.4151835168380136,1.5765571166356689,1.7758589261798576,1.1897131211213885,76
tep,history_mean,mlp_s31337,process_idv1,2.0,1.3539363070769421,1.277708572821483,1.4355395859731281,1.971770970023228,1.4563247618938218,60
tep,history_mean,mlp_s31337,process_idv1,3.0,,,,,,8
tep,history_mean,mlp_s42,process_idv1,0.0,1.920986518323409,1.806535328704552,2.04198440716408,1.2843344435448667,0.6685806648272592,80
tep,history_mean,mlp_s42,process_idv1,0.1,1.9084142315601902,1.7957618557106314,2.027052678942587,1.284730522053446,0.6731926962225268,80
tep,history_mean,mlp_s42,process_idv1,0.25,1.8765317115438935,1.7666781075693643,1.9947111086556661,1.2958011905199815,0.6905298655751876,80
tep,history_mean,mlp_s42,process_idv1,0.5,1.8013869209486448,1.6931045683383403,1.9139193950563054,1.3423590609699563,0.7451808633444748,80
tep,history_mean,mlp_s42,process_idv1,0.75,1.7141729497005695,1.6148232268183909,1.815171831261153,1.4226452076842848,0.8299309634612957,80
tep,history_mean,mlp_s42,process_idv1,1.0,1.6217895414520584,1.531960179959934,1.715720330584105,1.5193947070917815,0.9368630566771331,79
tep,history_mean,mlp_s42,process_idv1,1.5,1.4851042564600694,1.4114941986420708,1.5660108736640246,1.7758589261798576,1.195780645335189,76
tep,history_mean,mlp_s42,process_idv1,2.0,1.3636007232809948,1.2896609181166898,1.4427275602941427,1.971770970023228,1.4460031711327486,60
tep,history_mean,mlp_s42,process_idv1,3.0,,,,,,8
tep,history_mean,mlp_s7,process_idv1,0.0,1.9131345228324732,1.796322442310771,2.035335100116241,1.2843344435448667,0.6713246916078632,80
tep,history_mean,mlp_s7,process_idv1,0.1,1.905205000839221,1.7901357395457034,2.0249685395714203,1.284730522053446,0.6743266585420136,80
tep,history_mean,mlp_s7,process_idv1,0.25,1.8804832100245206,1.766062816219984,2.0022053937030004,1.2958011905199815,0.6890788408066058,80
tep,history_mean,mlp_s7,process_idv1,0.5,1.8129393167688068,1.7033985298250984,1.9317371711974463,1.3423590609699563,0.7404324284623252,80
tep,history_mean,mlp_s7,process_idv1,0.75,1.7283265843066609,1.6261426082407269,1.8361174808147316,1.4226452076842848,0.8231344819908537,80
tep,history_mean,mlp_s7,process_idv1,1.0,1.63499174683165,1.5415520024021108,1.733073344914881,1.5193947070917815,0.9292980897525159,79
tep,history_mean,mlp_s7,process_idv1,1.5,1.4881488164418284,1.4104149092583353,1.567391012216015,1.7758589261798576,1.1933342328127812,76
tep,history_mean,mlp_s7,process_idv1,2.0,1.35842179341344,1.2854193487463652,1.4347178613529983,1.971770970023228,1.4515160015716218,60
tep,history_mean,mlp_s7,process_idv1,3.0,,,,,,8
tep,history_mean,ridge,process_idv1,0.0,1.9652017123047585,1.8446710389859076,2.0879001234687196,1.2843344435448667,0.6535382274009007,80
tep,history_mean,ridge,process_idv1,0.1,1.9552183449917673,1.8379569640251519,2.074154736357062,1.284730522053446,0.6570777761697277,80
tep,history_mean,ridge,process_idv1,0.25,1.929522359762252,1.8155711786501583,2.049214645702468,1.2958011905199815,0.6715657810151757,80
tep,history_mean,ridge,process_idv1,0.5,1.868114499322889,1.7579015215627212,1.9850399353719133,1.3423590609699563,0.7185635898958568,80
tep,history_mean,ridge,process_idv1,0.75,1.7951158540558205,1.6855228659873158,1.905901360743038,1.4226452076842848,0.7925088536597853,80
tep,history_mean,ridge,process_idv1,1.0,1.7147786362710662,1.6184302347361403,1.8169719358166776,1.5193947070917815,0.8860588037158172,79
tep,history_mean,ridge,process_idv1,1.5,1.5887746078028802,1.5067015119124851,1.6746411713247111,1.7758589261798576,1.1177538446662971,76
tep,history_mean,ridge,process_idv1,2.0,1.4682938678597837,1.387157982126953,1.5541090478035502,1.971770970023228,1.3428994107952812,60
tep,history_mean,ridge,process_idv1,3.0,,,,,,8
tep,drift,gru_s123,process_idv1,0.0,3.518760325427404,3.358532893757267,3.680614146431289,2.267805633435864,0.6444899406896678,80
tep,drift,gru_s123,process_idv1,0.1,3.498056057532251,3.335437493738043,3.663990767187623,2.2660850294960633,0.6478126685867642,80
tep,drift,gru_s123,process_idv1,0.25,3.424973519073686,3.252312898495459,3.6008712547571906,2.2702725770277965,0.6628584321556482,80
tep,drift,gru_s123,process_idv1,0.5,3.2215549672815293,3.04161105419042,3.404728459795471,2.2973069531756467,0.7131049994513059,80
tep,drift,gru_s123,process_idv1,0.75,2.960281152656888,2.780642309956997,3.1492034107848674,2.347823592322009,0.7931083134501631,80
tep,drift,gru_s123,process_idv1,1.0,2.682540717269803,2.5090362573084057,2.8639886792818827,2.4053367825740044,0.8966636618370039,79
tep,drift,gru_s123,process_idv1,1.5,2.243728769140873,2.098900053331002,2.395983546399117,2.58627767635403,1.1526694812333842,76
tep,drift,gru_s123,process_idv1,2.0,1.91674140018149,1.7729792399380078,2.072931716804326,2.713954856069482,1.4159212378949537,60
tep,drift,gru_s123,process_idv1,3.0,,,,,,8
tep,drift,gru_s2024,process_idv1,0.0,3.5231453763438156,3.359720903501048,3.686443461499343,2.267805633435864,0.6436877821344134,80
tep,drift,gru_s2024,process_idv1,0.1,3.5031059591603078,3.3351498668177557,3.67473590584048,2.2660850294960633,0.6468788143762693,80
tep,drift,gru_s2024,process_idv1,0.25,3.4321625751737272,3.2573206231371685,3.6139374219701743,2.2702725770277965,0.6614699995418722,80
tep,drift,gru_s2024,process_idv1,0.5,3.2323571345337565,3.045295081788289,3.419553916118903,2.2973069531756467,0.7107218842348051,80
tep,drift,gru_s2024,process_idv1,0.75,2.9729461867917726,2.789903855875138,3.1632497374986492,2.347823592322009,0.7897295964363356,80
tep,drift,gru_s2024,process_idv1,1.0,2.695550326164839,2.5233622155724307,2.8783465542708013,2.4053367825740044,0.8923360692717085,79
tep,drift,gru_s2024,process_idv1,1.5,2.261885030800331,2.1199482727352548,2.4150526048995093,2.58627767635403,1.1434169469873179,76
tep,drift,gru_s2024,process_idv1,2.0,1.9383238085765273,1.8006903371299354,2.0904060282709174,2.713954856069482,1.4001555591800554,60
tep,drift,gru_s2024,process_idv1,3.0,,,,,,8
tep,drift,gru_s31337,process_idv1,0.0,3.5223602304286725,3.3622138043567196,3.6824042587730057,2.267805633435864,0.643831262301037,80
tep,drift,gru_s31337,process_idv1,0.1,3.5089004402659185,3.343760560702428,3.6754895869375326,2.2660850294960633,0.6458105802866069,80
tep,drift,gru_s31337,process_idv1,0.25,3.4398881444695175,3.2655665625341888,3.617697364882387,2.2702725770277965,0.6599844185857696,80
tep,drift,gru_s31337,process_idv1,0.5,3.224948775979986,3.0452600963928713,3.412828102812638,2.2973069531756467,0.7123545559192794,80
tep,drift,gru_s31337,process_idv1,0.75,2.9393599470080956,2.7614768897034914,3.1300900182001827,2.347823592322009,0.7987533458472151,80
tep,drift,gru_s31337,process_idv1,1.0,2.637655655923927,2.474774538145388,2.8196013796576866,2.4053367825740044,0.9119222128831882,79
tep,drift,gru_s31337,process_idv1,1.5,2.1819013340793276,2.0476769885792083,2.326102857730536,2.58627767635403,1.185332093600526,76
tep,drift,gru_s31337,process_idv1,2.0,1.8590706471630098,1.7266620880378414,2.002567684215612,2.713954856069482,1.4598449285459096,60
tep,drift,gru_s31337,process_idv1,3.0,,,,,,8
tep,drift,gru_s42,process_idv1,0.0,3.5282386781318436,3.365640794063725,3.6911280777272233,2.267805633435864,0.642758566049346,80
tep,drift,gru_s42,process_idv1,0.1,3.502716283976421,3.3391978285784467,3.670428572062265,2.2660850294960633,0.6469507792745105,80
tep,drift,gru_s42,process_idv1,0.25,3.4236974902407047,3.253758480659629,3.5989582190361755,2.2702725770277965,0.6631054827417547,80
tep,drift,gru_s42,process_idv1,0.5,3.2150479264205853,3.0374892598627805,3.406650415309331,2.2973069531756467,0.7145482760293752,80
tep,drift,gru_s42,process_idv1,0.75,2.9546509749266576,2.7770831634393995,3.1434971727431065,2.347823592322009,0.7946196055797381,80
tep,drift,gru_s42,process_idv1,1.0,2.6837375820144467,2.5159869589459194,2.86511422335395,2.4053367825740044,0.8962637773133276,79
tep,drift,gru_s42,process_idv1,1.5,2.2560098116257232,2.116866614098462,2.4077340565316985,2.58627767635403,1.146394693421262,76
tep,drift,gru_s42,process_idv1,2.0,1.9251307694863586,1.7863756883293285,2.080463413370125,2.713954856069482,1.4097509109958222,60
tep,drift,gru_s42,process_idv1,3.0,,,,,,8
tep,drift,gru_s7,process_idv1,0.0,3.5375275345379467,3.374655772269487,3.7013133174617927,2.267805633435864,0.641070807589367,80
tep,drift,gru_s7,process_idv1,0.1,3.5220781959909653,3.356503849314319,3.6934017006954902,2.2660850294960633,0.6433942983081561,80
tep,drift,gru_s7,process_idv1,0.25,3.4580527832502326,3.287404954196947,3.637288453828951,2.2702725770277965,0.6565176182458272,80
tep,drift,gru_s7,process_idv1,0.5,3.2688460409288207,3.0918564114453053,3.4547923878737903,2.2973069531756467,0.7027883615231026,80
tep,drift,gru_s7,process_idv1,0.75,3.016098700229238,2.835793277174678,3.2017926339988843,2.347823592322009,0.778430623687336,80
tep,drift,gru_s7,process_idv1,1.0,2.7414014520718024,2.572378514864432,2.9208003085860144,2.4053367825740044,0.8774113622636996,79
tep,drift,gru_s7,process_idv1,1.5,2.303340592766409,2.1604774765289365,2.4563609331288303,2.58627767635403,1.1228377099227873,76
tep,drift,gru_s7,process_idv1,2.0,1.9769822365964227,1.8344646765394486,2.135245496747244,2.713954856069482,1.372776550962761,60
tep,drift,gru_s7,process_idv1,3.0,,,,,,8
tep,drift,mlp_s123,process_idv1,0.0,3.4301185898632673,3.2729351925166688,3.5957936568083966,2.267805633435864,0.6611449645320466,80
tep,drift,mlp_s123,process_idv1,0.1,3.3978988994113695,3.2356087353532272,3.565366935526914,2.2660850294960633,0.6669077263860398,80
tep,drift,mlp_s123,process_idv1,0.25,3.3091425648832535,3.142354477526837,3.4827148039644156,2.2702725770277965,0.6860606735775047,80
tep,drift,mlp_s123,process_idv1,0.5,3.0894012249570793,2.916924817549764,3.2717935325109906,2.2973069531756467,0.7436091287260893,80
tep,drift,mlp_s123,process_idv1,0.75,2.8255452619269894,2.6572474623450453,3.0095005932328425,2.347823592322009,0.8309276173904999,80
tep,drift,mlp_s123,process_idv1,1.0,2.5549912344437993,2.3952225235995495,2.731943801468879,2.4053367825740044,0.9414266280634135,79
tep,drift,mlp_s123,process_idv1,1.5,2.1361729079594447,2.0010628364323853,2.2857255135653474,2.58627767635403,1.2107061496368021,76
tep,drift,mlp_s123,process_idv1,2.0,1.8253638797359324,1.6903456402090096,1.9767371448606852,2.713954856069482,1.4868021035137928,60
tep,drift,mlp_s123,process_idv1,3.0,,,,,,8
tep,drift,mlp_s2024,process_idv1,0.0,3.3872720866903463,3.2305277694583507,3.544910405075705,2.267805633435864,0.6695079625716467,80
tep,drift,mlp_s2024,process_idv1,0.1,3.3621674436930293,3.201459937637506,3.521451069930427,2.2660850294960633,0.6739952924554462,80
tep,drift,mlp_s2024,process_idv1,0.25,3.284059588003203,3.1156743608190194,3.454535234124451,2.2702725770277965,0.6913006649822038,80
tep,drift,mlp_s2024,process_idv1,0.5,3.077298622709178,2.905815146341122,3.2607647558989856,2.2973069531756467,0.7465336435737765,80
tep,drift,mlp_s2024,process_idv1,0.75,2.821773226224973,2.6544725913944274,3.0017516078808915,2.347823592322009,0.8320383688178149,80
tep,drift,mlp_s2024,process_idv1,1.0,2.560179459072963,2.405017194200124,2.7280865465436825,2.4053367825740044,0.9395188192959618,79
tep,drift,mlp_s2024,process_idv1,1.5,2.156584209970674,2.0249250611030423,2.3008748061757394,2.58627767635403,1.1992472468252002,76
tep,drift,mlp_s2024,process_idv1,2.0,1.8749267388402828,1.7462754740576165,2.019058811431115,2.713954856069482,1.4474991474857155,60
tep,drift,mlp_s2024,process_idv1,3.0,,,,,,8
tep,drift,mlp_s31337,process_idv1,0.0,3.4668938614139226,3.3088392813781056,3.6290538558680323,2.267805633435864,0.6541318321498807,80
tep,drift,mlp_s31337,process_idv1,0.1,3.4418759031092088,3.281209600898611,3.606330627606978,2.2660850294960633,0.6583866162777693,80
tep,drift,mlp_s31337,process_idv1,0.25,3.362084383351262,3.1974014480048862,3.5333110936091727,2.2702725770277965,0.6752574647650074,80
tep,drift,mlp_s31337,process_idv1,0.5,3.147689717259051,2.972002343733632,3.3281530118402576,2.2973069531756467,0.7298390754906104,80
tep,drift,mlp_s31337,process_idv1,0.75,2.880164828265315,2.7093645117309455,3.063015700846203,2.347823592322009,0.8151698712799267,80
tep,drift,mlp_s31337,process_idv1,1.0,2.604262035265503,2.4421336331409864,2.77752090347995,2.4053367825740044,0.9236155002846255,79
tep,drift,mlp_s31337,process_idv1,1.5,2.1738666493955123,2.0355933835101254,2.3204723642142904,2.58627767635403,1.1897131211213885,76
tep,drift,mlp_s31337,process_idv1,2.0,1.86356431414393,1.727188506747293,2.014712890593186,2.713954856069482,1.4563247618938218,60
tep,drift,mlp_s31337,process_idv1,3.0,,,,,,8
tep,drift,mlp_s42,process_idv1,0.0,3.3919701133172846,3.2340351326837684,3.551853234051696,2.267805633435864,0.6685806648272592,80
tep,drift,mlp_s42,process_idv1,0.1,3.366175899132154,3.206919848714428,3.528094558634189,2.2660850294960633,0.6731926962225268,80
tep,drift,mlp_s42,process_idv1,0.25,3.287725397853339,3.1220820676370775,3.454897345962334,2.2702725770277965,0.6905298655751876,80
tep,drift,mlp_s42,process_idv1,0.5,3.0828850634529386,2.9104198062208995,3.257998930142936,2.2973069531756467,0.7451808633444748,80
tep,drift,mlp_s42,process_idv1,0.75,2.828938424625365,2.6585698148961097,3.008793345507905,2.347823592322009,0.8299309634612957,80
tep,drift,mlp_s42,process_idv1,1.0,2.567436900655743,2.409956806549844,2.7422674563586047,2.4053367825740044,0.9368630566771331,79
tep,drift,mlp_s42,process_idv1,1.5,2.1628362078306353,2.02859281972907,2.305747197612127,2.58627767635403,1.195780645335189,76
tep,drift,mlp_s42,process_idv1,2.0,1.8768664621554492,1.7440222197639998,2.0209991994709164,2.713954856069482,1.4460031711327486,60
tep,drift,mlp_s42,process_idv1,3.0,,,,,,8
tep,drift,mlp_s7,process_idv1,0.0,3.378105500639835,3.2185962899780627,3.5411800677221983,2.267805633435864,0.6713246916078632,80
tep,drift,mlp_s7,process_idv1,0.1,3.360515264806005,3.1986914986586927,3.5268990419566912,2.2660850294960633,0.6743266585420136,80
tep,drift,mlp_s7,process_idv1,0.25,3.2946485112941706,3.1298312499410597,3.4670899031182842,2.2702725770277965,0.6890788408066058,80
tep,drift,mlp_s7,process_idv1,0.5,3.1026557790648397,2.9316910795747613,3.2819182745894246,2.2973069531756467,0.7404324284623252,80
tep,drift,mlp_s7,process_idv1,0.75,2.85229648822815,2.6867471964375995,3.028209420007139,2.347823592322009,0.8231344819908537,80
tep,drift,mlp_s7,process_idv1,1.0,2.5883371644663304,2.4348924976964126,2.7536355254216165,2.4053367825740044,0.9292980897525159,79
tep,drift,mlp_s7,process_idv1,1.5,2.167270162239437,2.0359158349892814,2.309368373128059,2.58627767635403,1.1933342328127812,76
tep,drift,mlp_s7,process_idv1,2.0,1.8697381586775212,1.745966566267342,2.0108151554843374,2.713954856069482,1.4515160015716218,60
tep,drift,mlp_s7,process_idv1,3.0,,,,,,8
tep,drift,ridge,process_idv1,0.0,3.4700428197671767,3.3065739243813,3.6390830065635296,2.267805633435864,0.6535382274009007,80
tep,drift,ridge,process_idv1,0.1,3.448731811788926,3.28590109595635,3.6238063778720715,2.2660850294960633,0.6570777761697277,80
tep,drift,ridge,process_idv1,0.25,3.3805661950135812,3.2122948935065514,3.5620163726559597,2.2702725770277965,0.6715657810151757,80
tep,drift,ridge,process_idv1,0.5,3.19708232573905,3.0197447695811563,3.3889179518770263,2.2973069531756467,0.7185635898958568,80
tep,drift,ridge,process_idv1,0.75,2.96252033208187,2.78761955237896,3.1523146259926604,2.347823592322009,0.7925088536597853,80
tep,drift,ridge,process_idv1,1.0,2.714646897572568,2.543628288961311,2.8962459448619455,2.4053367825740044,0.8860588037158172,79
tep,drift,ridge,process_idv1,1.5,2.3138168467907683,2.163954576055734,2.4785037533812835,2.58627767635403,1.1177538446662971,76
tep,drift,ridge,process_idv1,2.0,2.020966599771047,1.8716277993359658,2.182415491749689,2.713954856069482,1.3428994107952812,60
tep,drift,ridge,process_idv1,3.0,,,,,,8
tep,ar1,gru_s123,process_idv1,0.0,1.6242699319820433,1.5469096966556974,1.705274492864206,1.0468256321271179,0.6444899406896678,80
tep,ar1,gru_s123,process_idv1,0.1,1.61784355699807,1.5403928869293249,1.699096810963042,1.0480595520148226,0.6478126685867642,80
tep,ar1,gru_s123,process_idv1,0.25,1.6015363459654766,1.5257312571339832,1.6814893174835237,1.0615918713269616,0.6628584321556482,80
tep,ar1,gru_s123,process_idv1,0.5,1.5638564544065037,1.4876185636109105,1.6425987956197612,1.115193856061471,0.7131049994513059,80
tep,ar1,gru_s123,process_idv1,0.75,1.5191897173424944,1.4456367720431411,1.597763065896574,1.2048819945323357,0.7931083134501631,80
tep,ar1,gru_s123,process_idv1,1.0,1.4662395346685844,1.3986643592635022,1.5362933839932085,1.3147237102861173,0.8966636618370039,79
tep,ar1,gru_s123,process_idv1,1.5,1.383276257867926,1.329656496281334,1.4414258969146967,1.5944603265590793,1.1526694812333842,76
tep,ar1,gru_s123,process_idv1,2.0,1.2869055677939205,1.2361337946049387,1.3414995602066404,1.8221569246046763,1.4159212378949537,60
tep,ar1,gru_s123,process_idv1,3.0,,,,,,8
tep,ar1,gru_s2024,process_idv1,0.0,1.6262940841535536,1.5459166006665477,1.710090182221511,1.0468256321271179,0.6436877821344134,80
tep,ar1,gru_s2024,process_idv1,0.1,1.620179125862049,1.5423296560252295,1.7026002064785917,1.0480595520148226,0.6468788143762693,80
tep,ar1,gru_s2024,process_idv1,0.25,1.6048979879090661,1.5258213751843361,1.6869135010063439,1.0615918713269616,0.6614699995418722,80
tep,ar1,gru_s2024,process_idv1,0.5,1.5691002075476237,1.4894070350763313,1.6527666472050317,1.115193856061471,0.7107218842348051,80
tep,ar1,gru_s2024,process_idv1,0.75,1.5256892991846582,1.4492227325129374,1.6073943859010362,1.2048819945323357,0.7897295964363356,80
tep,ar1,gru_s2024,process_idv1,1.0,1.4733504063767655,1.404568631100762,1.545107682307305,1.3147237102861173,0.8923360692717085,79
tep,ar1,gru_s2024,process_idv1,1.5,1.394469734561984,1.3385071275236236,1.4538289177891515,1.5944603265590793,1.1434169469873179,76
tep,ar1,gru_s2024,process_idv1,2.0,1.3013960575007457,1.2499598309073119,1.3566394525703438,1.8221569246046763,1.4001555591800554,60
tep,ar1,gru_s2024,process_idv1,3.0,,,,,,8
tep,ar1,gru_s31337,process_idv1,0.0,1.625931658530822,1.5463866405142603,1.7099856276350438,1.0468256321271179,0.643831262301037,80
tep,ar1,gru_s31337,process_idv1,0.1,1.622859061165737,1.5426418695932478,1.7067155524078528,1.0480595520148226,0.6458105802866069,80
tep,ar1,gru_s31337,process_idv1,0.25,1.6085105063567502,1.5312186817372782,1.6901359997350813,1.0615918713269616,0.6599844185857696,80
tep,ar1,gru_s31337,process_idv1,0.5,1.565503928900034,1.4897563592309016,1.6478146648787335,1.115193856061471,0.7123545559192794,80
tep,ar1,gru_s31337,process_idv1,0.75,1.5084531423832113,1.4356355829571812,1.5837218665358017,1.2048819945323357,0.7987533458472151,80
tep,ar1,gru_s31337,process_idv1,1.0,1.4417059829362064,1.375110430216504,1.5100193605036878,1.3147237102861173,0.9119222128831882,79
tep,ar1,gru_s31337,process_idv1,1.5,1.3451591627084007,1.290379262297895,1.3995924616651174,1.5944603265590793,1.185332093600526,76
tep,ar1,gru_s31337,process_idv1,2.0,1.2481852619919367,1.1988619653699601,1.300372486299618,1.8221569246046763,1.4598449285459096,60
tep,ar1,gru_s31337,process_idv1,3.0,,,,,,8
tep,ar1,gru_s42,process_idv1,0.0,1.6286451669735518,1.5505776010776309,1.7139212424967771,1.0468256321271179,0.642758566049346,80
tep,ar1,gru_s42,process_idv1,0.1,1.6199989019104588,1.539808847908497,1.7033014266502098,1.0480595520148226,0.6469507792745105,80
tep,ar1,gru_s42,process_idv1,0.25,1.6009396679055914,1.5233426469369924,1.6834231990917579,1.0615918713269616,0.6631054827417547,80
tep,ar1,gru_s42,process_idv1,0.5,1.5606977071702082,1.4822329506803023,1.6425411131305627,1.115193856061471,0.7145482760293752,80
tep,ar1,gru_s42,process_idv1,0.75,1.516300360665376,1.441520490378378,1.5955196801807445,1.2048819945323357,0.7946196055797381,80
tep,ar1,gru_s42,process_idv1,1.0,1.466893724331,1.3955648045014264,1.5393813110467114,1.3147237102861173,0.8962637773133276,79
tep,ar1,gru_s42,process_idv1,1.5,1.3908476161910912,1.3331392437430216,1.4511267158882053,1.5944603265590793,1.146394693421262,76
tep,ar1,gru_s42,process_idv1,2.0,1.2925382139441486,1.238443448031715,1.3486252218657722,1.8221569246046763,1.4097509109958222,60
tep,ar1,gru_s42,process_idv1,3.0,,,,,,8
tep,ar1,gru_s7,process_idv1,0.0,1.63293292992629,1.5533308319885635,1.7153527920284206,1.0468256321271179,0.641070807589367,80
tep,ar1,gru_s7,process_idv1,0.1,1.628953745426029,1.5478976319452236,1.7113949973565965,1.0480595520148226,0.6433942983081561,80
tep,ar1,gru_s7,process_idv1,0.25,1.6170043907785243,1.5385773418829145,1.6979697035221137,1.0615918713269616,0.6565176182458272,80
tep,ar1,gru_s7,process_idv1,0.5,1.5868132102310168,1.5103975731421468,1.6669487299797117,1.115193856061471,0.7027883615231026,80
tep,ar1,gru_s7,process_idv1,0.75,1.5478347817625016,1.4727433788647974,1.6258779290186653,1.2048819945323357,0.778430623687336,80
tep,ar1,gru_s7,process_idv1,1.0,1.4984119955936777,1.429993217873178,1.5715275138405198,1.3147237102861173,0.8774113622636996,79
tep,ar1,gru_s7,process_idv1,1.5,1.4200274113244054,1.3641736025786042,1.4791167255948403,1.5944603265590793,1.1228377099227873,76
tep,ar1,gru_s7,process_idv1,2.0,1.327351434817818,1.273053094071497,1.3841279019430708,1.8221569246046763,1.372776550962761,60
tep,ar1,gru_s7,process_idv1,3.0,,,,,,8
tep,ar1,mlp_s123,process_idv1,0.0,1.583352650757997,1.5035461103377756,1.6674912590836632,1.0468256321271179,0.6611449645320466,80
tep,ar1,mlp_s123,process_idv1,0.1,1.5715210823755743,1.4933812175801566,1.6574126371699183,1.0480595520148226,0.6669077263860398,80
tep,ar1,mlp_s123,process_idv1,0.25,1.5473731583989896,1.470884394667705,1.6325534193271607,1.0615918713269616,0.6860606735775047,80
tep,ar1,mlp_s123,process_idv1,0.5,1.4997043648078399,1.4240705161053466,1.58235398995926,1.115193856061471,0.7436091287260893,80
tep,ar1,mlp_s123,process_idv1,0.75,1.4500444675508883,1.3780485938639548,1.5262752956907029,1.2048819945323357,0.8309276173904999,80
tep,ar1,mlp_s123,process_idv1,1.0,1.3965227571591048,1.3287611187915227,1.4681314329911226,1.3147237102861173,0.9414266280634135,79
tep,ar1,mlp_s123,process_idv1,1.5,1.3169672319227907,1.2599686181840903,1.376500106284642,1.5944603265590793,1.2107061496368021,76
tep,ar1,mlp_s123,process_idv1,2.0,1.225554443525693,1.1707983730036329,1.2847236379573521,1.8221569246046763,1.4868021035137928,60
tep,ar1,mlp_s123,process_idv1,3.0,,,,,,8
tep,ar1,mlp_s2024,process_idv1,0.0,1.563574581109023,1.4894987052643889,1.6416576604531585,1.0468256321271179,0.6695079625716467,80
tep,ar1,mlp_s2024,process_idv1,0.1,1.5549953593839136,1.4818448443197698,1.633912505562304,1.0480595520148226,0.6739952924554462,80
tep,ar1,mlp_s2024,process_idv1,0.25,1.5356442212510968,1.4639527906672265,1.6132980436208166,1.0615918713269616,0.6913006649822038,80
tep,ar1,mlp_s2024,process_idv1,0.5,1.4938293346336795,1.4245190657220168,1.5677629328897487,1.115193856061471,0.7465336435737765,80
tep,ar1,mlp_s2024,process_idv1,0.75,1.4481086926847715,1.3825733564074134,1.5173107890328141,1.2048819945323357,0.8320383688178149,80
tep,ar1,mlp_s2024,process_idv1,1.0,1.3993585687525867,1.3387216016307362,1.4619666533004618,1.3147237102861173,0.9395188192959618,79
tep,ar1,mlp_s2024,process_idv1,1.5,1.3295509585534904,1.2788936953210246,1.3834966835366815,1.5944603265590793,1.1992472468252002,76
tep,ar1,mlp_s2024,process_idv1,2.0,1.2588310865465695,1.2083759428285454,1.312584604382277,1.8221569246046763,1.4474991474857155,60
tep,ar1,mlp_s2024,process_idv1,3.0,,,,,,8
tep,ar1,mlp_s31337,process_idv1,0.0,1.6003282223502304,1.5224003759495464,1.6796271175716797,1.0468256321271179,0.6541318321498807,80
tep,ar1,mlp_s31337,process_idv1,0.1,1.5918603539362541,1.515435294976929,1.6724835773593327,1.0480595520148226,0.6583866162777693,80
tep,ar1,mlp_s31337,process_idv1,0.25,1.5721290422111815,1.4970804534377864,1.652202113807693,1.0615918713269616,0.6752574647650074,80
tep,ar1,mlp_s31337,process_idv1,0.5,1.5279996556937134,1.4528812330299399,1.6065509742193764,1.115193856061471,0.7298390754906104,80
tep,ar1,mlp_s31337,process_idv1,0.75,1.4780747387541548,1.4043923329945653,1.5548501979871414,1.2048819945323357,0.8151698712799267,80
tep,ar1,mlp_s31337,process_idv1,1.0,1.423453493234973,1.354076573560093,1.4941167671941917,1.3147237102861173,0.9236155002846255,79
tep,ar1,mlp_s31337,process_idv1,1.5,1.3402057170355388,1.2821768519994643,1.4014492690754032,1.5944603265590793,1.1897131211213885,76
tep,ar1,mlp_s31337,process_idv1,2.0,1.2512023226434206,1.1933781293386136,1.311505766390819,1.8221569246046763,1.4563247618938218,60
tep,ar1,mlp_s31337,process_idv1,3.0,,,,,,8
tep,ar1,mlp_s42,process_idv1,0.0,1.565743203772705,1.4882237348054497,1.6450410078711748,1.0468256321271179,0.6685806648272592,80
tep,ar1,mlp_s42,process_idv1,0.1,1.5568492615796028,1.4794541006449202,1.63590480204262,1.0480595520148226,0.6731926962225268,80
tep,ar1,mlp_s42,process_idv1,0.25,1.5373583739824086,1.4632002734833127,1.6153761669838969,1.0615918713269616,0.6905298655751876,80
tep,ar1,mlp_s42,process_idv1,0.5,1.496541190089513,1.4243705268548832,1.5718254495218973,1.115193856061471,0.7451808633444748,80
tep,ar1,mlp_s42,process_idv1,0.75,1.4517858081921364,1.381875788358376,1.5242338510935247,1.2048819945323357,0.8299309634612957,80
tep,ar1,mlp_s42,process_idv1,1.0,1.4033253856216519,1.3393579455845277,1.4705634707563904,1.3147237102861173,0.9368630566771331,79
tep,ar1,mlp_s42,process_idv1,1.5,1.3334053639178418,1.2806418349953843,1.3916953746187473,1.5944603265590793,1.195780645335189,76
tep,ar1,mlp_s42,process_idv1,2.0,1.2601334222367313,1.2075015686122226,1.3182067969442846,1.8221569246046763,1.4460031711327486,60
tep,ar1,mlp_s42,process_idv1,3.0,,,,,,8
tep,ar1,mlp_s7,process_idv1,0.0,1.5593432585056677,1.482799552709485,1.640938545579044,1.0468256321271179,0.6713246916078632,80
tep,ar1,mlp_s7,process_idv1,0.1,1.554231230129431,1.4777678223169615,1.6355022731729947,1.0480595520148226,0.6743266585420136,80
tep,ar1,mlp_s7,process_idv1,0.25,1.5405956596843233,1.4641713831266627,1.6221988302981036,1.0615918713269616,0.6890788408066058,80
tep,ar1,mlp_s7,process_idv1,0.5,1.506138593061655,1.4314375552531133,1.584806306223388,1.115193856061471,0.7404324284623252,80
tep,ar1,mlp_s7,process_idv1,0.75,1.4637729567812272,1.3927409642738153,1.5379641402641182,1.2048819945323357,0.8231344819908537,80
tep,ar1,mlp_s7,process_idv1,1.0,1.4147491798204872,1.3496765923023324,1.4825756900715699,1.3147237102861173,0.9292980897525159,79
tep,ar1,mlp_s7,process_idv1,1.5,1.3361389313376295,1.2830408759146514,1.394083047080246,1.5944603265590793,1.1933342328127812,76
tep,ar1,mlp_s7,process_idv1,2.0,1.255347459230036,1.2036646151755446,1.3098759028462192,1.8221569246046763,1.4515160015716218,60
tep,ar1,mlp_s7,process_idv1,3.0,,,,,,8
tep,ar1,ridge,process_idv1,0.0,1.6017817906234924,1.51940006243594,1.6887973010998765,1.0468256321271179,0.6535382274009007,80
tep,ar1,ridge,process_idv1,0.1,1.5950311972567788,1.5137867610678675,1.6788727059110422,1.0480595520148226,0.6570777761697277,80
tep,ar1,ridge,process_idv1,0.25,1.580771238406759,1.5030365490752606,1.662459249509593,1.0615918713269616,0.6715657810151757,80
tep,ar1,ridge,process_idv1,0.5,1.55197657067915,1.4769497565345613,1.6308872218905923,1.115193856061471,0.7185635898958568,80
tep,ar1,ridge,process_idv1,0.75,1.5203388441254908,1.446011945627506,1.5963625268806059,1.2048819945323357,0.7925088536597853,80
tep,ar1,ridge,process_idv1,1.0,1.4837883273351962,1.416216643052632,1.5582344269021546,1.3147237102861173,0.8860588037158172,79
tep,ar1,ridge,process_idv1,1.5,1.4264861035079703,1.3678482329358186,1.4902549492527453,1.5944603265590793,1.1177538446662971,76
tep,ar1,ridge,process_idv1,2.0,1.3568826599794046,1.2975348860925997,1.4209745849254682,1.8221569246046763,1.3428994107952812,60
tep,ar1,ridge,process_idv1,3.0,,,,,,8
tep,persistence,gru_s123,regime_setpt18,0.0,2.031191908659167,1.9416744125865215,2.124826331427249,1.3090827527410798,0.6444899406896678,80
tep,persistence,gru_s123,regime_setpt18,0.25,0.659793449191191,0.6240109081079112,0.6969089379975008,1.3807058213740047,2.092633418938223,80
tep,persistence,gru_s123,regime_setpt18,0.5,0.6581097013985764,0.6224852164922808,0.6955518148539509,1.3091797254779691,1.989303185617499,80
tep,persistence,gru_s123,regime_setpt18,1.0,0.6801377202105281,0.6587218963373768,0.7002034633809466,1.8451550035009388,2.712913794767616,80
tep,persistence,gru_s123,regime_setpt18,1.5,,,,,,0
tep,persistence,gru_s123,regime_setpt18,2.0,,,,,,0
tep,persistence,gru_s123,regime_setpt18,2.5,,,,,,0
tep,persistence,gru_s2024,regime_setpt18,0.0,2.0337231637367323,1.9426394958440756,2.1293127637325937,1.3090827527410798,0.6436877821344134,80
tep,persistence,gru_s2024,regime_setpt18,0.25,0.6210018278197108,0.5881337734829836,0.6545840851826935,1.3807058213740047,2.2233522664845538,80
tep,persistence,gru_s2024,regime_setpt18,0.5,0.6448215101377667,0.6169716169335706,0.6734104492596488,1.3091797254779691,2.030297849707684,80
tep,persistence,gru_s2024,regime_setpt18,1.0,0.7685297291313296,0.7463735503795281,0.7886153264905574,1.8451550035009388,2.400889560364204,80
tep,persistence,gru_s2024,regime_setpt18,1.5,,,,,,0
tep,persistence,gru_s2024,regime_setpt18,2.0,,,,,,0
tep,persistence,gru_s2024,regime_setpt18,2.5,,,,,,0
tep,persistence,gru_s31337,regime_setpt18,0.0,2.0332699410439474,1.9409053373463996,2.130162298395264,1.3090827527410798,0.643831262301037,80
tep,persistence,gru_s31337,regime_setpt18,0.25,0.6976989157152109,0.6637729997045986,0.7337050713253499,1.3807058213740047,1.9789421916452938,80
tep,persistence,gru_s31337,regime_setpt18,0.5,0.6732829719591797,0.6425773689219021,0.7039993836295363,1.3091797254779691,1.9444717600214951,80
tep,persistence,gru_s31337,regime_setpt18,1.0,0.6959691190823831,0.6728687993333423,0.7182334891247545,1.8451550035009388,2.651202406701215,80
tep,persistence,gru_s31337,regime_setpt18,1.5,,,,,,0
tep,persistence,gru_s31337,regime_setpt18,2.0,,,,,,0
tep,persistence,gru_s31337,regime_setpt18,2.5,,,,,,0
tep,persistence,gru_s42,regime_setpt18,0.0,2.036663254116132,1.9453067925119645,2.132234894574256,1.3090827527410798,0.642758566049346,80
tep,persistence,gru_s42,regime_setpt18,0.25,0.5551267018422782,0.524365844039596,0.5862759672873886,1.3807058213740047,2.487190432007518,80
tep,persistence,gru_s42,regime_setpt18,0.5,0.6020237655829992,0.5702312985175546,0.6338181285357213,1.3091797254779691,2.174631302487138,80
tep,persistence,gru_s42,regime_setpt18,1.0,0.6206814141112634,0.5995770931294737,0.6409739061472411,1.8451550035009388,2.9727891983731545,80
tep,persistence,gru_s42,regime_setpt18,1.5,,,,,,0
tep,persistence,gru_s42,regime_setpt18,2.0,,,,,,0
tep,persistence,gru_s42,regime_setpt18,2.5,,,,,,0
tep,persistence,gru_s7,regime_setpt18,0.0,2.0420252135074644,1.947383551081116,2.1381656822063917,1.3090827527410798,0.641070807589367,80
tep,persistence,gru_s7,regime_setpt18,0.25,0.6053665882687294,0.5635572569713482,0.6508055927391431,1.3807058213740047,2.280776389266289,80
tep,persistence,gru_s7,regime_setpt18,0.5,0.6819528335241863,0.6366674035454846,0.7300334012735191,1.3091797254779691,1.9197511339785898,80
tep,persistence,gru_s7,regime_setpt18,1.0,0.7373572649106307,0.7142057630189691,0.7605855880421425,1.8451550035009388,2.502389399695649,80
tep,persistence,gru_s7,regime_setpt18,1.5,,,,,,0
tep,persistence,gru_s7,regime_setpt18,2.0,,,,,,0
tep,persistence,gru_s7,regime_setpt18,2.5,,,,,,0
tep,persistence,mlp_s123,regime_setpt18,0.0,1.980023781422337,1.8879808938691585,2.0778344677474756,1.3090827527410798,0.6611449645320466,80
tep,persistence,mlp_s123,regime_setpt18,0.25,0.062014360247597655,0.05866334149118692,0.06540552202577536,1.3807058213740047,22.264291945630305,80
tep,persistence,mlp_s123,regime_setpt18,0.5,0.029399115185503005,0.027889102468670605,0.030906790550339746,1.3091797254779691,44.531262836220954,80
tep,persistence,mlp_s123,regime_setpt18,1.0,0.020613666512292135,0.019310935071266952,0.021974920859469945,1.8451550035009388,89.51124742416175,80
tep,persistence,mlp_s123,regime_setpt18,1.5,,,,,,0
tep,persistence,mlp_s123,regime_setpt18,2.0,,,,,,0
tep,persistence,mlp_s123,regime_setpt18,2.5,,,,,,0
tep,persistence,mlp_s2024,regime_setpt18,0.0,1.9552907895415652,1.8698677433785695,2.0507465590609346,1.3090827527410798,0.6695079625716467,80
tep,persistence,mlp_s2024,regime_setpt18,0.25,0.06860008568289085,0.06491821327895743,0.07233829185170068,1.3807058213740047,20.126881878200898,80
tep,persistence,mlp_s2024,regime_setpt18,0.5,0.03256674259382792,0.030897781421800323,0.034225893272263566,1.3091797254779691,40.19989784689385,80
tep,persistence,mlp_s2024,regime_setpt18,1.0,0.02279412434660918,0.02135352472880172,0.0242975177816125,1.8451550035009388,80.94871184535857,80
tep,persistence,mlp_s2024,regime_setpt18,1.5,,,,,,0
tep,persistence,mlp_s2024,regime_setpt18,2.0,,,,,,0
tep,persistence,mlp_s2024,regime_setpt18,2.5,,,,,,0
tep,persistence,mlp_s31337,regime_setpt18,0.0,2.0012521763978772,1.9097377995731617,2.0957564428868434,1.3090827527410798,0.6541318321498807,80
tep,persistence,mlp_s31337,regime_setpt18,0.25,0.06225523880746394,0.0588981514044265,0.06563853404750897,1.3807058213740047,22.178146736278656,80
tep,persistence,mlp_s31337,regime_setpt18,0.5,0.029551001927326417,0.028034612274953515,0.031056012836611482,1.3091797254779691,44.30238029484015,80
tep,persistence,mlp_s31337,regime_setpt18,1.0,0.020834525803680438,0.019518661815859963,0.02220879908722065,1.8451550035009388,88.56237098398421,80
tep,persistence,mlp_s31337,regime_setpt18,1.5,,,,,,0
tep,persistence,mlp_s31337,regime_setpt18,2.0,,,,,,0
tep,persistence,mlp_s31337,regime_setpt18,2.5,,,,,,0
tep,persistence,mlp_s42,regime_setpt18,0.0,1.9580027087371825,1.8687082718513797,2.053249136275355,1.3090827527410798,0.6685806648272592,80
tep,persistence,mlp_s42,regime_setpt18,0.25,0.061419382409094725,0.058106591959478066,0.06475609307565454,1.3807058213740047,22.479969143576987,80
tep,persistence,mlp_s42,regime_setpt18,0.5,0.029055704847611732,0.027565637365053776,0.030537286661328062,1.3091797254779691,45.057579306515386,80
tep,persistence,mlp_s42,regime_setpt18,1.0,0.020217515151745073,0.018939403148449233,0.021553611411098093,1.8451550035009388,91.26517228511509,80
tep,persistence,mlp_s42,regime_setpt18,1.5,,,,,,0
tep,persistence,mlp_s42,regime_setpt18,2.0,,,,,,0
tep,persistence,mlp_s42,regime_setpt18,2.5,,,,,,0
tep,persistence,mlp_s7,regime_setpt18,0.0,1.9499994102790221,1.8574613698795308,2.0483686567715043,1.3090827527410798,0.6713246916078632,80
tep,persistence,mlp_s7,regime_setpt18,0.25,0.06580491065394115,0.062247406606652456,0.06938765075671667,1.3807058213740047,20.981805273392805,80
tep,persistence,mlp_s7,regime_setpt18,0.5,0.031233876647030204,0.02963205294945359,0.03282443071307723,1.3091797254779691,41.915377340854334,80
tep,persistence,mlp_s7,regime_setpt18,1.0,0.02191876738945716,0.02053498331115392,0.023360395731252523,1.8451550035009388,84.1815130712346,80
tep,persistence,mlp_s7,regime_setpt18,1.5,,,,,,0
tep,persistence,mlp_s7,regime_setpt18,2.0,,,,,,0
tep,persistence,mlp_s7,regime_setpt18,2.5,,,,,,0
tep,persistence,ridge,regime_setpt18,0.0,2.0030699014306435,1.9101006100930051,2.1028499303600645,1.3090827527410798,0.6535382274009007,80
tep,persistence,ridge,regime_setpt18,0.25,0.05741682949792601,0.05432069008594551,0.06054507538447741,1.3807058213740047,24.047057865218385,80
tep,persistence,ridge,regime_setpt18,0.5,0.02722509549855445,0.02582713831286621,0.028616781030555854,1.3091797254779691,48.08724088947573,80
tep,persistence,ridge,regime_setpt18,1.0,0.019206217956375556,0.017991942542703327,0.020476783607534844,1.8451550035009388,96.0707104174268,80
tep,persistence,ridge,regime_setpt18,1.5,,,,,,0
tep,persistence,ridge,regime_setpt18,2.0,,,,,,0
tep,persistence,ridge,regime_setpt18,2.5,,,,,,0
tep,history_mean,gru_s123,regime_setpt18,0.0,1.9927920708436537,1.8792295739835938,2.1106769211965952,1.2843344435448667,0.6444899406896678,80
tep,history_mean,gru_s123,regime_setpt18,0.25,0.6604133427778873,0.6169962030513236,0.7046173885928316,1.382003031409711,2.092633418938223,80
tep,history_mean,gru_s123,regime_setpt18,0.5,0.6460799090981788,0.6017299553026497,0.6905235844831986,1.2852488213324713,1.989303185617499,80
tep,history_mean,gru_s123,regime_setpt18,1.0,0.6864572798483612,0.6578419642186039,0.7143219385222892,1.8622994240192732,2.712913794767616,80
tep,history_mean,gru_s123,regime_setpt18,1.5,,,,,,0
tep,history_mean,gru_s123,regime_setpt18,2.0,,,,,,0
tep,history_mean,gru_s123,regime_setpt18,2.5,,,,,,0
tep,history_mean,gru_s2024,regime_setpt18,0.0,1.9952754723510893,1.8786687134995912,2.116169885932743,1.2843344435448667,0.6436877821344134,80
tep,history_mean,gru_s2024,regime_setpt18,0.25,0.6215852756409403,0.5804878953767438,0.6649255970278157,1.382003031409711,2.2233522664845538,80
tep,history_mean,gru_s2024,regime_setpt18,0.5,0.6330346168260571,0.5935209205517248,0.6725362513415521,1.2852488213324713,2.030297849707684,80
tep,history_mean,gru_s2024,regime_setpt18,1.0,0.7756705909191303,0.7508780607908527,0.8010857250068003,1.8622994240192732,2.400889560364204,80
tep,history_mean,gru_s2024,regime_setpt18,1.5,,,,,,0
tep,history_mean,gru_s2024,regime_setpt18,2.0,,,,,,0
tep,history_mean,gru_s2024,regime_setpt18,2.5,,,,,,0
tep,history_mean,gru_s31337,regime_setpt18,0.0,1.994830817867848,1.8774745378579742,2.117934203141976,1.2843344435448667,0.643831262301037,80
tep,history_mean,gru_s31337,regime_setpt18,0.25,0.6983544225012014,0.6566464608056247,0.7415950712995042,1.382003031409711,1.9789421916452938,80
tep,history_mean,gru_s31337,regime_setpt18,0.5,0.660975822718178,0.6205293671690396,0.7013353424257699,1.2852488213324713,1.9444717600214951,80
tep,history_mean,gru_s31337,regime_setpt18,1.0,0.7024357775596839,0.676445390238711,0.7288089112746384,1.8622994240192732,2.651202406701215,80
tep,history_mean,gru_s31337,regime_setpt18,1.5,,,,,,0
tep,history_mean,gru_s31337,regime_setpt18,2.0,,,,,,0
tep,history_mean,gru_s31337,regime_setpt18,2.5,,,,,,0
tep,history_mean,gru_s42,regime_setpt18,0.0,1.9981599800978234,1.8828128878752075,2.1182175969304615,1.2843344435448667,0.642758566049346,80
tep,history_mean,gru_s42,regime_setpt18,0.25,0.5556482582213204,0.5184690913496148,0.5934931696437923,1.382003031409711,2.487190432007518,80
tep,history_mean,gru_s42,regime_setpt18,0.5,0.5910191855798842,0.5502894332905813,0.6308733780779248,1.2852488213324713,2.174631302487138,80
tep,history_mean,gru_s42,regime_setpt18,1.0,0.6264485302349754,0.5990774757637005,0.6542570036704268,1.8622994240192732,2.9727891983731545,80
tep,history_mean,gru_s42,regime_setpt18,1.5,,,,,,0
tep,history_mean,gru_s42,regime_setpt18,2.0,,,,,,0
tep,history_mean,gru_s42,regime_setpt18,2.5,,,,,,0
tep,history_mean,gru_s7,regime_setpt18,0.0,2.003420571238267,1.885301753215249,2.1265980596552003,1.2843344435448667,0.641070807589367,80
tep,history_mean,gru_s7,regime_setpt18,0.25,0.6059353463643546,0.5586020467009535,0.6555401746589774,1.382003031409711,2.280776389266289,80
tep,history_mean,gru_s7,regime_setpt18,0.5,0.6694872051820886,0.6204262394713497,0.722327060334091,1.2852488213324713,1.9197511339785898,80
tep,history_mean,gru_s7,regime_setpt18,1.0,0.7442084849966891,0.7039250034930765,0.7854679103507034,1.8622994240192732,2.502389399695649,80
tep,history_mean,gru_s7,regime_setpt18,1.5,,,,,,0
tep,history_mean,gru_s7,regime_setpt18,2.0,,,,,,0
tep,history_mean,gru_s7,regime_setpt18,2.5,,,,,,0
tep,history_mean,mlp_s123,regime_setpt18,0.0,1.9425912809513854,1.825673993017461,2.0657960635161325,1.2843344435448667,0.6611449645320466,80
tep,history_mean,mlp_s123,regime_setpt18,0.25,0.0620726243971549,0.05782619665215411,0.06642316399485959,1.382003031409711,22.264291945630305,80
tep,history_mean,mlp_s123,regime_setpt18,0.5,0.028861719598193662,0.02694568141421928,0.03083185817327181,1.2852488213324713,44.531262836220954,80
tep,history_mean,mlp_s123,regime_setpt18,1.0,0.020805200213493875,0.019589029364119714,0.02212846202731415,1.8622994240192732,89.51124742416175,80
tep,history_mean,mlp_s123,regime_setpt18,1.5,,,,,,0
tep,history_mean,mlp_s123,regime_setpt18,2.0,,,,,,0
tep,history_mean,mlp_s123,regime_setpt18,2.5,,,,,,0
tep,history_mean,mlp_s2024,regime_setpt18,0.0,1.9183258681668405,1.8081573893894007,2.034270603019317,1.2843344435448667,0.6695079625716467,80
tep,history_mean,mlp_s2024,regime_setpt18,0.25,0.06866453729757992,0.06396146825867656,0.07345992827586774,1.382003031409711,20.126881878200898,80
tep,history_mean,mlp_s2024,regime_setpt18,0.5,0.03197144495808164,0.029846174545014287,0.03414794106988052,1.2852488213324713,40.19989784689385,80
tep,history_mean,mlp_s2024,regime_setpt18,1.0,0.02300591796416651,0.02166160677647649,0.024469347758288882,1.8622994240192732,80.94871184535857,80
tep,history_mean,mlp_s2024,regime_setpt18,1.5,,,,,,0
tep,history_mean,mlp_s2024,regime_setpt18,2.0,,,,,,0
tep,history_mean,mlp_s2024,regime_setpt18,2.5,,,,,,0
tep,history_mean,mlp_s31337,regime_setpt18,0.0,1.9634183515022523,1.847572990903052,2.0843684204909176,1.2843344435448667,0.6541318321498807,80
tep,history_mean,mlp_s31337,regime_setpt18,0.25,0.06231372926886865,0.058050061300333806,0.0666550245831644,1.382003031409711,22.178146736278656,80
tep,history_mean,mlp_s31337,regime_setpt18,0.5,0.029010829954935015,0.027091430807888117,0.030986992307070037,1.2852488213324713,44.30238029484015,80
tep,history_mean,mlp_s31337,regime_setpt18,1.0,0.02102811163847516,0.01979750589632332,0.022361110832885927,1.8622994240192732,88.56237098398421,80
tep,history_mean,mlp_s31337,regime_setpt18,1.5,,,,,,0
tep,history_mean,mlp_s31337,regime_setpt18,2.0,,,,,,0
tep,history_mean,mlp_s31337,regime_setpt18,2.5,,,,,,0
tep,history_mean,mlp_s42,regime_setpt18,0.0,1.920986518323409,1.806535328704552,2.04198440716408,1.2843344435448667,0.6685806648272592,80
tep,history_mean,mlp_s42,regime_setpt18,0.25,0.061477087561064514,0.057279698042782726,0.06578254359488661,1.382003031409711,22.479969143576987,80
tep,history_mean,mlp_s42,regime_setpt18,0.5,0.02852458656487617,0.026631103653096233,0.030477719712662794,1.2852488213324713,45.057579306515386,80
tep,history_mean,mlp_s42,regime_setpt18,1.0,0.020405367977626723,0.019215404829243388,0.0217056340868241,1.8622994240192732,91.26517228511509,80
tep,history_mean,mlp_s42,regime_setpt18,1.5,,,,,,0
tep,history_mean,mlp_s42,regime_setpt18,2.0,,,,,,0
tep,history_mean,mlp_s42,regime_setpt18,2.5,,,,,,0
tep,history_mean,mlp_s7,regime_setpt18,0.0,1.9131345228324732,1.796322442310771,2.035335100116241,1.2843344435448667,0.6713246916078632,80
tep,history_mean,mlp_s7,regime_setpt18,0.25,0.06586673612695472,0.06132666143808964,0.07044137242019238,1.382003031409711,20.981805273392805,80
tep,history_mean,mlp_s7,regime_setpt18,0.5,0.030662942883249607,0.028631837673082812,0.03275269630111029,1.2852488213324713,41.915377340854334,80
tep,history_mean,mlp_s7,regime_setpt18,1.0,0.022122427550611865,0.020829432247584455,0.023530566871070184,1.8622994240192732,84.1815130712346,80
tep,history_mean,mlp_s7,regime_setpt18,1.5,,,,,,0
tep,history_mean,mlp_s7,regime_setpt18,2.0,,,,,,0
tep,history_mean,mlp_s7,regime_setpt18,2.5,,,,,,0
tep,history_mean,ridge,regime_setpt18,0.0,1.9652017123047585,1.8446710389859076,2.0879001234687196,1.2843344435448667,0.6535382274009007,80
tep,history_mean,ridge,regime_setpt18,0.25,0.05747077414441778,0.05356282372025852,0.061481459316228566,1.382003031409711,24.047057865218385,80
tep,history_mean,ridge,regime_setpt18,0.5,0.02672743949453249,0.024955235977712934,0.028547698742663805,1.2852488213324713,48.08724088947573,80
tep,history_mean,ridge,regime_setpt18,1.0,0.019384674225136785,0.01824999529320253,0.0206159284303075,1.8622994240192732,96.0707104174268,80
tep,history_mean,ridge,regime_setpt18,1.5,,,,,,0
tep,history_mean,ridge,regime_setpt18,2.0,,,,,,0
tep,history_mean,ridge,regime_setpt18,2.5,,,,,,0
tep,drift,gru_s123,regime_setpt18,0.0,3.518760325427404,3.358532893757267,3.680614146431289,2.267805633435864,0.6444899406896678,80
tep,drift,gru_s123,regime_setpt18,0.25,1.1212288492394284,1.0637906273953193,1.184639632329633,2.3463209601960746,2.092633418938223,80
tep,drift,gru_s123,regime_setpt18,0.5,1.1385145010264337,1.076790471130682,1.2040502017780697,2.264850523763602,1.989303185617499,80
tep,drift,gru_s123,regime_setpt18,1.0,1.2467251726618143,1.1798127031912216,1.3117598499283158,3.382257919198274,2.712913794767616,80
tep,drift,gru_s123,regime_setpt18,1.5,,,,,,0
tep,drift,gru_s123,regime_setpt18,2.0,,,,,,0
tep,drift,gru_s123,regime_setpt18,2.5,,,,,,0
tep,drift,gru_s2024,regime_setpt18,0.0,3.5231453763438156,3.359720903501048,3.686443461499343,2.267805633435864,0.6436877821344134,80
tep,drift,gru_s2024,regime_setpt18,0.25,1.0553077870588417,1.0028737630548734,1.1114739195494792,2.3463209601960746,2.2233522664845538,80
tep,drift,gru_s2024,regime_setpt18,0.5,1.1155262387189586,1.0638346985164893,1.1692437685112873,2.264850523763602,2.030297849707684,80
tep,drift,gru_s2024,regime_setpt18,1.0,1.4087519788645342,1.3252253089760606,1.49058183949942,3.382257919198274,2.400889560364204,80
tep,drift,gru_s2024,regime_setpt18,1.5,,,,,,0
tep,drift,gru_s2024,regime_setpt18,2.0,,,,,,0
tep,drift,gru_s2024,regime_setpt18,2.5,,,,,,0
tep,drift,gru_s31337,regime_setpt18,0.0,3.5223602304286725,3.3622138043567196,3.6824042587730057,2.267805633435864,0.643831262301037,80
tep,drift,gru_s31337,regime_setpt18,0.25,1.1856440122919112,1.1283521034451003,1.254190067494757,2.3463209601960746,1.9789421916452938,80
tep,drift,gru_s31337,regime_setpt18,0.5,1.1647639067479,1.1077476783118596,1.2271952302511038,2.264850523763602,1.9444717600214951,80
tep,drift,gru_s31337,regime_setpt18,1.0,1.2757448886773914,1.2018535384104396,1.3502691050477735,3.382257919198274,2.651202406701215,80
tep,drift,gru_s31337,regime_setpt18,1.5,,,,,,0
tep,drift,gru_s31337,regime_setpt18,2.0,,,,,,0
tep,drift,gru_s31337,regime_setpt18,2.5,,,,,,0
tep,drift,gru_s42,regime_setpt18,0.0,3.5282386781318436,3.365640794063725,3.6911280777272233,2.267805633435864,0.642758566049346,80
tep,drift,gru_s42,regime_setpt18,0.25,0.9433620079915868,0.8975098060623273,0.9951492341550969,2.3463209601960746,2.487190432007518,80
tep,drift,gru_s42,regime_setpt18,0.5,1.0414871344734529,0.9871837330586617,1.1002744082465925,2.264850523763602,2.174631302487138,80
tep,drift,gru_s42,regime_setpt18,1.0,1.1377389022569107,1.0799332973772862,1.197662237860147,3.382257919198274,2.9727891983731545,80
tep,drift,gru_s42,regime_setpt18,1.5,,,,,,0
tep,drift,gru_s42,regime_setpt18,2.0,,,,,,0
tep,drift,gru_s42,regime_setpt18,2.5,,,,,,0
tep,drift,gru_s7,regime_setpt18,0.0,3.5375275345379467,3.374655772269487,3.7013133174617927,2.267805633435864,0.641070807589367,80
tep,drift,gru_s7,regime_setpt18,0.25,1.0287378329757575,0.9625449360543163,1.101599563502689,2.3463209601960746,2.280776389266289,80
tep,drift,gru_s7,regime_setpt18,0.5,1.1797625659268713,1.104390607637203,1.2596043206355996,2.264850523763602,1.9197511339785898,80
tep,drift,gru_s7,regime_setpt18,1.0,1.3516113517782797,1.2884253587149743,1.414659375494124,3.382257919198274,2.502389399695649,80
tep,drift,gru_s7,regime_setpt18,1.5,,,,,,0
tep,drift,gru_s7,regime_setpt18,2.0,,,,,,0
tep,drift,gru_s7,regime_setpt18,2.5,,,,,,0
tep,drift,mlp_s123,regime_setpt18,0.0,3.4301185898632673,3.2729351925166688,3.5957936568083966,2.267805633435864,0.6611449645320466,80
tep,drift,mlp_s123,regime_setpt18,0.25,0.10538493503075784,0.10051154212667371,0.11044904492117484,2.3463209601960746,22.264291945630305,80
tep,drift,mlp_s123,regime_setpt18,0.5,0.050859786574959015,0.048575323937226494,0.05311682009421686,2.264850523763602,44.531262836220954,80
tep,drift,mlp_s123,regime_setpt18,1.0,0.03778584274634186,0.03488260450875146,0.04097066628338283,3.382257919198274,89.51124742416175,80
tep,drift,mlp_s123,regime_setpt18,1.5,,,,,,0
tep,drift,mlp_s123,regime_setpt18,2.0,,,,,,0
tep,drift,mlp_s123,regime_setpt18,2.5,,,,,,0
tep,drift,mlp_s2024,regime_setpt18,0.0,3.3872720866903463,3.2305277694583507,3.544910405075705,2.267805633435864,0.6695079625716467,80
tep,drift,mlp_s2024,regime_setpt18,0.25,0.1165764758989984,0.11124588608823262,0.12218297467760558,2.3463209601960746,20.126881878200898,80
tep,drift,mlp_s2024,regime_setpt18,0.5,0.05633970843382632,0.05381452452292377,0.05883056917131307,2.264850523763602,40.19989784689385,80
tep,drift,mlp_s2024,regime_setpt18,1.0,0.04178272689081964,0.038573735564352826,0.045302833770742,3.382257919198274,80.94871184535857,80
tep,drift,mlp_s2024,regime_setpt18,1.5,,,,,,0
tep,drift,mlp_s2024,regime_setpt18,2.0,,,,,,0
tep,drift,mlp_s2024,regime_setpt18,2.5,,,,,,0
tep,drift,mlp_s31337,regime_setpt18,0.0,3.4668938614139226,3.3088392813781056,3.6290538558680323,2.267805633435864,0.6541318321498807,80
tep,drift,mlp_s31337,regime_setpt18,0.25,0.10579427524293544,0.10094445645374713,0.11087924605823855,2.3463209601960746,22.178146736278656,80
tep,drift,mlp_s31337,regime_setpt18,0.5,0.05112254711125277,0.048825114613034896,0.05339035527692957,2.264850523763602,44.30238029484015,80
tep,drift,mlp_s31337,regime_setpt18,1.0,0.03819068845627369,0.03525418254938417,0.04141116477409795,3.382257919198274,88.56237098398421,80
tep,drift,mlp_s31337,regime_setpt18,1.5,,,,,,0
tep,drift,mlp_s31337,regime_setpt18,2.0,,,,,,0
tep,drift,mlp_s31337,regime_setpt18,2.5,,,,,,0
tep,drift,mlp_s42,regime_setpt18,0.0,3.3919701133172846,3.2340351326837684,3.551853234051696,2.267805633435864,0.6685806648272592,80
tep,drift,mlp_s42,regime_setpt18,0.25,0.10437385145906525,0.0995767835170026,0.10940833461663647,2.3463209601960746,22.479969143576987,80
tep,drift,mlp_s42,regime_setpt18,0.5,0.05026569466496176,0.04800394425688337,0.0524988369923367,2.264850523763602,45.057579306515386,80
tep,drift,mlp_s42,regime_setpt18,1.0,0.03705967823774003,0.03421567193565831,0.04017905265885178,3.382257919198274,91.26517228511509,80
tep,drift,mlp_s42,regime_setpt18,1.5,,,,,,0
tep,drift,mlp_s42,regime_setpt18,2.0,,,,,,0
tep,drift,mlp_s42,regime_setpt18,2.5,,,,,,0
tep,drift,mlp_s7,regime_setpt18,0.0,3.378105500639835,3.2185962899780627,3.5411800677221983,2.267805633435864,0.6713246916078632,80
tep,drift,mlp_s7,regime_setpt18,0.25,0.11182645771531695,0.10666267121272235,0.11719256398820725,2.3463209601960746,20.981805273392805,80
tep,drift,mlp_s7,regime_setpt18,0.5,0.0540338812972127,0.0516155299328875,0.0564317404272519,2.264850523763602,41.915377340854334,80
tep,drift,mlp_s7,regime_setpt18,1.0,0.0401781554619504,0.037098727138448195,0.04355187205140969,3.382257919198274,84.1815130712346,80
tep,drift,mlp_s7,regime_setpt18,1.5,,,,,,0
tep,drift,mlp_s7,regime_setpt18,2.0,,,,,,0
tep,drift,mlp_s7,regime_setpt18,2.5,,,,,,0
tep,drift,ridge,regime_setpt18,0.0,3.4700428197671767,3.3065739243813,3.6390830065635296,2.267805633435864,0.6535382274009007,80
tep,drift,ridge,regime_setpt18,0.25,0.09757205947384476,0.09309444874366214,0.10226483764573555,2.3463209601960746,24.047057865218385,80
tep,drift,ridge,regime_setpt18,0.5,0.04709878300086213,0.04497904749909567,0.04919110885013752,2.264850523763602,48.08724088947573,80
tep,drift,ridge,regime_setpt18,1.0,0.03520592181011652,0.0324947231434557,0.03818158416755737,3.382257919198274,96.0707104174268,80
tep,drift,ridge,regime_setpt18,1.5,,,,,,0
tep,drift,ridge,regime_setpt18,2.0,,,,,,0
tep,drift,ridge,regime_setpt18,2.5,,,,,,0
tep,ar1,gru_s123,regime_setpt18,0.0,1.6242699319820433,1.5469096966556974,1.705274492864206,1.0468256321271179,0.6444899406896678,80
tep,ar1,gru_s123,regime_setpt18,0.25,11.010296054299156,10.559290510200317,11.49951828964687,23.040513475630068,2.092633418938223,80
tep,ar1,gru_s123,regime_setpt18,0.5,23.134080697987685,22.2949807915663,24.047412359655848,46.02070042883919,1.989303185617499,80
tep,ar1,gru_s123,regime_setpt18,1.0,33.96147478007977,32.59641780060473,35.32202976762414,92.1345534215309,2.712913794767616,80
tep,ar1,gru_s123,regime_setpt18,1.5,,,,,,0
tep,ar1,gru_s123,regime_setpt18,2.0,,,,,,0
tep,ar1,gru_s123,regime_setpt18,2.5,,,,,,0
tep,ar1,gru_s2024,regime_setpt18,0.0,1.6262940841535536,1.5459166006665477,1.710090182221511,1.0468256321271179,0.6436877821344134,80
tep,ar1,gru_s2024,regime_setpt18,0.25,10.362961291806673,9.940507201583095,10.824025827554683,23.040513475630068,2.2233522664845538,80
tep,ar1,gru_s2024,regime_setpt18,0.5,22.666969989386097,21.80602260042013,23.547660556361702,46.02070042883919,2.030297849707684,80
tep,ar1,gru_s2024,regime_setpt18,1.0,38.37517349509175,36.65382604006813,40.014360602950056,92.1345534215309,2.400889560364204,80
tep,ar1,gru_s2024,regime_setpt18,1.5,,,,,,0
tep,ar1,gru_s2024,regime_setpt18,2.0,,,,,,0
tep,ar1,gru_s2024,regime_setpt18,2.5,,,,,,0
tep,ar1,gru_s31337,regime_setpt18,0.0,1.625931658530822,1.5463866405142603,1.7099856276350438,1.0468256321271179,0.643831262301037,80
tep,ar1,gru_s31337,regime_setpt18,0.25,11.642843117349562,11.098977624617415,12.235907435050011,23.040513475630068,1.9789421916452938,80
tep,ar1,gru_s31337,regime_setpt18,0.5,23.667456311286546,22.763021920053806,24.587821424704444,46.02070042883919,1.9444717600214951,80
tep,ar1,gru_s31337,regime_setpt18,1.0,34.75198769760104,33.38732231541786,36.0843180716815,92.1345534215309,2.651202406701215,80
tep,ar1,gru_s31337,regime_setpt18,1.5,,,,,,0
tep,ar1,gru_s31337,regime_setpt18,2.0,,,,,,0
tep,ar1,gru_s31337,regime_setpt18,2.5,,,,,,0
tep,ar1,gru_s42,regime_setpt18,0.0,1.6286451669735518,1.5505776010776309,1.7139212424967771,1.0468256321271179,0.642758566049346,80
tep,ar1,gru_s42,regime_setpt18,0.25,9.263670838840063,8.914758867789054,9.65641605830231,23.040513475630068,2.487190432007518,80
tep,ar1,gru_s42,regime_setpt18,0.5,21.16253011542925,20.410110102562346,21.97900312464129,46.02070042883919,2.174631302487138,80
tep,ar1,gru_s42,regime_setpt18,1.0,30.992629235854032,29.80688849727812,32.18550613321411,92.1345534215309,2.9727891983731545,80
tep,ar1,gru_s42,regime_setpt18,1.5,,,,,,0
tep,ar1,gru_s42,regime_setpt18,2.0,,,,,,0
tep,ar1,gru_s42,regime_setpt18,2.5,,,,,,0
tep,ar1,gru_s7,regime_setpt18,0.0,1.63293292992629,1.5533308319885635,1.7153527920284206,1.0468256321271179,0.641070807589367,80
tep,ar1,gru_s7,regime_setpt18,0.25,10.102048400738685,9.559033968660223,10.722522418812947,23.040513475630068,2.280776389266289,80
tep,ar1,gru_s7,regime_setpt18,0.5,23.97222203143777,22.97496941372662,25.081322781722083,46.02070042883919,1.9197511339785898,80
tep,ar1,gru_s7,regime_setpt18,1.0,36.8186315977588,35.017265030306014,38.69889628012137,92.1345534215309,2.502389399695649,80
tep,ar1,gru_s7,regime_setpt18,1.5,,,,,,0
tep,ar1,gru_s7,regime_setpt18,2.0,,,,,,0
tep,ar1,gru_s7,regime_setpt18,2.5,,,,,,0
tep,ar1,mlp_s123,regime_setpt18,0.0,1.583352650757997,1.5035461103377756,1.6674912590836632,1.0468256321271179,0.6611449645320466,80
tep,ar1,mlp_s123,regime_setpt18,0.25,1.0348639665656247,1.033725156629457,1.036035119348421,23.040513475630068,22.264291945630305,80
tep,ar1,mlp_s123,regime_setpt18,0.5,1.033447009982541,1.0329341170119064,1.0339838315848813,46.02070042883919,44.531262836220954,80
tep,ar1,mlp_s123,regime_setpt18,1.0,1.0293069985377172,1.0290043620485652,1.0296158528829527,92.1345534215309,89.51124742416175,80
tep,ar1,mlp_s123,regime_setpt18,1.5,,,,,,0
tep,ar1,mlp_s123,regime_setpt18,2.0,,,,,,0
tep,ar1,mlp_s123,regime_setpt18,2.5,,,,,,0
tep,ar1,mlp_s2024,regime_setpt18,0.0,1.563574581109023,1.4894987052643889,1.6416576604531585,1.0468256321271179,0.6695079625716467,80
tep,ar1,mlp_s2024,regime_setpt18,0.25,1.1447631886082104,1.1434590493918362,1.1460980316482672,23.040513475630068,20.126881878200898,80
tep,ar1,mlp_s2024,regime_setpt18,0.5,1.14479645207345,1.1441745990132526,1.1454437814167222,46.02070042883919,40.19989784689385,80
tep,ar1,mlp_s2024,regime_setpt18,1.0,1.1381843061016381,1.1377407719651926,1.138623608808308,92.1345534215309,80.94871184535857,80
tep,ar1,mlp_s2024,regime_setpt18,1.5,,,,,,0
tep,ar1,mlp_s2024,regime_setpt18,2.0,,,,,,0
tep,ar1,mlp_s2024,regime_setpt18,2.5,,,,,,0
tep,ar1,mlp_s31337,regime_setpt18,0.0,1.6003282223502304,1.5224003759495464,1.6796271175716797,1.0468256321271179,0.6541318321498807,80
tep,ar1,mlp_s31337,regime_setpt18,0.25,1.0388836249306965,1.0378639597257329,1.039917702598538,23.040513475630068,22.178146736278656,80
tep,ar1,mlp_s31337,regime_setpt18,0.5,1.0387861808454382,1.038292956202989,1.0392863431288797,46.02070042883919,44.30238029484015,80
tep,ar1,mlp_s31337,regime_setpt18,1.0,1.0403352168404874,1.04010437124616,1.0405567711140122,92.1345534215309,88.56237098398421,80
tep,ar1,mlp_s31337,regime_setpt18,1.5,,,,,,0
tep,ar1,mlp_s31337,regime_setpt18,2.0,,,,,,0
tep,ar1,mlp_s31337,regime_setpt18,2.5,,,,,,0
tep,ar1,mlp_s42,regime_setpt18,0.0,1.565743203772705,1.4882237348054497,1.6450410078711748,1.0468256321271179,0.6685806648272592,80
tep,ar1,mlp_s42,regime_setpt18,0.25,1.024935280314352,1.0239604090013483,1.0259436416547774,23.040513475630068,22.479969143576987,80
tep,ar1,mlp_s42,regime_setpt18,0.5,1.0213753410002773,1.020823971057141,1.0219088300943178,46.02070042883919,45.057579306515386,80
tep,ar1,mlp_s42,regime_setpt18,1.0,1.0095258806250849,1.0089982004768392,1.0100682394815454,92.1345534215309,91.26517228511509,80
tep,ar1,mlp_s42,regime_setpt18,1.5,,,,,,0
tep,ar1,mlp_s42,regime_setpt18,2.0,,,,,,0
tep,ar1,mlp_s42,regime_setpt18,2.5,,,,,,0
tep,ar1,mlp_s7,regime_setpt18,0.0,1.5593432585056677,1.482799552709485,1.640938545579044,1.0468256321271179,0.6713246916078632,80
tep,ar1,mlp_s7,regime_setpt18,0.25,1.0981187355145234,1.096486613538739,1.099841728993227,23.040513475630068,20.981805273392805,80
tep,ar1,mlp_s7,regime_setpt18,0.5,1.097943126089514,1.0971253002910732,1.098773124033639,46.02070042883919,41.915377340854334,80
tep,ar1,mlp_s7,regime_setpt18,1.0,1.094474903813696,1.093915252394545,1.0950125688596046,92.1345534215309,84.1815130712346,80
tep,ar1,mlp_s7,regime_setpt18,1.5,,,,,,0
tep,ar1,mlp_s7,regime_setpt18,2.0,,,,,,0
tep,ar1,mlp_s7,regime_setpt18,2.5,,,,,,0
tep,ar1,ridge,regime_setpt18,0.0,1.6017817906234924,1.51940006243594,1.6887973010998765,1.0468256321271179,0.6535382274009007,80
tep,ar1,ridge,regime_setpt18,0.25,0.958142721856873,0.9572919607488176,0.9590201678839622,23.040513475630068,24.047057865218385,80
tep,ar1,ridge,regime_setpt18,0.5,0.957025181266143,0.9566893237811032,0.9573778035244486,46.02070042883919,48.08724088947573,80
tep,ar1,ridge,regime_setpt18,1.0,0.9590285428431484,0.9588511010723643,0.959196050545113,92.1345534215309,96.0707104174268,80
tep,ar1,ridge,regime_setpt18,1.5,,,,,,0
tep,ar1,ridge,regime_setpt18,2.0,,,,,,0
tep,ar1,ridge,regime_setpt18,2.5,,,,,,0
