reference,model,domain,severity,skill,method
persistence,dlinear,actuation_idv6,0.0,1.7819072008132935,exact rescaling of published aggregate; no per-episode CI
persistence,dlinear,actuation_idv6,0.35,1.7844301462173464,exact rescaling of published aggregate; no per-episode CI
persistence,dlinear,actuation_idv6,0.75,1.7092058658599851,exact rescaling of published aggregate; no per-episode CI
persistence,dlinear,actuation_idv6,1.0,1.5498629808425903,exact rescaling of published aggregate; no per-episode CI
history_mean,dlinear,actuation_idv6,0.0,1.7482201093957745,exact rescaling of published aggregate; no per-episode CI
history_mean,dlinear,actuation_idv6,0.35,1.748675330108799,exact rescaling of published aggregate; no per-episode CI
history_mean,dlinear,actuation_idv6,0.75,1.6730235471405068,exact rescaling of published aggregate; no per-episode CI
history_mean,dlinear,actuation_idv6,1.0,1.538862954676934,exact rescaling of published aggregate; no per-episode CI
drift,dlinear,actuation_idv6,0.0,3.0869088908266913,exact rescaling of published aggregate; no per-episode CI
drift,dlinear,actuation_idv6,0.35,3.1134163512539117,exact rescaling of published aggregate; no per-episode CI
drift,dlinear,actuation_idv6,0.75,2.9932640510907276,exact rescaling of published aggregate; no per-episode CI
drift,dlinear,actuation_idv6,1.0,2.6373548476107125,exact rescaling of published aggregate; no per-episode CI
ar1,dlinear,actuation_idv6,0.0,1.4249260621434383,exact rescaling of published aggregate; no per-episode CI
ar1,dlinear,actuation_idv6,0.35,1.418933492333686,exact rescaling of published aggregate; no per-episode CI
ar1,dlinear,actuation_idv6,0.75,1.3653350861434694,exact rescaling of published aggregate; no per-episode CI
ar1,dlinear,actuation_idv6,1.0,1.283598756018892,exact rescaling of published aggregate; no per-episode CI
persistence,patchtf,actuation_idv6,0.0,1.9930928945541382,exact rescaling of published aggregate; no per-episode CI
persistence,patchtf,actuation_idv6,0.35,1.9749737977981567,exact rescaling of published aggregate; no per-episode CI
persistence,patchtf,actuation_idv6,0.75,1.819649338722229,exact rescaling of published aggregate; no per-episode CI
persistence,patchtf,actuation_idv6,1.0,1.6012663841247559,exact rescaling of published aggregate; no per-episode CI
history_mean,patchtf,actuation_idv6,0.0,1.955413321503528,exact rescaling of published aggregate; no per-episode CI
history_mean,patchtf,actuation_idv6,0.35,1.93540103833253,exact rescaling of published aggregate; no per-episode CI
history_mean,patchtf,actuation_idv6,0.75,1.7811290330958445,exact rescaling of published aggregate; no per-episode CI
history_mean,patchtf,actuation_idv6,1.0,1.5899015264945784,exact rescaling of published aggregate; no per-episode CI
drift,patchtf,actuation_idv6,0.0,3.45275902899689,exact rescaling of published aggregate; no per-episode CI
drift,patchtf,actuation_idv6,0.35,3.4458707887206197,exact rescaling of published aggregate; no per-episode CI
drift,patchtf,actuation_idv6,0.75,3.186679299422931,exact rescaling of published aggregate; no per-episode CI
drift,patchtf,actuation_idv6,1.0,2.7248264605891737,exact rescaling of published aggregate; no per-episode CI
ar1,patchtf,actuation_idv6,0.0,1.5938035428707316,exact rescaling of published aggregate; no per-episode CI
ar1,patchtf,actuation_idv6,0.35,1.5704489604805918,exact rescaling of published aggregate; no per-episode CI
ar1,patchtf,actuation_idv6,0.75,1.453558717682719,exact rescaling of published aggregate; no per-episode CI
ar1,patchtf,actuation_idv6,1.0,1.32617112875358,exact rescaling of published aggregate; no per-episode CI
persistence,dlinear_s42,actuation_idv6,0.0,1.7994544506072996,exact rescaling of published aggregate; no per-episode CI
persistence,dlinear_s42,actuation_idv6,0.35,1.8062013387680054,exact rescaling of published aggregate; no per-episode CI
persistence,dlinear_s42,actuation_idv6,0.75,1.7475200891494753,exact rescaling of published aggregate; no per-episode CI
persistence,dlinear_s42,actuation_idv6,1.0,1.5921522378921509,exact rescaling of published aggregate; no per-episode CI
history_mean,dlinear_s42,actuation_idv6,0.0,1.7654356270952773,exact rescaling of published aggregate; no per-episode CI
history_mean,dlinear_s42,actuation_idv6,0.35,1.7700102909651199,exact rescaling of published aggregate; no per-episode CI
history_mean,dlinear_s42,actuation_idv6,0.75,1.7105266935046015,exact rescaling of published aggregate; no per-episode CI
history_mean,dlinear_s42,actuation_idv6,1.0,1.5808520671718973,exact rescaling of published aggregate; no per-episode CI
drift,dlinear_s42,actuation_idv6,0.0,3.11730708517371,exact rescaling of published aggregate; no per-episode CI
drift,dlinear_s42,actuation_idv6,0.35,3.151402028091532,exact rescaling of published aggregate; no per-episode CI
drift,dlinear_s42,actuation_idv6,0.75,3.060362221948098,exact rescaling of published aggregate; no per-episode CI
drift,dlinear_s42,actuation_idv6,1.0,2.7093171942569167,exact rescaling of published aggregate; no per-episode CI
ar1,dlinear_s42,actuation_idv6,0.0,1.4389579564749773,exact rescaling of published aggregate; no per-episode CI
ar1,dlinear_s42,actuation_idv6,0.35,1.4362453912296227,exact rescaling of published aggregate; no per-episode CI
ar1,dlinear_s42,actuation_idv6,0.75,1.3959409683255755,exact rescaling of published aggregate; no per-episode CI
ar1,dlinear_s42,actuation_idv6,1.0,1.3186227796988874,exact rescaling of published aggregate; no per-episode CI
persistence,dlinear_s123,actuation_idv6,0.0,1.8065581321716306,exact rescaling of published aggregate; no per-episode CI
persistence,dlinear_s123,actuation_idv6,0.35,1.8136659860610962,exact rescaling of published aggregate; no per-episode CI
persistence,dlinear_s123,actuation_idv6,0.75,1.7580111026763918,exact rescaling of published aggregate; no per-episode CI
persistence,dlinear_s123,actuation_idv6,1.0,1.6026973724365237,exact rescaling of published aggregate; no per-episode CI
history_mean,dlinear_s123,actuation_idv6,0.0,1.772405013018315,exact rescaling of published aggregate; no per-episode CI
history_mean,dlinear_s123,actuation_idv6,0.35,1.7773253683286476,exact rescaling of published aggregate; no per-episode CI
history_mean,dlinear_s123,actuation_idv6,0.75,1.7207956219084186,exact rescaling of published aggregate; no per-episode CI
history_mean,dlinear_s123,actuation_idv6,1.0,1.5913223584834537,exact rescaling of published aggregate; no per-episode CI
drift,dlinear_s123,actuation_idv6,0.0,3.1296132354426613,exact rescaling of published aggregate; no per-episode CI
drift,dlinear_s123,actuation_idv6,0.35,3.164426104706645,exact rescaling of published aggregate; no per-episode CI
drift,dlinear_s123,actuation_idv6,0.75,3.078734715441634,exact rescaling of published aggregate; no per-episode CI
drift,dlinear_s123,actuation_idv6,1.0,2.7272615300163197,exact rescaling of published aggregate; no per-episode CI
ar1,dlinear_s123,actuation_idv6,0.0,1.444638510991825,exact rescaling of published aggregate; no per-episode CI
ar1,dlinear_s123,actuation_idv6,0.35,1.4421810890069087,exact rescaling of published aggregate; no per-episode CI
ar1,dlinear_s123,actuation_idv6,0.75,1.4043213215314767,exact rescaling of published aggregate; no per-episode CI
ar1,dlinear_s123,actuation_idv6,1.0,1.3273562753372241,exact rescaling of published aggregate; no per-episode CI
persistence,dlinear_s7,actuation_idv6,0.0,1.7984269857406616,exact rescaling of published aggregate; no per-episode CI
persistence,dlinear_s7,actuation_idv6,0.35,1.8052976131439207,exact rescaling of published aggregate; no per-episode CI
persistence,dlinear_s7,actuation_idv6,0.75,1.7520517110824587,exact rescaling of published aggregate; no per-episode CI
persistence,dlinear_s7,actuation_idv6,1.0,1.604338884353638,exact rescaling of published aggregate; no per-episode CI
history_mean,dlinear_s7,actuation_idv6,0.0,1.7644275865302388,exact rescaling of published aggregate; no per-episode CI
history_mean,dlinear_s7,actuation_idv6,0.35,1.7691246733872203,exact rescaling of published aggregate; no per-episode CI
history_mean,dlinear_s7,actuation_idv6,0.75,1.714962385162379,exact rescaling of published aggregate; no per-episode CI
history_mean,dlinear_s7,actuation_idv6,1.0,1.592952219903548,exact rescaling of published aggregate; no per-episode CI
drift,dlinear_s7,actuation_idv6,0.0,3.115527143754544,exact rescaling of published aggregate; no per-episode CI
drift,dlinear_s7,actuation_idv6,0.35,3.1498252366766164,exact rescaling of published aggregate; no per-episode CI
drift,dlinear_s7,actuation_idv6,0.75,3.0682982706687754,exact rescaling of published aggregate; no per-episode CI
drift,dlinear_s7,actuation_idv6,1.0,2.730054841080281,exact rescaling of published aggregate; no per-episode CI
ar1,dlinear_s7,actuation_idv6,0.0,1.438136330373606,exact rescaling of published aggregate; no per-episode CI
ar1,dlinear_s7,actuation_idv6,0.35,1.4355267715859164,exact rescaling of published aggregate; no per-episode CI
ar1,dlinear_s7,actuation_idv6,0.75,1.3995608847708814,exact rescaling of published aggregate; no per-episode CI
ar1,dlinear_s7,actuation_idv6,1.0,1.3287157778744438,exact rescaling of published aggregate; no per-episode CI
persistence,dlinear_s2024,actuation_idv6,0.0,1.7018654346466064,exact rescaling of published aggregate; no per-episode CI
persistence,dlinear_s2024,actuation_idv6,0.35,1.6886417865753176,exact rescaling of published aggregate; no per-episode CI
persistence,dlinear_s2024,actuation_idv6,0.75,1.5479875802993772,exact rescaling of published aggregate; no per-episode CI
persistence,dlinear_s2024,actuation_idv6,1.0,1.3712007999420168,exact rescaling of published aggregate; no per-episode CI
history_mean,dlinear_s2024,actuation_idv6,0.0,1.6696915389178677,exact rescaling of published aggregate; no per-episode CI
history_mean,dlinear_s2024,actuation_idv6,0.35,1.654806291988882,exact rescaling of published aggregate; no per-episode CI
history_mean,dlinear_s2024,actuation_idv6,0.75,1.5152181046481779,exact rescaling of published aggregate; no per-episode CI
history_mean,dlinear_s2024,actuation_idv6,1.0,1.361468814041217,exact rescaling of published aggregate; no per-episode CI
drift,dlinear_s2024,actuation_idv6,0.0,2.9482475511650943,exact rescaling of published aggregate; no per-episode CI
drift,dlinear_s2024,actuation_idv6,0.35,2.9462879008623557,exact rescaling of published aggregate; no per-episode CI
drift,dlinear_s2024,actuation_idv6,0.75,2.7109288987337337,exact rescaling of published aggregate; no per-episode CI
drift,dlinear_s2024,actuation_idv6,1.0,2.3333308308381704,exact rescaling of published aggregate; no per-episode CI
ar1,dlinear_s2024,actuation_idv6,0.0,1.3609195871604274,exact rescaling of published aggregate; no per-episode CI
ar1,dlinear_s2024,actuation_idv6,0.35,1.3427650236716326,exact rescaling of published aggregate; no per-episode CI
ar1,dlinear_s2024,actuation_idv6,0.75,1.2365518972950953,exact rescaling of published aggregate; no per-episode CI
ar1,dlinear_s2024,actuation_idv6,1.0,1.1356304801220627,exact rescaling of published aggregate; no per-episode CI
persistence,dlinear_s31337,actuation_idv6,0.0,1.8080322742462156,exact rescaling of published aggregate; no per-episode CI
persistence,dlinear_s31337,actuation_idv6,0.35,1.8152778148651123,exact rescaling of published aggregate; no per-episode CI
persistence,dlinear_s31337,actuation_idv6,0.75,1.7620782852172852,exact rescaling of published aggregate; no per-episode CI
persistence,dlinear_s31337,actuation_idv6,1.0,1.6091004610061646,exact rescaling of published aggregate; no per-episode CI
history_mean,dlinear_s31337,actuation_idv6,0.0,1.7738512863246465,exact rescaling of published aggregate; no per-episode CI
history_mean,dlinear_s31337,actuation_idv6,0.35,1.7789049007479565,exact rescaling of published aggregate; no per-episode CI
history_mean,dlinear_s31337,actuation_idv6,0.75,1.7247767059295702,exact rescaling of published aggregate; no per-episode CI
history_mean,dlinear_s31337,actuation_idv6,1.0,1.5976800016539352,exact rescaling of published aggregate; no per-episode CI
drift,dlinear_s31337,actuation_idv6,0.0,3.1321669836256762,exact rescaling of published aggregate; no per-episode CI
drift,dlinear_s31337,actuation_idv6,0.35,3.1672383717850083,exact rescaling of published aggregate; no per-episode CI
drift,dlinear_s31337,actuation_idv6,0.75,3.085857409981858,exact rescaling of published aggregate; no per-episode CI
drift,dlinear_s31337,actuation_idv6,1.0,2.7381574717141093,exact rescaling of published aggregate; no per-episode CI
ar1,dlinear_s31337,actuation_idv6,0.0,1.4458173285309313,exact rescaling of published aggregate; no per-episode CI
ar1,dlinear_s31337,actuation_idv6,0.35,1.4434627742994233,exact rescaling of published aggregate; no per-episode CI
ar1,dlinear_s31337,actuation_idv6,0.75,1.4075702379643946,exact rescaling of published aggregate; no per-episode CI
ar1,dlinear_s31337,actuation_idv6,1.0,1.3326593225254355,exact rescaling of published aggregate; no per-episode CI
persistence,patchtf_s42,actuation_idv6,0.0,1.9912822246551514,exact rescaling of published aggregate; no per-episode CI
persistence,patchtf_s42,actuation_idv6,0.35,1.9749917984008787,exact rescaling of published aggregate; no per-episode CI
persistence,patchtf_s42,actuation_idv6,0.75,1.826686978340149,exact rescaling of published aggregate; no per-episode CI
persistence,patchtf_s42,actuation_idv6,1.0,1.612227201461792,exact rescaling of published aggregate; no per-episode CI
history_mean,patchtf_s42,actuation_idv6,0.0,1.9536368824569597,exact rescaling of published aggregate; no per-episode CI
history_mean,patchtf_s42,actuation_idv6,0.35,1.935418678255266,exact rescaling of published aggregate; no per-episode CI
history_mean,patchtf_s42,actuation_idv6,0.75,1.7880176923452937,exact rescaling of published aggregate; no per-episode CI
history_mean,patchtf_s42,actuation_idv6,1.0,1.6007845503240627,exact rescaling of published aggregate; no per-episode CI
drift,patchtf_s42,actuation_idv6,0.0,3.449622292691552,exact rescaling of published aggregate; no per-episode CI
drift,patchtf_s42,actuation_idv6,0.35,3.4459021955935456,exact rescaling of published aggregate; no per-episode CI
drift,patchtf_s42,actuation_idv6,0.75,3.1990040369478945,exact rescaling of published aggregate; no per-episode CI
drift,patchtf_s42,actuation_idv6,1.0,2.7434781511546795,exact rescaling of published aggregate; no per-episode CI
ar1,patchtf_s42,actuation_idv6,0.0,1.5923556163300974,exact rescaling of published aggregate; no per-episode CI
ar1,patchtf_s42,actuation_idv6,0.35,1.570463274102304,exact rescaling of published aggregate; no per-episode CI
ar1,patchtf_s42,actuation_idv6,0.75,1.4591804724905546,exact rescaling of published aggregate; no per-episode CI
ar1,patchtf_s42,actuation_idv6,1.0,1.335248893480318,exact rescaling of published aggregate; no per-episode CI
persistence,patchtf_s123,actuation_idv6,0.0,1.988773703575134,exact rescaling of published aggregate; no per-episode CI
persistence,patchtf_s123,actuation_idv6,0.35,1.9763652086257932,exact rescaling of published aggregate; no per-episode CI
persistence,patchtf_s123,actuation_idv6,0.75,1.8329894542694094,exact rescaling of published aggregate; no per-episode CI
persistence,patchtf_s123,actuation_idv6,1.0,1.6141653060913088,exact rescaling of published aggregate; no per-episode CI
history_mean,patchtf_s123,actuation_idv6,0.0,1.9511757851591165,exact rescaling of published aggregate; no per-episode CI
history_mean,patchtf_s123,actuation_idv6,0.35,1.9367645693138307,exact rescaling of published aggregate; no per-episode CI
history_mean,patchtf_s123,actuation_idv6,0.75,1.7941867506463156,exact rescaling of published aggregate; no per-episode CI
history_mean,patchtf_s123,actuation_idv6,1.0,1.6027088994139604,exact rescaling of published aggregate; no per-episode CI
drift,patchtf_s123,actuation_idv6,0.0,3.4452766252958558,exact rescaling of published aggregate; no per-episode CI
drift,patchtf_s123,actuation_idv6,0.35,3.4482984776000407,exact rescaling of published aggregate; no per-episode CI
drift,patchtf_s123,actuation_idv6,0.75,3.2100413116312616,exact rescaling of published aggregate; no per-episode CI
drift,patchtf_s123,actuation_idv6,1.0,2.7467761650455937,exact rescaling of published aggregate; no per-episode CI
ar1,patchtf_s123,actuation_idv6,0.0,1.590349643705529,exact rescaling of published aggregate; no per-episode CI
ar1,patchtf_s123,actuation_idv6,0.35,1.5715553750012805,exact rescaling of published aggregate; no per-episode CI
ar1,patchtf_s123,actuation_idv6,0.75,1.4642149693219026,exact rescaling of published aggregate; no per-episode CI
ar1,patchtf_s123,actuation_idv6,1.0,1.336854034529709,exact rescaling of published aggregate; no per-episode CI
persistence,patchtf_s7,actuation_idv6,0.0,1.9976102113723757,exact rescaling of published aggregate; no per-episode CI
persistence,patchtf_s7,actuation_idv6,0.35,1.9753137826919556,exact rescaling of published aggregate; no per-episode CI
persistence,patchtf_s7,actuation_idv6,0.75,1.8125038146972658,exact rescaling of published aggregate; no per-episode CI
persistence,patchtf_s7,actuation_idv6,1.0,1.5896122455596924,exact rescaling of published aggregate; no per-episode CI
history_mean,patchtf_s7,actuation_idv6,0.0,1.9598452381030849,exact rescaling of published aggregate; no per-episode CI
history_mean,patchtf_s7,actuation_idv6,0.35,1.9357342109129503,exact rescaling of published aggregate; no per-episode CI
history_mean,patchtf_s7,actuation_idv6,0.75,1.7741347732531854,exact rescaling of published aggregate; no per-episode CI
history_mean,patchtf_s7,actuation_idv6,1.0,1.578330102227965,exact rescaling of published aggregate; no per-episode CI
drift,patchtf_s7,actuation_idv6,0.0,3.460584658436253,exact rescaling of published aggregate; no per-episode CI
drift,patchtf_s7,actuation_idv6,0.35,3.4464639834331035,exact rescaling of published aggregate; no per-episode CI
drift,patchtf_s7,actuation_idv6,0.75,3.1741656282395208,exact rescaling of published aggregate; no per-episode CI
drift,patchtf_s7,actuation_idv6,1.0,2.7049949663092168,exact rescaling of published aggregate; no per-episode CI
ar1,patchtf_s7,actuation_idv6,0.0,1.5974158760283321,exact rescaling of published aggregate; no per-episode CI
ar1,patchtf_s7,actuation_idv6,0.35,1.5707193078257773,exact rescaling of published aggregate; no per-episode CI
ar1,patchtf_s7,actuation_idv6,0.75,1.4478507834572212,exact rescaling of published aggregate; no per-episode CI
ar1,patchtf_s7,actuation_idv6,1.0,1.3165191543858492,exact rescaling of published aggregate; no per-episode CI
persistence,patchtf_s2024,actuation_idv6,0.0,1.987910270690918,exact rescaling of published aggregate; no per-episode CI
persistence,patchtf_s2024,actuation_idv6,0.35,1.9658108949661253,exact rescaling of published aggregate; no per-episode CI
persistence,patchtf_s2024,actuation_idv6,0.75,1.797652006149292,exact rescaling of published aggregate; no per-episode CI
persistence,patchtf_s2024,actuation_idv6,1.0,1.5799325704574585,exact rescaling of published aggregate; no per-episode CI
history_mean,patchtf_s2024,actuation_idv6,0.0,1.950328675539372,exact rescaling of published aggregate; no per-episode CI
history_mean,patchtf_s2024,actuation_idv6,0.35,1.9264217335564238,exact rescaling of published aggregate; no per-episode CI
history_mean,patchtf_s2024,actuation_idv6,0.75,1.7595973638546512,exact rescaling of published aggregate; no per-episode CI
history_mean,patchtf_s2024,actuation_idv6,1.0,1.5687191278307067,exact rescaling of published aggregate; no per-episode CI
drift,patchtf_s2024,actuation_idv6,0.0,3.4437808467021656,exact rescaling of published aggregate; no per-episode CI
drift,patchtf_s2024,actuation_idv6,0.35,3.4298836504385917,exact rescaling of published aggregate; no per-episode CI
drift,patchtf_s2024,actuation_idv6,0.75,3.148156248381721,exact rescaling of published aggregate; no per-episode CI
drift,patchtf_s2024,actuation_idv6,1.0,2.688523356644539,exact rescaling of published aggregate; no per-episode CI
ar1,patchtf_s2024,actuation_idv6,0.0,1.589659187985349,exact rescaling of published aggregate; no per-episode CI
ar1,patchtf_s2024,actuation_idv6,0.35,1.5631628530681332,exact rescaling of published aggregate; no per-episode CI
ar1,patchtf_s2024,actuation_idv6,0.75,1.4359869724861354,exact rescaling of published aggregate; no per-episode CI
ar1,patchtf_s2024,actuation_idv6,1.0,1.3085024335056978,exact rescaling of published aggregate; no per-episode CI
persistence,patchtf_s31337,actuation_idv6,0.0,1.9999471902847292,exact rescaling of published aggregate; no per-episode CI
persistence,patchtf_s31337,actuation_idv6,0.35,1.9824596643447876,exact rescaling of published aggregate; no per-episode CI
persistence,patchtf_s31337,actuation_idv6,0.75,1.828881859779358,exact rescaling of published aggregate; no per-episode CI
persistence,patchtf_s31337,actuation_idv6,1.0,1.611004114151001,exact rescaling of published aggregate; no per-episode CI
history_mean,patchtf_s31337,actuation_idv6,0.0,1.9621380362510163,exact rescaling of published aggregate; no per-episode CI
history_mean,patchtf_s31337,actuation_idv6,0.35,1.9427369097771638,exact rescaling of published aggregate; no per-episode CI
history_mean,patchtf_s31337,actuation_idv6,0.75,1.790166110159862,exact rescaling of published aggregate; no per-episode CI
history_mean,patchtf_s31337,actuation_idv6,1.0,1.599570143775757,exact rescaling of published aggregate; no per-episode CI
drift,patchtf_s31337,actuation_idv6,0.0,3.464633152644552,exact rescaling of published aggregate; no per-episode CI
drift,patchtf_s31337,actuation_idv6,0.35,3.458931888007129,exact rescaling of published aggregate; no per-episode CI
drift,patchtf_s31337,actuation_idv6,0.75,3.2028478452565468,exact rescaling of published aggregate; no per-episode CI
drift,patchtf_s31337,actuation_idv6,1.0,2.7413968605580017,exact rescaling of published aggregate; no per-episode CI
ar1,patchtf_s31337,actuation_idv6,0.0,1.599284672651059,exact rescaling of published aggregate; no per-episode CI
ar1,patchtf_s31337,actuation_idv6,0.35,1.5764015312689026,exact rescaling of published aggregate; no per-episode CI
ar1,patchtf_s31337,actuation_idv6,0.75,1.460933771317065,exact rescaling of published aggregate; no per-episode CI
ar1,patchtf_s31337,actuation_idv6,1.0,1.334235930805527,exact rescaling of published aggregate; no per-episode CI
persistence,dlinear,dynamics_idv13,0.0,1.7819072008132935,exact rescaling of published aggregate; no per-episode CI
persistence,dlinear,dynamics_idv13,1.0,1.7096035480499265,exact rescaling of published aggregate; no per-episode CI
persistence,dlinear,dynamics_idv13,3.0,1.432438850402832,exact rescaling of published aggregate; no per-episode CI
persistence,dlinear,dynamics_idv13,6.0,1.3601330518722534,exact rescaling of published aggregate; no per-episode CI
history_mean,dlinear,dynamics_idv13,0.0,1.7482201093957745,exact rescaling of published aggregate; no per-episode CI
history_mean,dlinear,dynamics_idv13,1.0,1.6846822182867547,exact rescaling of published aggregate; no per-episode CI
history_mean,dlinear,dynamics_idv13,3.0,1.4278163111581204,exact rescaling of published aggregate; no per-episode CI
history_mean,dlinear,dynamics_idv13,6.0,1.3643301026849082,exact rescaling of published aggregate; no per-episode CI
drift,dlinear,dynamics_idv13,0.0,3.0869088908266913,exact rescaling of published aggregate; no per-episode CI
drift,dlinear,dynamics_idv13,1.0,2.898146182974556,exact rescaling of published aggregate; no per-episode CI
drift,dlinear,dynamics_idv13,3.0,2.190592784888285,exact rescaling of published aggregate; no per-episode CI
drift,dlinear,dynamics_idv13,6.0,1.98012077531236,exact rescaling of published aggregate; no per-episode CI
ar1,dlinear,dynamics_idv13,0.0,1.4249260621434383,exact rescaling of published aggregate; no per-episode CI
ar1,dlinear,dynamics_idv13,1.0,1.3842750647102653,exact rescaling of published aggregate; no per-episode CI
ar1,dlinear,dynamics_idv13,3.0,1.2303317731571686,exact rescaling of published aggregate; no per-episode CI
ar1,dlinear,dynamics_idv13,6.0,1.1955756292128614,exact rescaling of published aggregate; no per-episode CI
persistence,patchtf,dynamics_idv13,0.0,1.9930928945541382,exact rescaling of published aggregate; no per-episode CI
persistence,patchtf,dynamics_idv13,1.0,1.8844878673553467,exact rescaling of published aggregate; no per-episode CI
persistence,patchtf,dynamics_idv13,3.0,1.5119343996047971,exact rescaling of published aggregate; no per-episode CI
persistence,patchtf,dynamics_idv13,6.0,1.4174951314926147,exact rescaling of published aggregate; no per-episode CI
history_mean,patchtf,dynamics_idv13,0.0,1.955413321503528,exact rescaling of published aggregate; no per-episode CI
history_mean,patchtf,dynamics_idv13,1.0,1.8570172039780803,exact rescaling of published aggregate; no per-episode CI
history_mean,patchtf,dynamics_idv13,3.0,1.5070553249443768,exact rescaling of published aggregate; no per-episode CI
history_mean,patchtf,dynamics_idv13,6.0,1.4218691881963879,exact rescaling of published aggregate; no per-episode CI
drift,patchtf,dynamics_idv13,0.0,3.45275902899689,exact rescaling of published aggregate; no per-episode CI
drift,patchtf,dynamics_idv13,1.0,3.1946127661395463,exact rescaling of published aggregate; no per-episode CI
drift,patchtf,dynamics_idv13,3.0,2.3121633332321703,exact rescaling of published aggregate; no per-episode CI
drift,patchtf,dynamics_idv13,6.0,2.0636301389110523,exact rescaling of published aggregate; no per-episode CI
ar1,patchtf,dynamics_idv13,0.0,1.5938035428707316,exact rescaling of published aggregate; no per-episode CI
ar1,patchtf,dynamics_idv13,1.0,1.5258798260594448,exact rescaling of published aggregate; no per-episode CI
ar1,patchtf,dynamics_idv13,3.0,1.2986110578053416,exact rescaling of published aggregate; no per-episode CI
ar1,patchtf,dynamics_idv13,6.0,1.245997684864453,exact rescaling of published aggregate; no per-episode CI
persistence,dlinear_s42,dynamics_idv13,0.0,1.7994544506072996,exact rescaling of published aggregate; no per-episode CI
persistence,dlinear_s42,dynamics_idv13,1.0,1.7224771976470947,exact rescaling of published aggregate; no per-episode CI
persistence,dlinear_s42,dynamics_idv13,3.0,1.4385062456130981,exact rescaling of published aggregate; no per-episode CI
persistence,dlinear_s42,dynamics_idv13,6.0,1.3635588884353638,exact rescaling of published aggregate; no per-episode CI
history_mean,dlinear_s42,dynamics_idv13,0.0,1.7654356270952773,exact rescaling of published aggregate; no per-episode CI
history_mean,dlinear_s42,dynamics_idv13,1.0,1.6973682053891692,exact rescaling of published aggregate; no per-episode CI
history_mean,dlinear_s42,dynamics_idv13,3.0,1.4338641266338208,exact rescaling of published aggregate; no per-episode CI
history_mean,dlinear_s42,dynamics_idv13,6.0,1.3677665105741925,exact rescaling of published aggregate; no per-episode CI
drift,dlinear_s42,dynamics_idv13,0.0,3.11730708517371,exact rescaling of published aggregate; no per-episode CI
drift,dlinear_s42,dynamics_idv13,1.0,2.9199697914266687,exact rescaling of published aggregate; no per-episode CI
drift,dlinear_s42,dynamics_idv13,3.0,2.1998715001136766,exact rescaling of published aggregate; no per-episode CI
drift,dlinear_s42,dynamics_idv13,6.0,1.9851082066096892,exact rescaling of published aggregate; no per-episode CI
ar1,dlinear_s42,dynamics_idv13,0.0,1.4389579564749773,exact rescaling of published aggregate; no per-episode CI
ar1,dlinear_s42,dynamics_idv13,1.0,1.3946989271019317,exact rescaling of published aggregate; no per-episode CI
ar1,dlinear_s42,dynamics_idv13,3.0,1.2355431014490483,exact rescaling of published aggregate; no per-episode CI
ar1,dlinear_s42,dynamics_idv13,6.0,1.1985869865935848,exact rescaling of published aggregate; no per-episode CI
persistence,dlinear_s123,dynamics_idv13,0.0,1.8065581321716306,exact rescaling of published aggregate; no per-episode CI
persistence,dlinear_s123,dynamics_idv13,1.0,1.7306653261184692,exact rescaling of published aggregate; no per-episode CI
persistence,dlinear_s123,dynamics_idv13,3.0,1.4427229166030884,exact rescaling of published aggregate; no per-episode CI
persistence,dlinear_s123,dynamics_idv13,6.0,1.3676373958587646,exact rescaling of published aggregate; no per-episode CI
history_mean,dlinear_s123,dynamics_idv13,0.0,1.772405013018315,exact rescaling of published aggregate; no per-episode CI
history_mean,dlinear_s123,dynamics_idv13,1.0,1.7054369734099812,exact rescaling of published aggregate; no per-episode CI
history_mean,dlinear_s123,dynamics_idv13,3.0,1.4380671902526287,exact rescaling of published aggregate; no per-episode CI
history_mean,dlinear_s123,dynamics_idv13,6.0,1.3718576033125904,exact rescaling of published aggregate; no per-episode CI
drift,dlinear_s123,dynamics_idv13,0.0,3.1296132354426613,exact rescaling of published aggregate; no per-episode CI
drift,dlinear_s123,dynamics_idv13,1.0,2.9338504325274006,exact rescaling of published aggregate; no per-episode CI
drift,dlinear_s123,dynamics_idv13,3.0,2.206319949235482,exact rescaling of published aggregate; no per-episode CI
drift,dlinear_s123,dynamics_idv13,6.0,1.9910458148975145,exact rescaling of published aggregate; no per-episode CI
ar1,dlinear_s123,dynamics_idv13,0.0,1.444638510991825,exact rescaling of published aggregate; no per-episode CI
ar1,dlinear_s123,dynamics_idv13,1.0,1.4013288981747554,exact rescaling of published aggregate; no per-episode CI
ar1,dlinear_s123,dynamics_idv13,3.0,1.239164829730487,exact rescaling of published aggregate; no per-episode CI
ar1,dlinear_s123,dynamics_idv13,6.0,1.2021720506226292,exact rescaling of published aggregate; no per-episode CI
persistence,dlinear_s7,dynamics_idv13,0.0,1.7984269857406616,exact rescaling of published aggregate; no per-episode CI
persistence,dlinear_s7,dynamics_idv13,1.0,1.7232887744903564,exact rescaling of published aggregate; no per-episode CI
persistence,dlinear_s7,dynamics_idv13,3.0,1.4383145570755005,exact rescaling of published aggregate; no per-episode CI
persistence,dlinear_s7,dynamics_idv13,6.0,1.3648910522460938,exact rescaling of published aggregate; no per-episode CI
history_mean,dlinear_s7,dynamics_idv13,0.0,1.7644275865302388,exact rescaling of published aggregate; no per-episode CI
history_mean,dlinear_s7,dynamics_idv13,1.0,1.6981679516684605,exact rescaling of published aggregate; no per-episode CI
history_mean,dlinear_s7,dynamics_idv13,3.0,1.4336730566830393,exact rescaling of published aggregate; no per-episode CI
history_mean,dlinear_s7,dynamics_idv13,6.0,1.3691027851292328,exact rescaling of published aggregate; no per-episode CI
drift,dlinear_s7,dynamics_idv13,0.0,3.115527143754544,exact rescaling of published aggregate; no per-episode CI
drift,dlinear_s7,dynamics_idv13,1.0,2.921345588951874,exact rescaling of published aggregate; no per-episode CI
drift,dlinear_s7,dynamics_idv13,3.0,2.199578355643817,exact rescaling of published aggregate; no per-episode CI
drift,dlinear_s7,dynamics_idv13,6.0,1.9870476089601539,exact rescaling of published aggregate; no per-episode CI
ar1,dlinear_s7,dynamics_idv13,0.0,1.438136330373606,exact rescaling of published aggregate; no per-episode CI
ar1,dlinear_s7,dynamics_idv13,1.0,1.3953560651784787,exact rescaling of published aggregate; no per-episode CI
ar1,dlinear_s7,dynamics_idv13,3.0,1.2353784588199475,exact rescaling of published aggregate; no per-episode CI
ar1,dlinear_s7,dynamics_idv13,6.0,1.199757976875775,exact rescaling of published aggregate; no per-episode CI
persistence,dlinear_s2024,dynamics_idv13,0.0,1.7018654346466064,exact rescaling of published aggregate; no per-episode CI
persistence,dlinear_s2024,dynamics_idv13,1.0,1.643914818763733,exact rescaling of published aggregate; no per-episode CI
persistence,dlinear_s2024,dynamics_idv13,3.0,1.4004147052764893,exact rescaling of published aggregate; no per-episode CI
persistence,dlinear_s2024,dynamics_idv13,6.0,1.337992548942566,exact rescaling of published aggregate; no per-episode CI
history_mean,dlinear_s2024,dynamics_idv13,0.0,1.6696915389178677,exact rescaling of published aggregate; no per-episode CI
history_mean,dlinear_s2024,dynamics_idv13,1.0,1.619951050469202,exact rescaling of published aggregate; no per-episode CI
history_mean,dlinear_s2024,dynamics_idv13,3.0,1.3958955092687912,exact rescaling of published aggregate; no per-episode CI
history_mean,dlinear_s2024,dynamics_idv13,6.0,1.3421212793687072,exact rescaling of published aggregate; no per-episode CI
drift,dlinear_s2024,dynamics_idv13,0.0,2.9482475511650943,exact rescaling of published aggregate; no per-episode CI
drift,dlinear_s2024,dynamics_idv13,1.0,2.786789640539683,exact rescaling of published aggregate; no per-episode CI
drift,dlinear_s2024,dynamics_idv13,3.0,2.1416190634367522,exact rescaling of published aggregate; no per-episode CI
drift,dlinear_s2024,dynamics_idv13,6.0,1.9478879950217918,exact rescaling of published aggregate; no per-episode CI
ar1,dlinear_s2024,dynamics_idv13,0.0,1.3609195871604274,exact rescaling of published aggregate; no per-episode CI
ar1,dlinear_s2024,dynamics_idv13,1.0,1.3310865520360242,exact rescaling of published aggregate; no per-episode CI
ar1,dlinear_s2024,dynamics_idv13,3.0,1.2028260103484765,exact rescaling of published aggregate; no per-episode CI
ar1,dlinear_s2024,dynamics_idv13,6.0,1.1761138231161614,exact rescaling of published aggregate; no per-episode CI
persistence,dlinear_s31337,dynamics_idv13,0.0,1.8080322742462156,exact rescaling of published aggregate; no per-episode CI
persistence,dlinear_s31337,dynamics_idv13,1.0,1.7310236692428587,exact rescaling of published aggregate; no per-episode CI
persistence,dlinear_s31337,dynamics_idv13,3.0,1.443170428276062,exact rescaling of published aggregate; no per-episode CI
persistence,dlinear_s31337,dynamics_idv13,6.0,1.367053151130676,exact rescaling of published aggregate; no per-episode CI
history_mean,dlinear_s31337,dynamics_idv13,0.0,1.7738512863246465,exact rescaling of published aggregate; no per-episode CI
history_mean,dlinear_s31337,dynamics_idv13,1.0,1.7057900928746625,exact rescaling of published aggregate; no per-episode CI
history_mean,dlinear_s31337,dynamics_idv13,3.0,1.4385132577869781,exact rescaling of published aggregate; no per-episode CI
history_mean,dlinear_s31337,dynamics_idv13,6.0,1.371271555742635,exact rescaling of published aggregate; no per-episode CI
drift,dlinear_s31337,dynamics_idv13,0.0,3.1321669836256762,exact rescaling of published aggregate; no per-episode CI
drift,dlinear_s31337,dynamics_idv13,1.0,2.934457901293671,exact rescaling of published aggregate; no per-episode CI
drift,dlinear_s31337,dynamics_idv13,3.0,2.2070043176060365,exact rescaling of published aggregate; no per-episode CI
drift,dlinear_s31337,dynamics_idv13,6.0,1.9901952546362502,exact rescaling of published aggregate; no per-episode CI
ar1,dlinear_s31337,dynamics_idv13,0.0,1.4458173285309313,exact rescaling of published aggregate; no per-episode CI
ar1,dlinear_s31337,dynamics_idv13,1.0,1.4016190505040886,exact rescaling of published aggregate; no per-episode CI
ar1,dlinear_s31337,dynamics_idv13,3.0,1.2395492006444444,exact rescaling of published aggregate; no per-episode CI
ar1,dlinear_s31337,dynamics_idv13,6.0,1.2016584914841044,exact rescaling of published aggregate; no per-episode CI
persistence,patchtf_s42,dynamics_idv13,0.0,1.9912822246551514,exact rescaling of published aggregate; no per-episode CI
persistence,patchtf_s42,dynamics_idv13,1.0,1.8779170513153074,exact rescaling of published aggregate; no per-episode CI
persistence,patchtf_s42,dynamics_idv13,3.0,1.5099776983261108,exact rescaling of published aggregate; no per-episode CI
persistence,patchtf_s42,dynamics_idv13,6.0,1.4153573513031006,exact rescaling of published aggregate; no per-episode CI
history_mean,patchtf_s42,dynamics_idv13,0.0,1.9536368824569597,exact rescaling of published aggregate; no per-episode CI
history_mean,patchtf_s42,dynamics_idv13,1.0,1.8505421724101396,exact rescaling of published aggregate; no per-episode CI
history_mean,patchtf_s42,dynamics_idv13,3.0,1.5051049380214119,exact rescaling of published aggregate; no per-episode CI
history_mean,patchtf_s42,dynamics_idv13,6.0,1.4197248113198295,exact rescaling of published aggregate; no per-episode CI
drift,patchtf_s42,dynamics_idv13,0.0,3.449622292691552,exact rescaling of published aggregate; no per-episode CI
drift,patchtf_s42,dynamics_idv13,1.0,3.1834738179037467,exact rescaling of published aggregate; no per-episode CI
drift,patchtf_s42,dynamics_idv13,3.0,2.309170999072798,exact rescaling of published aggregate; no per-episode CI
drift,patchtf_s42,dynamics_idv13,6.0,2.0605178970899445,exact rescaling of published aggregate; no per-episode CI
ar1,patchtf_s42,dynamics_idv13,0.0,1.5923556163300974,exact rescaling of published aggregate; no per-episode CI
ar1,patchtf_s42,dynamics_idv13,1.0,1.5205594014443933,exact rescaling of published aggregate; no per-episode CI
ar1,patchtf_s42,dynamics_idv13,3.0,1.2969304333562992,exact rescaling of published aggregate; no per-episode CI
ar1,patchtf_s42,dynamics_idv13,6.0,1.2441185467230196,exact rescaling of published aggregate; no per-episode CI
persistence,patchtf_s123,dynamics_idv13,0.0,1.988773703575134,exact rescaling of published aggregate; no per-episode CI
persistence,patchtf_s123,dynamics_idv13,1.0,1.8824695348739624,exact rescaling of published aggregate; no per-episode CI
persistence,patchtf_s123,dynamics_idv13,3.0,1.5141736268997192,exact rescaling of published aggregate; no per-episode CI
persistence,patchtf_s123,dynamics_idv13,6.0,1.4192821979522705,exact rescaling of published aggregate; no per-episode CI
history_mean,patchtf_s123,dynamics_idv13,0.0,1.9511757851591165,exact rescaling of published aggregate; no per-episode CI
history_mean,patchtf_s123,dynamics_idv13,1.0,1.855028293247369,exact rescaling of published aggregate; no per-episode CI
history_mean,patchtf_s123,dynamics_idv13,3.0,1.509287326160471,exact rescaling of published aggregate; no per-episode CI
history_mean,patchtf_s123,dynamics_idv13,6.0,1.423661769122975,exact rescaling of published aggregate; no per-episode CI
drift,patchtf_s123,dynamics_idv13,0.0,3.4452766252958558,exact rescaling of published aggregate; no per-episode CI
drift,patchtf_s123,dynamics_idv13,1.0,3.1911912579287276,exact rescaling of published aggregate; no per-episode CI
drift,patchtf_s123,dynamics_idv13,3.0,2.3155877273377907,exact rescaling of published aggregate; no per-episode CI
drift,patchtf_s123,dynamics_idv13,6.0,2.0662318016077696,exact rescaling of published aggregate; no per-episode CI
ar1,patchtf_s123,dynamics_idv13,0.0,1.590349643705529,exact rescaling of published aggregate; no per-episode CI
ar1,patchtf_s123,dynamics_idv13,1.0,1.5242455715391723,exact rescaling of published aggregate; no per-episode CI
ar1,patchtf_s123,dynamics_idv13,3.0,1.3005343458308574,exact rescaling of published aggregate; no per-episode CI
ar1,patchtf_s123,dynamics_idv13,6.0,1.2475685408215278,exact rescaling of published aggregate; no per-episode CI
persistence,patchtf_s7,dynamics_idv13,0.0,1.9976102113723757,exact rescaling of published aggregate; no per-episode CI
persistence,patchtf_s7,dynamics_idv13,1.0,1.8871108293533323,exact rescaling of published aggregate; no per-episode CI
persistence,patchtf_s7,dynamics_idv13,3.0,1.5125517845153809,exact rescaling of published aggregate; no per-episode CI
persistence,patchtf_s7,dynamics_idv13,6.0,1.4174437522888184,exact rescaling of published aggregate; no per-episode CI
history_mean,patchtf_s7,dynamics_idv13,0.0,1.9598452381030849,exact rescaling of published aggregate; no per-episode CI
history_mean,patchtf_s7,dynamics_idv13,1.0,1.8596019303857256,exact rescaling of published aggregate; no per-episode CI
history_mean,patchtf_s7,dynamics_idv13,3.0,1.5076707175283925,exact rescaling of published aggregate; no per-episode CI
history_mean,patchtf_s7,dynamics_idv13,6.0,1.4218176504484485,exact rescaling of published aggregate; no per-episode CI
drift,patchtf_s7,dynamics_idv13,0.0,3.460584658436253,exact rescaling of published aggregate; no per-episode CI
drift,patchtf_s7,dynamics_idv13,1.0,3.199059251590059,exact rescaling of published aggregate; no per-episode CI
drift,patchtf_s7,dynamics_idv13,3.0,2.313107484481798,exact rescaling of published aggregate; no per-episode CI
drift,patchtf_s7,dynamics_idv13,6.0,2.0635553395899744,exact rescaling of published aggregate; no per-episode CI
ar1,patchtf_s7,dynamics_idv13,0.0,1.5974158760283321,exact rescaling of published aggregate; no per-episode CI
ar1,patchtf_s7,dynamics_idv13,1.0,1.5280036523077212,exact rescaling of published aggregate; no per-episode CI
ar1,patchtf_s7,dynamics_idv13,3.0,1.2991413340342675,exact rescaling of published aggregate; no per-episode CI
ar1,patchtf_s7,dynamics_idv13,6.0,1.2459525218388041,exact rescaling of published aggregate; no per-episode CI
persistence,patchtf_s2024,dynamics_idv13,0.0,1.987910270690918,exact rescaling of published aggregate; no per-episode CI
persistence,patchtf_s2024,dynamics_idv13,1.0,1.8814541101455686,exact rescaling of published aggregate; no per-episode CI
persistence,patchtf_s2024,dynamics_idv13,3.0,1.509182333946228,exact rescaling of published aggregate; no per-episode CI
persistence,patchtf_s2024,dynamics_idv13,6.0,1.4152250289916992,exact rescaling of published aggregate; no per-episode CI
history_mean,patchtf_s2024,dynamics_idv13,0.0,1.950328675539372,exact rescaling of published aggregate; no per-episode CI
history_mean,patchtf_s2024,dynamics_idv13,1.0,1.8540276706258938,exact rescaling of published aggregate; no per-episode CI
history_mean,patchtf_s2024,dynamics_idv13,3.0,1.504312140315184,exact rescaling of published aggregate; no per-episode CI
history_mean,patchtf_s2024,dynamics_idv13,6.0,1.419592080692886,exact rescaling of published aggregate; no per-episode CI
drift,patchtf_s2024,dynamics_idv13,0.0,3.4437808467021656,exact rescaling of published aggregate; no per-episode CI
drift,patchtf_s2024,dynamics_idv13,1.0,3.1894698943388775,exact rescaling of published aggregate; no per-episode CI
drift,patchtf_s2024,dynamics_idv13,3.0,2.3079546682874117,exact rescaling of published aggregate; no per-episode CI
drift,patchtf_s2024,dynamics_idv13,6.0,2.0603252584672136,exact rescaling of published aggregate; no per-episode CI
ar1,patchtf_s2024,dynamics_idv13,0.0,1.589659187985349,exact rescaling of published aggregate; no per-episode CI
ar1,patchtf_s2024,dynamics_idv13,1.0,1.523423376748334,exact rescaling of published aggregate; no per-episode CI
ar1,patchtf_s2024,dynamics_idv13,3.0,1.2962472893131647,exact rescaling of published aggregate; no per-episode CI
ar1,patchtf_s2024,dynamics_idv13,6.0,1.2440022335943188,exact rescaling of published aggregate; no per-episode CI
persistence,patchtf_s31337,dynamics_idv13,0.0,1.9999471902847292,exact rescaling of published aggregate; no per-episode CI
persistence,patchtf_s31337,dynamics_idv13,1.0,1.8935647010803223,exact rescaling of published aggregate; no per-episode CI
persistence,patchtf_s31337,dynamics_idv13,3.0,1.5138014554977417,exact rescaling of published aggregate; no per-episode CI
persistence,patchtf_s31337,dynamics_idv13,6.0,1.4201830625534058,exact rescaling of published aggregate; no per-episode CI
history_mean,patchtf_s31337,dynamics_idv13,0.0,1.9621380362510163,exact rescaling of published aggregate; no per-episode CI
history_mean,patchtf_s31337,dynamics_idv13,1.0,1.8659617223678875,exact rescaling of published aggregate; no per-episode CI
history_mean,patchtf_s31337,dynamics_idv13,3.0,1.5089163557709562,exact rescaling of published aggregate; no per-episode CI
history_mean,patchtf_s31337,dynamics_idv13,6.0,1.424565413580464,exact rescaling of published aggregate; no per-episode CI
drift,patchtf_s31337,dynamics_idv13,0.0,3.464633152644552,exact rescaling of published aggregate; no per-episode CI
drift,patchtf_s31337,dynamics_idv13,1.0,3.2099999540308786,exact rescaling of published aggregate; no per-episode CI
drift,patchtf_s31337,dynamics_idv13,3.0,2.315018574952902,exact rescaling of published aggregate; no per-episode CI
drift,patchtf_s31337,dynamics_idv13,6.0,2.0675433061771176,exact rescaling of published aggregate; no per-episode CI
ar1,patchtf_s31337,dynamics_idv13,0.0,1.599284672651059,exact rescaling of published aggregate; no per-episode CI
ar1,patchtf_s31337,dynamics_idv13,1.0,1.5332293864919424,exact rescaling of published aggregate; no per-episode CI
ar1,patchtf_s31337,dynamics_idv13,3.0,1.300214685203959,exact rescaling of published aggregate; no per-episode CI
ar1,patchtf_s31337,dynamics_idv13,6.0,1.248360413176115,exact rescaling of published aggregate; no per-episode CI
persistence,dlinear,obs_bias,0.0,1.7819072008132935,exact rescaling of published aggregate; no per-episode CI
persistence,dlinear,obs_bias,0.25,1.7170077562332153,exact rescaling of published aggregate; no per-episode CI
persistence,dlinear,obs_bias,0.5,1.5779790878295896,exact rescaling of published aggregate; no per-episode CI
persistence,dlinear,obs_bias,1.0,1.3401259183883667,exact rescaling of published aggregate; no per-episode CI
persistence,dlinear,obs_bias,2.0,1.1442017555236816,exact rescaling of published aggregate; no per-episode CI
history_mean,dlinear,obs_bias,0.0,1.7482201093957745,exact rescaling of published aggregate; no per-episode CI
history_mean,dlinear,obs_bias,0.25,1.689956722083632,exact rescaling of published aggregate; no per-episode CI
history_mean,dlinear,obs_bias,0.5,1.560003294638373,exact rescaling of published aggregate; no per-episode CI
history_mean,dlinear,obs_bias,1.0,1.3348570523788585,exact rescaling of published aggregate; no per-episode CI
history_mean,dlinear,obs_bias,2.0,1.1458219096443523,exact rescaling of published aggregate; no per-episode CI
drift,dlinear,obs_bias,0.0,3.0869088908266913,exact rescaling of published aggregate; no per-episode CI
drift,dlinear,obs_bias,0.25,2.934295482061948,exact rescaling of published aggregate; no per-episode CI
drift,dlinear,obs_bias,0.5,2.606004241513576,exact rescaling of published aggregate; no per-episode CI
drift,dlinear,obs_bias,1.0,2.005149385250258,exact rescaling of published aggregate; no per-episode CI
drift,dlinear,obs_bias,2.0,1.4394094780399485,exact rescaling of published aggregate; no per-episode CI
ar1,dlinear,obs_bias,0.0,1.4249260621434383,exact rescaling of published aggregate; no per-episode CI
ar1,dlinear,obs_bias,0.25,1.365003756286806,exact rescaling of published aggregate; no per-episode CI
ar1,dlinear,obs_bias,0.5,1.232562671220918,exact rescaling of published aggregate; no per-episode CI
ar1,dlinear,obs_bias,1.0,0.9956857487446692,exact rescaling of published aggregate; no per-episode CI
ar1,dlinear,obs_bias,2.0,0.7858553487938442,exact rescaling of published aggregate; no per-episode CI
persistence,patchtf,obs_bias,0.0,1.9930928945541382,exact rescaling of published aggregate; no per-episode CI
persistence,patchtf,obs_bias,0.25,1.872053861618042,exact rescaling of published aggregate; no per-episode CI
persistence,patchtf,obs_bias,0.5,1.6374568939208984,exact rescaling of published aggregate; no per-episode CI
persistence,patchtf,obs_bias,1.0,1.3252209424972534,exact rescaling of published aggregate; no per-episode CI
persistence,patchtf,obs_bias,2.0,1.1339778900146484,exact rescaling of published aggregate; no per-episode CI
history_mean,patchtf,obs_bias,0.0,1.955413321503528,exact rescaling of published aggregate; no per-episode CI
history_mean,patchtf,obs_bias,0.25,1.8425601142795995,exact rescaling of published aggregate; no per-episode CI
history_mean,patchtf,obs_bias,0.5,1.6188035500891118,exact rescaling of published aggregate; no per-episode CI
history_mean,patchtf,obs_bias,1.0,1.3200106771906852,exact rescaling of published aggregate; no per-episode CI
history_mean,patchtf,obs_bias,2.0,1.135583567459546,exact rescaling of published aggregate; no per-episode CI
drift,patchtf,obs_bias,0.0,3.45275902899689,exact rescaling of published aggregate; no per-episode CI
drift,patchtf,obs_bias,0.25,3.1992628853193876,exact rescaling of published aggregate; no per-episode CI
drift,patchtf,obs_bias,0.5,2.704230774517295,exact rescaling of published aggregate; no per-episode CI
drift,patchtf,obs_bias,1.0,1.9828479710061568,exact rescaling of published aggregate; no per-episode CI
drift,patchtf,obs_bias,2.0,1.4265478224404315,exact rescaling of published aggregate; no per-episode CI
ar1,patchtf,obs_bias,0.0,1.5938035428707316,exact rescaling of published aggregate; no per-episode CI
ar1,patchtf,obs_bias,0.25,1.488263837949001,exact rescaling of published aggregate; no per-episode CI
ar1,patchtf,obs_bias,0.5,1.2790209063899889,exact rescaling of published aggregate; no per-episode CI
ar1,patchtf,obs_bias,1.0,0.9846116609470004,exact rescaling of published aggregate; no per-episode CI
ar1,patchtf,obs_bias,2.0,0.7788334408507426,exact rescaling of published aggregate; no per-episode CI
persistence,dlinear_s42,obs_bias,0.0,1.7994544506072996,exact rescaling of published aggregate; no per-episode CI
persistence,dlinear_s42,obs_bias,0.25,1.7499272823333738,exact rescaling of published aggregate; no per-episode CI
persistence,dlinear_s42,obs_bias,0.5,1.6436780691146848,exact rescaling of published aggregate; no per-episode CI
persistence,dlinear_s42,obs_bias,1.0,1.4399387836456299,exact rescaling of published aggregate; no per-episode CI
persistence,dlinear_s42,obs_bias,2.0,1.2539918422698975,exact rescaling of published aggregate; no per-episode CI
history_mean,dlinear_s42,obs_bias,0.0,1.7654356270952773,exact rescaling of published aggregate; no per-episode CI
history_mean,dlinear_s42,obs_bias,0.25,1.7223576091610546,exact rescaling of published aggregate; no per-episode CI
history_mean,dlinear_s42,obs_bias,0.5,1.6249538558020844,exact rescaling of published aggregate; no per-episode CI
history_mean,dlinear_s42,obs_bias,1.0,1.434277491367926,exact rescaling of published aggregate; no per-episode CI
history_mean,dlinear_s42,obs_bias,2.0,1.2557674557408023,exact rescaling of published aggregate; no per-episode CI
drift,dlinear_s42,obs_bias,0.0,3.11730708517371,exact rescaling of published aggregate; no per-episode CI
drift,dlinear_s42,obs_bias,0.25,2.990553595257213,exact rescaling of published aggregate; no per-episode CI
drift,dlinear_s42,obs_bias,0.5,2.7145049340845846,exact rescaling of published aggregate; no per-episode CI
drift,dlinear_s42,obs_bias,1.0,2.154493340668534,exact rescaling of published aggregate; no per-episode CI
drift,dlinear_s42,obs_bias,2.0,1.5775257592765581,exact rescaling of published aggregate; no per-episode CI
ar1,dlinear_s42,obs_bias,0.0,1.4389579564749773,exact rescaling of published aggregate; no per-episode CI
ar1,dlinear_s42,obs_bias,0.25,1.3911744457427917,exact rescaling of published aggregate; no per-episode CI
ar1,dlinear_s42,obs_bias,0.5,1.2838802789723807,exact rescaling of published aggregate; no per-episode CI
ar1,dlinear_s42,obs_bias,1.0,1.0698446364390028,exact rescaling of published aggregate; no per-episode CI
ar1,dlinear_s42,obs_bias,2.0,0.8612608675299743,exact rescaling of published aggregate; no per-episode CI
persistence,dlinear_s123,obs_bias,0.0,1.8065581321716306,exact rescaling of published aggregate; no per-episode CI
persistence,dlinear_s123,obs_bias,0.25,1.7616021633148193,exact rescaling of published aggregate; no per-episode CI
persistence,dlinear_s123,obs_bias,0.5,1.660036325454712,exact rescaling of published aggregate; no per-episode CI
persistence,dlinear_s123,obs_bias,1.0,1.4608386754989624,exact rescaling of published aggregate; no per-episode CI
persistence,dlinear_s123,obs_bias,2.0,1.275707483291626,exact rescaling of published aggregate; no per-episode CI
history_mean,dlinear_s123,obs_bias,0.0,1.772405013018315,exact rescaling of published aggregate; no per-episode CI
history_mean,dlinear_s123,obs_bias,0.25,1.7338485552691862,exact rescaling of published aggregate; no per-episode CI
history_mean,dlinear_s123,obs_bias,0.5,1.6411257645312936,exact rescaling of published aggregate; no per-episode CI
history_mean,dlinear_s123,obs_bias,1.0,1.4550952127861694,exact rescaling of published aggregate; no per-episode CI
history_mean,dlinear_s123,obs_bias,2.0,1.2775138454352317,exact rescaling of published aggregate; no per-episode CI
drift,dlinear_s123,obs_bias,0.0,3.1296132354426613,exact rescaling of published aggregate; no per-episode CI
drift,dlinear_s123,obs_bias,0.25,3.0105054856275975,exact rescaling of published aggregate; no per-episode CI
drift,dlinear_s123,obs_bias,0.5,2.741520301863958,exact rescaling of published aggregate; no per-episode CI
drift,dlinear_s123,obs_bias,1.0,2.185764585203454,exact rescaling of published aggregate; no per-episode CI
drift,dlinear_s123,obs_bias,2.0,1.6048441053265368,exact rescaling of published aggregate; no per-episode CI
ar1,dlinear_s123,obs_bias,0.0,1.444638510991825,exact rescaling of published aggregate; no per-episode CI
ar1,dlinear_s123,obs_bias,0.25,1.4004558577434196,exact rescaling of published aggregate; no per-episode CI
ar1,dlinear_s123,obs_bias,0.5,1.2966577462319198,exact rescaling of published aggregate; no per-episode CI
ar1,dlinear_s123,obs_bias,1.0,1.0853728223975985,exact rescaling of published aggregate; no per-episode CI
ar1,dlinear_s123,obs_bias,2.0,0.8761755034908341,exact rescaling of published aggregate; no per-episode CI
persistence,dlinear_s7,obs_bias,0.0,1.7984269857406616,exact rescaling of published aggregate; no per-episode CI
persistence,dlinear_s7,obs_bias,0.25,1.7696150541305544,exact rescaling of published aggregate; no per-episode CI
persistence,dlinear_s7,obs_bias,0.5,1.70128333568573,exact rescaling of published aggregate; no per-episode CI
persistence,dlinear_s7,obs_bias,1.0,1.554632306098938,exact rescaling of published aggregate; no per-episode CI
persistence,dlinear_s7,obs_bias,2.0,1.4026254415512085,exact rescaling of published aggregate; no per-episode CI
history_mean,dlinear_s7,obs_bias,0.0,1.7644275865302388,exact rescaling of published aggregate; no per-episode CI
history_mean,dlinear_s7,obs_bias,0.25,1.7417352049643982,exact rescaling of published aggregate; no per-episode CI
history_mean,dlinear_s7,obs_bias,0.5,1.6819029030565409,exact rescaling of published aggregate; no per-episode CI
history_mean,dlinear_s7,obs_bias,1.0,1.5485200824619694,exact rescaling of published aggregate; no per-episode CI
history_mean,dlinear_s7,obs_bias,2.0,1.4046115155787269,exact rescaling of published aggregate; no per-episode CI
drift,dlinear_s7,obs_bias,0.0,3.115527143754544,exact rescaling of published aggregate; no per-episode CI
drift,dlinear_s7,obs_bias,0.25,3.024199185748352,exact rescaling of published aggregate; no per-episode CI
drift,dlinear_s7,obs_bias,0.5,2.8096390015608166,exact rescaling of published aggregate; no per-episode CI
drift,dlinear_s7,obs_bias,1.0,2.3261023237378327,exact rescaling of published aggregate; no per-episode CI
drift,dlinear_s7,obs_bias,2.0,1.7645073038580834,exact rescaling of published aggregate; no per-episode CI
ar1,dlinear_s7,obs_bias,0.0,1.438136330373606,exact rescaling of published aggregate; no per-episode CI
ar1,dlinear_s7,obs_bias,0.25,1.406826024693736,exact rescaling of published aggregate; no per-episode CI
ar1,dlinear_s7,obs_bias,0.5,1.3288758697180472,exact rescaling of published aggregate; no per-episode CI
ar1,dlinear_s7,obs_bias,1.0,1.1550595436452011,exact rescaling of published aggregate; no per-episode CI
ar1,dlinear_s7,obs_bias,2.0,0.9633447075886182,exact rescaling of published aggregate; no per-episode CI
persistence,dlinear_s2024,obs_bias,0.0,1.7018654346466064,exact rescaling of published aggregate; no per-episode CI
persistence,dlinear_s2024,obs_bias,0.25,1.5446150302886963,exact rescaling of published aggregate; no per-episode CI
persistence,dlinear_s2024,obs_bias,0.5,1.2620164155960083,exact rescaling of published aggregate; no per-episode CI
persistence,dlinear_s2024,obs_bias,1.0,0.9181506037712098,exact rescaling of published aggregate; no per-episode CI
persistence,dlinear_s2024,obs_bias,2.0,0.7129011750221252,exact rescaling of published aggregate; no per-episode CI
history_mean,dlinear_s2024,obs_bias,0.0,1.6696915389178677,exact rescaling of published aggregate; no per-episode CI
history_mean,dlinear_s2024,obs_bias,0.25,1.520280001060894,exact rescaling of published aggregate; no per-episode CI
history_mean,dlinear_s2024,obs_bias,0.5,1.2476399601248034,exact rescaling of published aggregate; no per-episode CI
history_mean,dlinear_s2024,obs_bias,1.0,0.9145407843942089,exact rescaling of published aggregate; no per-episode CI
history_mean,dlinear_s2024,obs_bias,2.0,0.7139106209268943,exact rescaling of published aggregate; no per-episode CI
drift,dlinear_s2024,obs_bias,0.0,2.9482475511650943,exact rescaling of published aggregate; no per-episode CI
drift,dlinear_s2024,obs_bias,0.25,2.639683419278326,exact rescaling of published aggregate; no per-episode CI
drift,dlinear_s2024,obs_bias,0.5,2.0841975392883825,exact rescaling of published aggregate; no per-episode CI
drift,dlinear_s2024,obs_bias,1.0,1.3737732353785184,exact rescaling of published aggregate; no per-episode CI
drift,dlinear_s2024,obs_bias,2.0,0.8968319645367165,exact rescaling of published aggregate; no per-episode CI
ar1,dlinear_s2024,obs_bias,0.0,1.3609195871604274,exact rescaling of published aggregate; no per-episode CI
ar1,dlinear_s2024,obs_bias,0.25,1.227953287168932,exact rescaling of published aggregate; no per-episode CI
ar1,dlinear_s2024,obs_bias,0.5,0.9857635860505448,exact rescaling of published aggregate; no per-episode CI
ar1,dlinear_s2024,obs_bias,1.0,0.6821668462883771,exact rescaling of published aggregate; no per-episode CI
ar1,dlinear_s2024,obs_bias,2.0,0.4896314822521336,exact rescaling of published aggregate; no per-episode CI
persistence,dlinear_s31337,obs_bias,0.0,1.8080322742462156,exact rescaling of published aggregate; no per-episode CI
persistence,dlinear_s31337,obs_bias,0.25,1.7843748331069949,exact rescaling of published aggregate; no per-episode CI
persistence,dlinear_s31337,obs_bias,0.5,1.731160283088684,exact rescaling of published aggregate; no per-episode CI
persistence,dlinear_s31337,obs_bias,1.0,1.61395525932312,exact rescaling of published aggregate; no per-episode CI
persistence,dlinear_s31337,obs_bias,2.0,1.4861966371536255,exact rescaling of published aggregate; no per-episode CI
history_mean,dlinear_s31337,obs_bias,0.0,1.7738512863246465,exact rescaling of published aggregate; no per-episode CI
history_mean,dlinear_s31337,obs_bias,0.25,1.7562624472596953,exact rescaling of published aggregate; no per-episode CI
history_mean,dlinear_s31337,obs_bias,0.5,1.7114395025855327,exact rescaling of published aggregate; no per-episode CI
history_mean,dlinear_s31337,obs_bias,1.0,1.607609800370322,exact rescaling of published aggregate; no per-episode CI
history_mean,dlinear_s31337,obs_bias,2.0,1.4883010453964787,exact rescaling of published aggregate; no per-episode CI
drift,dlinear_s31337,obs_bias,0.0,3.1321669836256762,exact rescaling of published aggregate; no per-episode CI
drift,dlinear_s31337,obs_bias,0.25,3.049423039635777,exact rescaling of published aggregate; no per-episode CI
drift,dlinear_s31337,obs_bias,0.5,2.858980245849844,exact rescaling of published aggregate; no per-episode CI
drift,dlinear_s31337,obs_bias,1.0,2.414863671874244,exact rescaling of published aggregate; no per-episode CI
drift,dlinear_s31337,obs_bias,2.0,1.869640135948691,exact rescaling of published aggregate; no per-episode CI
ar1,dlinear_s31337,obs_bias,0.0,1.4458173285309313,exact rescaling of published aggregate; no per-episode CI
ar1,dlinear_s31337,obs_bias,0.25,1.41855989932049,exact rescaling of published aggregate; no per-episode CI
ar1,dlinear_s31337,obs_bias,0.5,1.3522128140305112,exact rescaling of published aggregate; no per-episode CI
ar1,dlinear_s31337,obs_bias,1.0,1.1991352668949973,exact rescaling of published aggregate; no per-episode CI
ar1,dlinear_s31337,obs_bias,2.0,1.0207426889780085,exact rescaling of published aggregate; no per-episode CI
persistence,patchtf_s42,obs_bias,0.0,1.9912822246551514,exact rescaling of published aggregate; no per-episode CI
persistence,patchtf_s42,obs_bias,0.25,1.8585634231567385,exact rescaling of published aggregate; no per-episode CI
persistence,patchtf_s42,obs_bias,0.5,1.612568378448486,exact rescaling of published aggregate; no per-episode CI
persistence,patchtf_s42,obs_bias,1.0,1.280490756034851,exact rescaling of published aggregate; no per-episode CI
persistence,patchtf_s42,obs_bias,2.0,1.0716609954833984,exact rescaling of published aggregate; no per-episode CI
history_mean,patchtf_s42,obs_bias,0.0,1.9536368824569597,exact rescaling of published aggregate; no per-episode CI
history_mean,patchtf_s42,obs_bias,0.25,1.8292822143523735,exact rescaling of published aggregate; no per-episode CI
history_mean,patchtf_s42,obs_bias,0.5,1.5941985559956706,exact rescaling of published aggregate; no per-episode CI
history_mean,patchtf_s42,obs_bias,1.0,1.2754563528288638,exact rescaling of published aggregate; no per-episode CI
history_mean,patchtf_s42,obs_bias,2.0,1.0731784341426318,exact rescaling of published aggregate; no per-episode CI
drift,patchtf_s42,obs_bias,0.0,3.449622292691552,exact rescaling of published aggregate; no per-episode CI
drift,patchtf_s42,obs_bias,0.25,3.176208282051386,exact rescaling of published aggregate; no per-episode CI
drift,patchtf_s42,obs_bias,0.5,2.663127836343829,exact rescaling of published aggregate; no per-episode CI
drift,patchtf_s42,obs_bias,1.0,1.9159208974703523,exact rescaling of published aggregate; no per-episode CI
drift,patchtf_s42,obs_bias,2.0,1.3481529692624246,exact rescaling of published aggregate; no per-episode CI
ar1,patchtf_s42,obs_bias,0.0,1.5923556163300974,exact rescaling of published aggregate; no per-episode CI
ar1,patchtf_s42,obs_bias,0.25,1.4775390761610674,exact rescaling of published aggregate; no per-episode CI
ar1,patchtf_s42,obs_bias,0.5,1.259580436392637,exact rescaling of published aggregate; no per-episode CI
ar1,patchtf_s42,obs_bias,1.0,0.9513780605903516,exact rescaling of published aggregate; no per-episode CI
ar1,patchtf_s42,obs_bias,2.0,0.7360332400546942,exact rescaling of published aggregate; no per-episode CI
persistence,patchtf_s123,obs_bias,0.0,1.988773703575134,exact rescaling of published aggregate; no per-episode CI
persistence,patchtf_s123,obs_bias,0.25,1.8784791231155398,exact rescaling of published aggregate; no per-episode CI
persistence,patchtf_s123,obs_bias,0.5,1.661113977432251,exact rescaling of published aggregate; no per-episode CI
persistence,patchtf_s123,obs_bias,1.0,1.3560206890106201,exact rescaling of published aggregate; no per-episode CI
persistence,patchtf_s123,obs_bias,2.0,1.1561185121536255,exact rescaling of published aggregate; no per-episode CI
history_mean,patchtf_s123,obs_bias,0.0,1.9511757851591165,exact rescaling of published aggregate; no per-episode CI
history_mean,patchtf_s123,obs_bias,0.25,1.8488841473653104,exact rescaling of published aggregate; no per-episode CI
history_mean,patchtf_s123,obs_bias,0.5,1.6421911402694136,exact rescaling of published aggregate; no per-episode CI
history_mean,patchtf_s123,obs_bias,1.0,1.3506893308013035,exact rescaling of published aggregate; no per-episode CI
history_mean,patchtf_s123,obs_bias,2.0,1.1577555400312762,exact rescaling of published aggregate; no per-episode CI
drift,patchtf_s123,obs_bias,0.0,3.4452766252958558,exact rescaling of published aggregate; no per-episode CI
drift,patchtf_s123,obs_bias,0.25,3.2102433923757645,exact rescaling of published aggregate; no per-episode CI
drift,patchtf_s123,obs_bias,0.5,2.7433000248311394,exact rescaling of published aggregate; no per-episode CI
drift,patchtf_s123,obs_bias,1.0,2.0289317695057867,exact rescaling of published aggregate; no per-episode CI
drift,patchtf_s123,obs_bias,2.0,1.4544007960988743,exact rescaling of published aggregate; no per-episode CI
ar1,patchtf_s123,obs_bias,0.0,1.590349643705529,exact rescaling of published aggregate; no per-episode CI
ar1,patchtf_s123,obs_bias,0.25,1.493371855689381,exact rescaling of published aggregate; no per-episode CI
ar1,patchtf_s123,obs_bias,0.5,1.2974995023808618,exact rescaling of published aggregate; no per-episode CI
ar1,patchtf_s123,obs_bias,1.0,1.007495233488592,exact rescaling of published aggregate; no per-episode CI
ar1,patchtf_s123,obs_bias,2.0,0.7940399603736699,exact rescaling of published aggregate; no per-episode CI
persistence,patchtf_s7,obs_bias,0.0,1.9976102113723757,exact rescaling of published aggregate; no per-episode CI
persistence,patchtf_s7,obs_bias,0.25,1.8704949617385862,exact rescaling of published aggregate; no per-episode CI
persistence,patchtf_s7,obs_bias,0.5,1.6154648065567017,exact rescaling of published aggregate; no per-episode CI
persistence,patchtf_s7,obs_bias,1.0,1.291318416595459,exact rescaling of published aggregate; no per-episode CI
persistence,patchtf_s7,obs_bias,2.0,1.1137419939041138,exact rescaling of published aggregate; no per-episode CI
history_mean,patchtf_s7,obs_bias,0.0,1.9598452381030849,exact rescaling of published aggregate; no per-episode CI
history_mean,patchtf_s7,obs_bias,0.25,1.841025774483651,exact rescaling of published aggregate; no per-episode CI
history_mean,patchtf_s7,obs_bias,0.5,1.597061988994465,exact rescaling of published aggregate; no per-episode CI
history_mean,patchtf_s7,obs_bias,1.0,1.2862414431414766,exact rescaling of published aggregate; no per-episode CI
history_mean,patchtf_s7,obs_bias,2.0,1.11531901794911,exact rescaling of published aggregate; no per-episode CI
drift,patchtf_s7,obs_bias,0.0,3.460584658436253,exact rescaling of published aggregate; no per-episode CI
drift,patchtf_s7,obs_bias,0.25,3.19659878968169,exact rescaling of published aggregate; no per-episode CI
drift,patchtf_s7,obs_bias,0.5,2.667911235562148,exact rescaling of published aggregate; no per-episode CI
drift,patchtf_s7,obs_bias,1.0,1.9321216713072702,exact rescaling of published aggregate; no per-episode CI
drift,patchtf_s7,obs_bias,2.0,1.4010910002344528,exact rescaling of published aggregate; no per-episode CI
ar1,patchtf_s7,obs_bias,0.0,1.5974158760283321,exact rescaling of published aggregate; no per-episode CI
ar1,patchtf_s7,obs_bias,0.25,1.4870245283515882,exact rescaling of published aggregate; no per-episode CI
ar1,patchtf_s7,obs_bias,0.5,1.2618428422721546,exact rescaling of published aggregate; no per-episode CI
ar1,patchtf_s7,obs_bias,1.0,0.959422787704806,exact rescaling of published aggregate; no per-episode CI
ar1,patchtf_s7,obs_bias,2.0,0.7649351164343271,exact rescaling of published aggregate; no per-episode CI
persistence,patchtf_s2024,obs_bias,0.0,1.987910270690918,exact rescaling of published aggregate; no per-episode CI
persistence,patchtf_s2024,obs_bias,0.25,1.8721415996551514,exact rescaling of published aggregate; no per-episode CI
persistence,patchtf_s2024,obs_bias,0.5,1.6596308946609497,exact rescaling of published aggregate; no per-episode CI
persistence,patchtf_s2024,obs_bias,1.0,1.3769717216491701,exact rescaling of published aggregate; no per-episode CI
persistence,patchtf_s2024,obs_bias,2.0,1.204870581626892,exact rescaling of published aggregate; no per-episode CI
history_mean,patchtf_s2024,obs_bias,0.0,1.950328675539372,exact rescaling of published aggregate; no per-episode CI
history_mean,patchtf_s2024,obs_bias,0.25,1.8426464700255516,exact rescaling of published aggregate; no per-episode CI
history_mean,patchtf_s2024,obs_bias,0.5,1.6407249522652154,exact rescaling of published aggregate; no per-episode CI
history_mean,patchtf_s2024,obs_bias,1.0,1.3715579919386245,exact rescaling of published aggregate; no per-episode CI
history_mean,patchtf_s2024,obs_bias,2.0,1.2065766409195595,exact rescaling of published aggregate; no per-episode CI
drift,patchtf_s2024,obs_bias,0.0,3.4437808467021656,exact rescaling of published aggregate; no per-episode CI
drift,patchtf_s2024,obs_bias,0.25,3.199412826008333,exact rescaling of published aggregate; no per-episode CI
drift,patchtf_s2024,obs_bias,0.5,2.740850740159159,exact rescaling of published aggregate; no per-episode CI
drift,patchtf_s2024,obs_bias,1.0,2.0602795329055628,exact rescaling of published aggregate; no per-episode CI
drift,patchtf_s2024,obs_bias,2.0,1.5157310558499304,exact rescaling of published aggregate; no per-episode CI
ar1,patchtf_s2024,obs_bias,0.0,1.589659187985349,exact rescaling of published aggregate; no per-episode CI
ar1,patchtf_s2024,obs_bias,0.25,1.488333588798867,exact rescaling of published aggregate; no per-episode CI
ar1,patchtf_s2024,obs_bias,0.5,1.2963410634152661,exact rescaling of published aggregate; no per-episode CI
ar1,patchtf_s2024,obs_bias,1.0,1.0230614159893943,exact rescaling of published aggregate; no per-episode CI
ar1,patchtf_s2024,obs_bias,2.0,0.8275236308674289,exact rescaling of published aggregate; no per-episode CI
persistence,patchtf_s31337,obs_bias,0.0,1.9999471902847292,exact rescaling of published aggregate; no per-episode CI
persistence,patchtf_s31337,obs_bias,0.25,1.8807522058486938,exact rescaling of published aggregate; no per-episode CI
persistence,patchtf_s31337,obs_bias,0.5,1.6398264169692993,exact rescaling of published aggregate; no per-episode CI
persistence,patchtf_s31337,obs_bias,1.0,1.3264012336730957,exact rescaling of published aggregate; no per-episode CI
persistence,patchtf_s31337,obs_bias,2.0,1.1320875883102417,exact rescaling of published aggregate; no per-episode CI
history_mean,patchtf_s31337,obs_bias,0.0,1.9621380362510163,exact rescaling of published aggregate; no per-episode CI
history_mean,patchtf_s31337,obs_bias,0.25,1.851121418240064,exact rescaling of published aggregate; no per-episode CI
history_mean,patchtf_s31337,obs_bias,0.5,1.621146080348693,exact rescaling of published aggregate; no per-episode CI
history_mean,patchtf_s31337,obs_bias,1.0,1.3211863279100058,exact rescaling of published aggregate; no per-episode CI
history_mean,patchtf_s31337,obs_bias,2.0,1.1336905891466817,exact rescaling of published aggregate; no per-episode CI
drift,patchtf_s31337,obs_bias,0.0,3.464633152644552,exact rescaling of published aggregate; no per-episode CI
drift,patchtf_s31337,obs_bias,0.25,3.2141279970725316,exact rescaling of published aggregate; no per-episode CI
drift,patchtf_s31337,obs_bias,0.5,2.708143999452988,exact rescaling of published aggregate; no per-episode CI
drift,patchtf_s31337,obs_bias,1.0,1.9846139693300326,exact rescaling of published aggregate; no per-episode CI
drift,patchtf_s31337,obs_bias,2.0,1.4241698168338657,exact rescaling of published aggregate; no per-episode CI
ar1,patchtf_s31337,obs_bias,0.0,1.599284672651059,exact rescaling of published aggregate; no per-episode CI
ar1,patchtf_s31337,obs_bias,0.25,1.4951789334138945,exact rescaling of published aggregate; no per-episode CI
ar1,patchtf_s31337,obs_bias,0.5,1.2808717456568601,exact rescaling of published aggregate; no per-episode CI
ar1,patchtf_s31337,obs_bias,1.0,0.985488592798724,exact rescaling of published aggregate; no per-episode CI
ar1,patchtf_s31337,obs_bias,2.0,0.777535152591639,exact rescaling of published aggregate; no per-episode CI
persistence,dlinear,obs_noise,0.0,1.7819072008132935,exact rescaling of published aggregate; no per-episode CI
persistence,dlinear,obs_noise,0.25,1.7513380050659177,exact rescaling of published aggregate; no per-episode CI
persistence,dlinear,obs_noise,0.5,1.6716241836547852,exact rescaling of published aggregate; no per-episode CI
persistence,dlinear,obs_noise,1.0,1.5073529481887817,exact rescaling of published aggregate; no per-episode CI
persistence,dlinear,obs_noise,2.0,1.3436967134475708,exact rescaling of published aggregate; no per-episode CI
history_mean,dlinear,obs_noise,0.0,1.7482201093957745,exact rescaling of published aggregate; no per-episode CI
history_mean,dlinear,obs_noise,0.25,1.6855083870758458,exact rescaling of published aggregate; no per-episode CI
history_mean,dlinear,obs_noise,0.5,1.5299785076978292,exact rescaling of published aggregate; no per-episode CI
history_mean,dlinear,obs_noise,1.0,1.1827779169319996,exact rescaling of published aggregate; no per-episode CI
history_mean,dlinear,obs_noise,2.0,0.7597019495416826,exact rescaling of published aggregate; no per-episode CI
drift,dlinear,obs_noise,0.0,3.0869088908266913,exact rescaling of published aggregate; no per-episode CI
drift,dlinear,obs_noise,0.25,3.0953345327189545,exact rescaling of published aggregate; no per-episode CI
drift,dlinear,obs_noise,0.5,3.0880389428226795,exact rescaling of published aggregate; no per-episode CI
drift,dlinear,obs_noise,1.0,3.064860938710019,exact rescaling of published aggregate; no per-episode CI
drift,dlinear,obs_noise,2.0,3.03693956986981,exact rescaling of published aggregate; no per-episode CI
ar1,dlinear,obs_noise,0.0,1.4249260621434383,exact rescaling of published aggregate; no per-episode CI
ar1,dlinear,obs_noise,0.25,1.389000314168244,exact rescaling of published aggregate; no per-episode CI
ar1,dlinear,obs_noise,0.5,1.2992784990963495,exact rescaling of published aggregate; no per-episode CI
ar1,dlinear,obs_noise,1.0,1.1097897461353656,exact rescaling of published aggregate; no per-episode CI
ar1,dlinear,obs_noise,2.0,0.9102752919439363,exact rescaling of published aggregate; no per-episode CI
persistence,patchtf,obs_noise,0.0,1.9930928945541382,exact rescaling of published aggregate; no per-episode CI
persistence,patchtf,obs_noise,0.25,1.9375370740890503,exact rescaling of published aggregate; no per-episode CI
persistence,patchtf,obs_noise,0.5,1.7862886190414429,exact rescaling of published aggregate; no per-episode CI
persistence,patchtf,obs_noise,1.0,1.509210467338562,exact rescaling of published aggregate; no per-episode CI
persistence,patchtf,obs_noise,2.0,1.2544927597045898,exact rescaling of published aggregate; no per-episode CI
history_mean,patchtf,obs_noise,0.0,1.955413321503528,exact rescaling of published aggregate; no per-episode CI
history_mean,patchtf,obs_noise,0.25,1.8647085709332114,exact rescaling of published aggregate; no per-episode CI
history_mean,patchtf,obs_noise,0.5,1.6349268109434363,exact rescaling of published aggregate; no per-episode CI
history_mean,patchtf,obs_noise,1.0,1.1842354605240815,exact rescaling of published aggregate; no per-episode CI
history_mean,patchtf,obs_noise,2.0,0.7092676388172834,exact rescaling of published aggregate; no per-episode CI
drift,patchtf,obs_noise,0.0,3.45275902899689,exact rescaling of published aggregate; no per-episode CI
drift,patchtf,obs_noise,0.25,3.424424866304063,exact rescaling of published aggregate; no per-episode CI
drift,patchtf,obs_noise,0.5,3.299861818618008,exact rescaling of published aggregate; no per-episode CI
drift,patchtf,obs_noise,1.0,3.068637783338152,exact rescaling of published aggregate; no per-episode CI
drift,patchtf,obs_noise,2.0,2.8353263529885844,exact rescaling of published aggregate; no per-episode CI
ar1,patchtf,obs_noise,0.0,1.5938035428707316,exact rescaling of published aggregate; no per-episode CI
ar1,patchtf,obs_noise,0.25,1.5366762993994507,exact rescaling of published aggregate; no per-episode CI
ar1,patchtf,obs_noise,0.5,1.3884020215756545,exact rescaling of published aggregate; no per-episode CI
ar1,patchtf,obs_noise,1.0,1.1111573460117936,exact rescaling of published aggregate; no per-episode CI
ar1,patchtf,obs_noise,2.0,0.8498448732167763,exact rescaling of published aggregate; no per-episode CI
persistence,dlinear_s42,obs_noise,0.0,1.7994544506072996,exact rescaling of published aggregate; no per-episode CI
persistence,dlinear_s42,obs_noise,0.25,1.7824816703796387,exact rescaling of published aggregate; no per-episode CI
persistence,dlinear_s42,obs_noise,0.5,1.7266819477081299,exact rescaling of published aggregate; no per-episode CI
persistence,dlinear_s42,obs_noise,1.0,1.5973167419433594,exact rescaling of published aggregate; no per-episode CI
persistence,dlinear_s42,obs_noise,2.0,1.4542070627212524,exact rescaling of published aggregate; no per-episode CI
history_mean,dlinear_s42,obs_noise,0.0,1.7654356270952773,exact rescaling of published aggregate; no per-episode CI
history_mean,dlinear_s42,obs_noise,0.25,1.7154814185173604,exact rescaling of published aggregate; no per-episode CI
history_mean,dlinear_s42,obs_noise,0.5,1.5803709323272348,exact rescaling of published aggregate; no per-episode CI
history_mean,dlinear_s42,obs_noise,1.0,1.253370002683513,exact rescaling of published aggregate; no per-episode CI
history_mean,dlinear_s42,obs_noise,2.0,0.8221825130107573,exact rescaling of published aggregate; no per-episode CI
drift,dlinear_s42,obs_noise,0.0,3.11730708517371,exact rescaling of published aggregate; no per-episode CI
drift,dlinear_s42,obs_noise,0.25,3.1503781978721994,exact rescaling of published aggregate; no per-episode CI
drift,dlinear_s42,obs_noise,0.5,3.189748717761293,exact rescaling of published aggregate; no per-episode CI
drift,dlinear_s42,obs_noise,1.0,3.24778194450888,exact rescaling of published aggregate; no per-episode CI
drift,dlinear_s42,obs_noise,2.0,3.286708174072378,exact rescaling of published aggregate; no per-episode CI
ar1,dlinear_s42,obs_noise,0.0,1.4389579564749773,exact rescaling of published aggregate; no per-episode CI
ar1,dlinear_s42,obs_noise,0.25,1.4137006066189182,exact rescaling of published aggregate; no per-episode CI
ar1,dlinear_s42,obs_noise,0.5,1.342072429539751,exact rescaling of published aggregate; no per-episode CI
ar1,dlinear_s42,obs_noise,1.0,1.176025657208638,exact rescaling of published aggregate; no per-episode CI
ar1,dlinear_s42,obs_noise,2.0,0.9851395373061409,exact rescaling of published aggregate; no per-episode CI
persistence,dlinear_s123,obs_noise,0.0,1.8065581321716306,exact rescaling of published aggregate; no per-episode CI
persistence,dlinear_s123,obs_noise,0.25,1.796427845954895,exact rescaling of published aggregate; no per-episode CI
persistence,dlinear_s123,obs_noise,0.5,1.750859260559082,exact rescaling of published aggregate; no per-episode CI
persistence,dlinear_s123,obs_noise,1.0,1.6373606920242307,exact rescaling of published aggregate; no per-episode CI
persistence,dlinear_s123,obs_noise,2.0,1.5039011240005493,exact rescaling of published aggregate; no per-episode CI
history_mean,dlinear_s123,obs_noise,0.0,1.772405013018315,exact rescaling of published aggregate; no per-episode CI
history_mean,dlinear_s123,obs_noise,0.25,1.7289033826566254,exact rescaling of published aggregate; no per-episode CI
history_mean,dlinear_s123,obs_noise,0.5,1.6024995718848225,exact rescaling of published aggregate; no per-episode CI
history_mean,dlinear_s123,obs_noise,1.0,1.2847913761045777,exact rescaling of published aggregate; no per-episode CI
history_mean,dlinear_s123,obs_noise,2.0,0.8502786412937999,exact rescaling of published aggregate; no per-episode CI
drift,dlinear_s123,obs_noise,0.0,3.1296132354426613,exact rescaling of published aggregate; no per-episode CI
drift,dlinear_s123,obs_noise,0.25,3.1750268257970116,exact rescaling of published aggregate; no per-episode CI
drift,dlinear_s123,obs_noise,0.5,3.234412156078698,exact rescaling of published aggregate; no per-episode CI
drift,dlinear_s123,obs_noise,1.0,3.3292022506037373,exact rescaling of published aggregate; no per-episode CI
drift,dlinear_s123,obs_noise,2.0,3.3990235943426383,exact rescaling of published aggregate; no per-episode CI
ar1,dlinear_s123,obs_noise,0.0,1.444638510991825,exact rescaling of published aggregate; no per-episode CI
ar1,dlinear_s123,obs_noise,0.25,1.4247614310853796,exact rescaling of published aggregate; no per-episode CI
ar1,dlinear_s123,obs_noise,0.5,1.3608643703721022,exact rescaling of published aggregate; no per-episode CI
ar1,dlinear_s123,obs_noise,1.0,1.205508045688328,exact rescaling of published aggregate; no per-episode CI
ar1,dlinear_s123,obs_noise,2.0,1.0188043335999637,exact rescaling of published aggregate; no per-episode CI
persistence,dlinear_s7,obs_noise,0.0,1.7984269857406616,exact rescaling of published aggregate; no per-episode CI
persistence,dlinear_s7,obs_noise,0.25,1.7801847457885742,exact rescaling of published aggregate; no per-episode CI
persistence,dlinear_s7,obs_noise,0.5,1.7207423448562622,exact rescaling of published aggregate; no per-episode CI
persistence,dlinear_s7,obs_noise,1.0,1.5847375392913818,exact rescaling of published aggregate; no per-episode CI
persistence,dlinear_s7,obs_noise,2.0,1.4359763860702515,exact rescaling of published aggregate; no per-episode CI
history_mean,dlinear_s7,obs_noise,0.0,1.7644275865302388,exact rescaling of published aggregate; no per-episode CI
history_mean,dlinear_s7,obs_noise,0.25,1.7132708311541436,exact rescaling of published aggregate; no per-episode CI
history_mean,dlinear_s7,obs_noise,0.5,1.5749346238576183,exact rescaling of published aggregate; no per-episode CI
history_mean,dlinear_s7,obs_noise,1.0,1.2434994523739462,exact rescaling of published aggregate; no per-episode CI
history_mean,dlinear_s7,obs_noise,2.0,0.811875216390455,exact rescaling of published aggregate; no per-episode CI
drift,dlinear_s7,obs_noise,0.0,3.115527143754544,exact rescaling of published aggregate; no per-episode CI
drift,dlinear_s7,obs_noise,0.25,3.1463185874570723,exact rescaling of published aggregate; no per-episode CI
drift,dlinear_s7,obs_noise,0.5,3.178776320322434,exact rescaling of published aggregate; no per-episode CI
drift,dlinear_s7,obs_noise,1.0,3.2222049839871327,exact rescaling of published aggregate; no per-episode CI
drift,dlinear_s7,obs_noise,2.0,3.2455043348779857,exact rescaling of published aggregate; no per-episode CI
ar1,dlinear_s7,obs_noise,0.0,1.438136330373606,exact rescaling of published aggregate; no per-episode CI
ar1,dlinear_s7,obs_noise,0.25,1.4118788971776908,exact rescaling of published aggregate; no per-episode CI
ar1,dlinear_s7,obs_noise,0.5,1.3374558426573273,exact rescaling of published aggregate; no per-episode CI
ar1,dlinear_s7,obs_noise,1.0,1.1667642097589894,exact rescaling of published aggregate; no per-episode CI
ar1,dlinear_s7,obs_noise,2.0,0.9727893288515506,exact rescaling of published aggregate; no per-episode CI
persistence,dlinear_s2024,obs_noise,0.0,1.7018654346466064,exact rescaling of published aggregate; no per-episode CI
persistence,dlinear_s2024,obs_noise,0.25,1.6166683435440061,exact rescaling of published aggregate; no per-episode CI
persistence,dlinear_s2024,obs_noise,0.5,1.4542425870895386,exact rescaling of published aggregate; no per-episode CI
persistence,dlinear_s2024,obs_noise,1.0,1.194284439086914,exact rescaling of published aggregate; no per-episode CI
persistence,dlinear_s2024,obs_noise,2.0,0.9935072064399719,exact rescaling of published aggregate; no per-episode CI
history_mean,dlinear_s2024,obs_noise,0.0,1.6696915389178677,exact rescaling of published aggregate; no per-episode CI
history_mean,dlinear_s2024,obs_noise,0.25,1.5559007137864722,exact rescaling of published aggregate; no per-episode CI
history_mean,dlinear_s2024,obs_noise,0.5,1.331016818841004,exact rescaling of published aggregate; no per-episode CI
history_mean,dlinear_s2024,obs_noise,1.0,0.9371217688497266,exact rescaling of published aggregate; no per-episode CI
history_mean,dlinear_s2024,obs_noise,2.0,0.5617111019640874,exact rescaling of published aggregate; no per-episode CI
drift,dlinear_s2024,obs_noise,0.0,2.9482475511650943,exact rescaling of published aggregate; no per-episode CI
drift,dlinear_s2024,obs_noise,0.25,2.857317854834632,exact rescaling of published aggregate; no per-episode CI
drift,dlinear_s2024,obs_noise,0.5,2.6864637309955937,exact rescaling of published aggregate; no per-episode CI
drift,dlinear_s2024,obs_noise,1.0,2.428307007635393,exact rescaling of published aggregate; no per-episode CI
drift,dlinear_s2024,obs_noise,2.0,2.245463070641121,exact rescaling of published aggregate; no per-episode CI
ar1,dlinear_s2024,obs_noise,0.0,1.3609195871604274,exact rescaling of published aggregate; no per-episode CI
ar1,dlinear_s2024,obs_noise,0.25,1.2821927181349324,exact rescaling of published aggregate; no per-episode CI
ar1,dlinear_s2024,obs_noise,0.5,1.1303175344978682,exact rescaling of published aggregate; no per-episode CI
ar1,dlinear_s2024,obs_noise,1.0,0.8792928199465659,exact rescaling of published aggregate; no per-episode CI
ar1,dlinear_s2024,obs_noise,2.0,0.6730425499592003,exact rescaling of published aggregate; no per-episode CI
persistence,dlinear_s31337,obs_noise,0.0,1.8080322742462156,exact rescaling of published aggregate; no per-episode CI
persistence,dlinear_s31337,obs_noise,0.25,1.7953683137893677,exact rescaling of published aggregate; no per-episode CI
persistence,dlinear_s31337,obs_noise,0.5,1.7481863498687744,exact rescaling of published aggregate; no per-episode CI
persistence,dlinear_s31337,obs_noise,1.0,1.6341383457183836,exact rescaling of published aggregate; no per-episode CI
persistence,dlinear_s31337,obs_noise,2.0,1.5025050640106201,exact rescaling of published aggregate; no per-episode CI
history_mean,dlinear_s31337,obs_noise,0.0,1.7738512863246465,exact rescaling of published aggregate; no per-episode CI
history_mean,dlinear_s31337,obs_noise,0.25,1.7278836763827894,exact rescaling of published aggregate; no per-episode CI
history_mean,dlinear_s31337,obs_noise,0.5,1.6000531512424592,exact rescaling of published aggregate; no per-episode CI
history_mean,dlinear_s31337,obs_noise,1.0,1.2822628906189166,exact rescaling of published aggregate; no per-episode CI
history_mean,dlinear_s31337,obs_noise,2.0,0.8494893340897172,exact rescaling of published aggregate; no per-episode CI
drift,dlinear_s31337,obs_noise,0.0,3.1321669836256762,exact rescaling of published aggregate; no per-episode CI
drift,dlinear_s31337,obs_noise,0.25,3.173154196703715,exact rescaling of published aggregate; no per-episode CI
drift,dlinear_s31337,obs_noise,0.5,3.2294744120671752,exact rescaling of published aggregate; no per-episode CI
drift,dlinear_s31337,obs_noise,1.0,3.3226503389657536,exact rescaling of published aggregate; no per-episode CI
drift,dlinear_s31337,obs_noise,2.0,3.395868306558649,exact rescaling of published aggregate; no per-episode CI
ar1,dlinear_s31337,obs_noise,0.0,1.4458173285309313,exact rescaling of published aggregate; no per-episode CI
ar1,dlinear_s31337,obs_noise,0.25,1.4239211075689984,exact rescaling of published aggregate; no per-episode CI
ar1,dlinear_s31337,obs_noise,0.5,1.3587868367829863,exact rescaling of published aggregate; no per-episode CI
ar1,dlinear_s31337,obs_noise,1.0,1.2031355907878194,exact rescaling of published aggregate; no per-episode CI
ar1,dlinear_s31337,obs_noise,2.0,1.0178585852758175,exact rescaling of published aggregate; no per-episode CI
persistence,patchtf_s42,obs_noise,0.0,1.9912822246551514,exact rescaling of published aggregate; no per-episode CI
persistence,patchtf_s42,obs_noise,0.25,1.9443280696868899,exact rescaling of published aggregate; no per-episode CI
persistence,patchtf_s42,obs_noise,0.5,1.7858355045318604,exact rescaling of published aggregate; no per-episode CI
persistence,patchtf_s42,obs_noise,1.0,1.5006780624389648,exact rescaling of published aggregate; no per-episode CI
persistence,patchtf_s42,obs_noise,2.0,1.2504171133041382,exact rescaling of published aggregate; no per-episode CI
history_mean,patchtf_s42,obs_noise,0.0,1.9536368824569597,exact rescaling of published aggregate; no per-episode CI
history_mean,patchtf_s42,obs_noise,0.25,1.871244305328082,exact rescaling of published aggregate; no per-episode CI
history_mean,patchtf_s42,obs_noise,0.5,1.6345120912546653,exact rescaling of published aggregate; no per-episode CI
history_mean,patchtf_s42,obs_noise,1.0,1.1775403198102279,exact rescaling of published aggregate; no per-episode CI
history_mean,patchtf_s42,obs_noise,2.0,0.7069633416607313,exact rescaling of published aggregate; no per-episode CI
drift,patchtf_s42,obs_noise,0.0,3.449622292691552,exact rescaling of published aggregate; no per-episode CI
drift,patchtf_s42,obs_noise,0.25,3.4364273484775385,exact rescaling of published aggregate; no per-episode CI
drift,patchtf_s42,obs_noise,0.5,3.2990247672850406,exact rescaling of published aggregate; no per-episode CI
drift,patchtf_s42,obs_noise,1.0,3.05128906980596,exact rescaling of published aggregate; no per-episode CI
drift,patchtf_s42,obs_noise,2.0,2.826114830996712,exact rescaling of published aggregate; no per-episode CI
ar1,patchtf_s42,obs_noise,0.0,1.5923556163300974,exact rescaling of published aggregate; no per-episode CI
ar1,patchtf_s42,obs_noise,0.25,1.5420622928465344,exact rescaling of published aggregate; no per-episode CI
ar1,patchtf_s42,obs_noise,0.5,1.3880498359913076,exact rescaling of published aggregate; no per-episode CI
ar1,patchtf_s42,obs_noise,1.0,1.104875356462613,exact rescaling of published aggregate; no per-episode CI
ar1,patchtf_s42,obs_noise,2.0,0.8470838631019918,exact rescaling of published aggregate; no per-episode CI
persistence,patchtf_s123,obs_noise,0.0,1.988773703575134,exact rescaling of published aggregate; no per-episode CI
persistence,patchtf_s123,obs_noise,0.25,1.9311550855636594,exact rescaling of published aggregate; no per-episode CI
persistence,patchtf_s123,obs_noise,0.5,1.7813546657562256,exact rescaling of published aggregate; no per-episode CI
persistence,patchtf_s123,obs_noise,1.0,1.5057330131530762,exact rescaling of published aggregate; no per-episode CI
persistence,patchtf_s123,obs_noise,2.0,1.2513619661331177,exact rescaling of published aggregate; no per-episode CI
history_mean,patchtf_s123,obs_noise,0.0,1.9511757851591165,exact rescaling of published aggregate; no per-episode CI
history_mean,patchtf_s123,obs_noise,0.25,1.858566469777037,exact rescaling of published aggregate; no per-episode CI
history_mean,patchtf_s123,obs_noise,0.5,1.6304109379630256,exact rescaling of published aggregate; no per-episode CI
history_mean,patchtf_s123,obs_noise,1.0,1.181506798983546,exact rescaling of published aggregate; no per-episode CI
history_mean,patchtf_s123,obs_noise,2.0,0.7074975444529402,exact rescaling of published aggregate; no per-episode CI
drift,patchtf_s123,obs_noise,0.0,3.4452766252958558,exact rescaling of published aggregate; no per-episode CI
drift,patchtf_s123,obs_noise,0.25,3.4131452678411067,exact rescaling of published aggregate; no per-episode CI
drift,patchtf_s123,obs_noise,0.5,3.2907471862527906,exact rescaling of published aggregate; no per-episode CI
drift,patchtf_s123,obs_noise,1.0,3.0615671675861775,exact rescaling of published aggregate; no per-episode CI
drift,patchtf_s123,obs_noise,2.0,2.828250328475655,exact rescaling of published aggregate; no per-episode CI
ar1,patchtf_s123,obs_noise,0.0,1.590349643705529,exact rescaling of published aggregate; no per-episode CI
ar1,patchtf_s123,obs_noise,0.25,1.531614692764327,exact rescaling of published aggregate; no per-episode CI
ar1,patchtf_s123,obs_noise,0.5,1.3845670809940864,exact rescaling of published aggregate; no per-episode CI
ar1,patchtf_s123,obs_noise,1.0,1.108597067742298,exact rescaling of published aggregate; no per-episode CI
ar1,patchtf_s123,obs_noise,2.0,0.8477239451801392,exact rescaling of published aggregate; no per-episode CI
persistence,patchtf_s7,obs_noise,0.0,1.9976102113723757,exact rescaling of published aggregate; no per-episode CI
persistence,patchtf_s7,obs_noise,0.25,1.9418696165084837,exact rescaling of published aggregate; no per-episode CI
persistence,patchtf_s7,obs_noise,0.5,1.7941691875457761,exact rescaling of published aggregate; no per-episode CI
persistence,patchtf_s7,obs_noise,1.0,1.515167236328125,exact rescaling of published aggregate; no per-episode CI
persistence,patchtf_s7,obs_noise,2.0,1.2580740451812744,exact rescaling of published aggregate; no per-episode CI
history_mean,patchtf_s7,obs_noise,0.0,1.9598452381030849,exact rescaling of published aggregate; no per-episode CI
history_mean,patchtf_s7,obs_noise,0.25,1.8688782609440453,exact rescaling of published aggregate; no per-episode CI
history_mean,patchtf_s7,obs_noise,0.5,1.642139616643405,exact rescaling of published aggregate; no per-episode CI
history_mean,patchtf_s7,obs_noise,1.0,1.1889095714054023,exact rescaling of published aggregate; no per-episode CI
history_mean,patchtf_s7,obs_noise,2.0,0.7112924332007734,exact rescaling of published aggregate; no per-episode CI
drift,patchtf_s7,obs_noise,0.0,3.460584658436253,exact rescaling of published aggregate; no per-episode CI
drift,patchtf_s7,obs_noise,0.25,3.432082250616258,exact rescaling of published aggregate; no per-episode CI
drift,patchtf_s7,obs_noise,0.5,3.3144198171627264,exact rescaling of published aggregate; no per-episode CI
drift,patchtf_s7,obs_noise,1.0,3.0807495243998373,exact rescaling of published aggregate; no per-episode CI
drift,patchtf_s7,obs_noise,2.0,2.843420551230119,exact rescaling of published aggregate; no per-episode CI
ar1,patchtf_s7,obs_noise,0.0,1.5974158760283321,exact rescaling of published aggregate; no per-episode CI
ar1,patchtf_s7,obs_noise,0.25,1.5401124737783158,exact rescaling of published aggregate; no per-episode CI
ar1,patchtf_s7,obs_noise,0.5,1.394527233999867,exact rescaling of published aggregate; no per-episode CI
ar1,patchtf_s7,obs_noise,1.0,1.1155430216776405,exact rescaling of published aggregate; no per-episode CI
ar1,patchtf_s7,obs_noise,2.0,0.8522709829558256,exact rescaling of published aggregate; no per-episode CI
persistence,patchtf_s2024,obs_noise,0.0,1.987910270690918,exact rescaling of published aggregate; no per-episode CI
persistence,patchtf_s2024,obs_noise,0.25,1.9306068420410154,exact rescaling of published aggregate; no per-episode CI
persistence,patchtf_s2024,obs_noise,0.5,1.7894634008407595,exact rescaling of published aggregate; no per-episode CI
persistence,patchtf_s2024,obs_noise,1.0,1.525099277496338,exact rescaling of published aggregate; no per-episode CI
persistence,patchtf_s2024,obs_noise,2.0,1.263061761856079,exact rescaling of published aggregate; no per-episode CI
history_mean,patchtf_s2024,obs_noise,0.0,1.950328675539372,exact rescaling of published aggregate; no per-episode CI
history_mean,patchtf_s2024,obs_noise,0.25,1.8580388337336782,exact rescaling of published aggregate; no per-episode CI
history_mean,patchtf_s2024,obs_noise,0.5,1.6378325764660218,exact rescaling of published aggregate; no per-episode CI
history_mean,patchtf_s2024,obs_noise,1.0,1.196702967754902,exact rescaling of published aggregate; no per-episode CI
history_mean,patchtf_s2024,obs_noise,2.0,0.7141123984828858,exact rescaling of published aggregate; no per-episode CI
drift,patchtf_s2024,obs_noise,0.0,3.4437808467021656,exact rescaling of published aggregate; no per-episode CI
drift,patchtf_s2024,obs_noise,0.25,3.4121762960589206,exact rescaling of published aggregate; no per-episode CI
drift,patchtf_s2024,obs_noise,0.5,3.3057266834166366,exact rescaling of published aggregate; no per-episode CI
drift,patchtf_s2024,obs_noise,1.0,3.1009440813910802,exact rescaling of published aggregate; no per-episode CI
drift,patchtf_s2024,obs_noise,2.0,2.8546934776140422,exact rescaling of published aggregate; no per-episode CI
ar1,patchtf_s2024,obs_noise,0.0,1.589659187985349,exact rescaling of published aggregate; no per-episode CI
ar1,patchtf_s2024,obs_noise,0.25,1.531179876399359,exact rescaling of published aggregate; no per-episode CI
ar1,patchtf_s2024,obs_noise,0.5,1.3908696370669282,exact rescaling of published aggregate; no per-episode CI
ar1,patchtf_s2024,obs_noise,1.0,1.1228554944862958,exact rescaling of published aggregate; no per-episode CI
ar1,patchtf_s2024,obs_noise,2.0,0.8556498669010296,exact rescaling of published aggregate; no per-episode CI
persistence,patchtf_s31337,obs_noise,0.0,1.9999471902847292,exact rescaling of published aggregate; no per-episode CI
persistence,patchtf_s31337,obs_noise,0.25,1.939807415008545,exact rescaling of published aggregate; no per-episode CI
persistence,patchtf_s31337,obs_noise,0.5,1.7806906700134277,exact rescaling of published aggregate; no per-episode CI
persistence,patchtf_s31337,obs_noise,1.0,1.4996811151504517,exact rescaling of published aggregate; no per-episode CI
persistence,patchtf_s31337,obs_noise,2.0,1.2496570348739624,exact rescaling of published aggregate; no per-episode CI
history_mean,patchtf_s31337,obs_noise,0.0,1.9621380362510163,exact rescaling of published aggregate; no per-episode CI
history_mean,patchtf_s31337,obs_noise,0.25,1.8668935738568393,exact rescaling of published aggregate; no per-episode CI
history_mean,patchtf_s31337,obs_noise,0.5,1.6298032061381234,exact rescaling of published aggregate; no per-episode CI
history_mean,patchtf_s31337,obs_noise,1.0,1.1767580430126037,exact rescaling of published aggregate; no per-episode CI
history_mean,patchtf_s31337,obs_noise,2.0,0.706533606989633,exact rescaling of published aggregate; no per-episode CI
drift,patchtf_s31337,obs_noise,0.0,3.464633152644552,exact rescaling of published aggregate; no per-episode CI
drift,patchtf_s31337,obs_noise,0.25,3.4284374924383836,exact rescaling of published aggregate; no per-episode CI
drift,patchtf_s31337,obs_noise,0.5,3.2895205680142667,exact rescaling of published aggregate; no per-episode CI
drift,patchtf_s31337,obs_noise,1.0,3.0492620032146953,exact rescaling of published aggregate; no per-episode CI
drift,patchtf_s31337,obs_noise,2.0,2.824396949098435,exact rescaling of published aggregate; no per-episode CI
ar1,patchtf_s31337,obs_noise,0.0,1.599284672651059,exact rescaling of published aggregate; no per-episode CI
ar1,patchtf_s31337,obs_noise,0.25,1.5384769251160886,exact rescaling of published aggregate; no per-episode CI
ar1,patchtf_s31337,obs_noise,0.5,1.384050986886006,exact rescaling of published aggregate; no per-episode CI
ar1,patchtf_s31337,obs_noise,1.0,1.1041413532687634,exact rescaling of published aggregate; no per-episode CI
ar1,patchtf_s31337,obs_noise,2.0,0.8465689547837647,exact rescaling of published aggregate; no per-episode CI
persistence,dlinear,process_idv1,0.0,1.7819072008132935,exact rescaling of published aggregate; no per-episode CI
persistence,dlinear,process_idv1,0.5,1.6315430402755737,exact rescaling of published aggregate; no per-episode CI
persistence,dlinear,process_idv1,1.0,1.411459803581238,exact rescaling of published aggregate; no per-episode CI
persistence,dlinear,process_idv1,2.0,1.142242670059204,exact rescaling of published aggregate; no per-episode CI
history_mean,dlinear,process_idv1,0.0,1.7482201093957745,exact rescaling of published aggregate; no per-episode CI
history_mean,dlinear,process_idv1,0.5,1.6143638843006218,exact rescaling of published aggregate; no per-episode CI
history_mean,dlinear,process_idv1,1.0,1.409835430382703,exact rescaling of published aggregate; no per-episode CI
history_mean,dlinear,process_idv1,2.0,1.1582918137143852,exact rescaling of published aggregate; no per-episode CI
drift,dlinear,process_idv1,0.0,3.0869088908266913,exact rescaling of published aggregate; no per-episode CI
drift,dlinear,process_idv1,0.5,2.7628147223736508,exact rescaling of published aggregate; no per-episode CI
drift,dlinear,process_idv1,1.0,2.231894715867745,exact rescaling of published aggregate; no per-episode CI
drift,dlinear,process_idv1,2.0,1.594278311409896,exact rescaling of published aggregate; no per-episode CI
ar1,dlinear,process_idv1,0.0,1.4249260621434383,exact rescaling of published aggregate; no per-episode CI
ar1,dlinear,process_idv1,0.5,1.3411677527760053,exact rescaling of published aggregate; no per-episode CI
ar1,dlinear,process_idv1,1.0,1.219922683206771,exact rescaling of published aggregate; no per-episode CI
ar1,dlinear,process_idv1,2.0,1.070402942917713,exact rescaling of published aggregate; no per-episode CI
persistence,patchtf,process_idv1,0.0,1.9930928945541382,exact rescaling of published aggregate; no per-episode CI
persistence,patchtf,process_idv1,0.5,1.8663095235824585,exact rescaling of published aggregate; no per-episode CI
persistence,patchtf,process_idv1,1.0,1.6443774700164795,exact rescaling of published aggregate; no per-episode CI
persistence,patchtf,process_idv1,2.0,1.2987174987792969,exact rescaling of published aggregate; no per-episode CI
history_mean,patchtf,process_idv1,0.0,1.955413321503528,exact rescaling of published aggregate; no per-episode CI
history_mean,patchtf,process_idv1,0.5,1.8466584193138604,exact rescaling of published aggregate; no per-episode CI
history_mean,patchtf,process_idv1,1.0,1.6424850443988375,exact rescaling of published aggregate; no per-episode CI
history_mean,patchtf,process_idv1,2.0,1.3169652006483978,exact rescaling of published aggregate; no per-episode CI
drift,patchtf,process_idv1,0.0,3.45275902899689,exact rescaling of published aggregate; no per-episode CI
drift,patchtf,process_idv1,0.5,3.1603624918095066,exact rescaling of published aggregate; no per-episode CI
drift,patchtf,process_idv1,1.0,2.6001997201123395,exact rescaling of published aggregate; no per-episode CI
drift,patchtf,process_idv1,2.0,1.8126771090113654,exact rescaling of published aggregate; no per-episode CI
ar1,patchtf,process_idv1,0.0,1.5938035428707316,exact rescaling of published aggregate; no per-episode CI
ar1,patchtf,process_idv1,0.5,1.5341514676221912,exact rescaling of published aggregate; no per-episode CI
ar1,patchtf,process_idv1,1.0,1.4212330881386008,exact rescaling of published aggregate; no per-episode CI
ar1,patchtf,process_idv1,2.0,1.2170365099738722,exact rescaling of published aggregate; no per-episode CI
persistence,dlinear_s42,process_idv1,0.0,1.7994544506072996,exact rescaling of published aggregate; no per-episode CI
persistence,dlinear_s42,process_idv1,0.5,1.633861780166626,exact rescaling of published aggregate; no per-episode CI
persistence,dlinear_s42,process_idv1,1.0,1.397343635559082,exact rescaling of published aggregate; no per-episode CI
persistence,dlinear_s42,process_idv1,2.0,1.1165012121200562,exact rescaling of published aggregate; no per-episode CI
history_mean,dlinear_s42,process_idv1,0.0,1.7654356270952773,exact rescaling of published aggregate; no per-episode CI
history_mean,dlinear_s42,process_idv1,0.5,1.6166582092707862,exact rescaling of published aggregate; no per-episode CI
history_mean,dlinear_s42,process_idv1,1.0,1.3957355078993456,exact rescaling of published aggregate; no per-episode CI
history_mean,dlinear_s42,process_idv1,2.0,1.1321886740002622,exact rescaling of published aggregate; no per-episode CI
drift,dlinear_s42,process_idv1,0.0,3.11730708517371,exact rescaling of published aggregate; no per-episode CI
drift,dlinear_s42,process_idv1,0.5,2.7667412192849867,exact rescaling of published aggregate; no per-episode CI
drift,dlinear_s42,process_idv1,1.0,2.209573286141576,exact rescaling of published aggregate; no per-episode CI
drift,dlinear_s42,process_idv1,2.0,1.558349826883638,exact rescaling of published aggregate; no per-episode CI
ar1,dlinear_s42,process_idv1,0.0,1.4389579564749773,exact rescaling of published aggregate; no per-episode CI
ar1,dlinear_s42,process_idv1,0.5,1.3430738129240902,exact rescaling of published aggregate; no per-episode CI
ar1,dlinear_s42,process_idv1,1.0,1.2077220994377593,exact rescaling of published aggregate; no per-episode CI
ar1,dlinear_s42,process_idv1,2.0,1.0462804573414841,exact rescaling of published aggregate; no per-episode CI
persistence,dlinear_s123,process_idv1,0.0,1.8065581321716306,exact rescaling of published aggregate; no per-episode CI
persistence,dlinear_s123,process_idv1,0.5,1.6549896001815796,exact rescaling of published aggregate; no per-episode CI
persistence,dlinear_s123,process_idv1,1.0,1.4321876764297485,exact rescaling of published aggregate; no per-episode CI
persistence,dlinear_s123,process_idv1,2.0,1.1552459001541138,exact rescaling of published aggregate; no per-episode CI
history_mean,dlinear_s123,process_idv1,0.0,1.772405013018315,exact rescaling of published aggregate; no per-episode CI
history_mean,dlinear_s123,process_idv1,0.5,1.6375635661900767,exact rescaling of published aggregate; no per-episode CI
history_mean,dlinear_s123,process_idv1,1.0,1.4305394486368197,exact rescaling of published aggregate; no per-episode CI
history_mean,dlinear_s123,process_idv1,2.0,1.1714777464111543,exact rescaling of published aggregate; no per-episode CI
drift,dlinear_s123,process_idv1,0.0,3.1296132354426613,exact rescaling of published aggregate; no per-episode CI
drift,dlinear_s123,process_idv1,0.5,2.8025185483213786,exact rescaling of published aggregate; no per-episode CI
drift,dlinear_s123,process_idv1,1.0,2.264671015812235,exact rescaling of published aggregate; no per-episode CI
drift,dlinear_s123,process_idv1,2.0,1.6124274913188485,exact rescaling of published aggregate; no per-episode CI
ar1,dlinear_s123,process_idv1,0.0,1.444638510991825,exact rescaling of published aggregate; no per-episode CI
ar1,dlinear_s123,process_idv1,0.5,1.3604413908494175,exact rescaling of published aggregate; no per-episode CI
ar1,dlinear_s123,process_idv1,1.0,1.2378377539713554,exact rescaling of published aggregate; no per-episode CI
ar1,dlinear_s123,process_idv1,2.0,1.0825883533614555,exact rescaling of published aggregate; no per-episode CI
persistence,dlinear_s7,process_idv1,0.0,1.7984269857406616,exact rescaling of published aggregate; no per-episode CI
persistence,dlinear_s7,process_idv1,0.5,1.6451276540756223,exact rescaling of published aggregate; no per-episode CI
persistence,dlinear_s7,process_idv1,1.0,1.4212311506271362,exact rescaling of published aggregate; no per-episode CI
persistence,dlinear_s7,process_idv1,2.0,1.147631049156189,exact rescaling of published aggregate; no per-episode CI
history_mean,dlinear_s7,process_idv1,0.0,1.7644275865302388,exact rescaling of published aggregate; no per-episode CI
history_mean,dlinear_s7,process_idv1,0.5,1.6278054603789744,exact rescaling of published aggregate; no per-episode CI
history_mean,dlinear_s7,process_idv1,1.0,1.4195955321106586,exact rescaling of published aggregate; no per-episode CI
history_mean,dlinear_s7,process_idv1,2.0,1.1637559025291586,exact rescaling of published aggregate; no per-episode CI
drift,dlinear_s7,process_idv1,0.0,3.115527143754544,exact rescaling of published aggregate; no per-episode CI
drift,dlinear_s7,process_idv1,0.5,2.7858185721514634,exact rescaling of published aggregate; no per-episode CI
drift,dlinear_s7,process_idv1,1.0,2.2473458238506407,exact rescaling of published aggregate; no per-episode CI
drift,dlinear_s7,process_idv1,2.0,1.6017991090067254,exact rescaling of published aggregate; no per-episode CI
ar1,dlinear_s7,process_idv1,0.0,1.438136330373606,exact rescaling of published aggregate; no per-episode CI
ar1,dlinear_s7,process_idv1,0.5,1.3523346331541437,exact rescaling of published aggregate; no per-episode CI
ar1,dlinear_s7,process_idv1,1.0,1.2283680444395404,exact rescaling of published aggregate; no per-episode CI
ar1,dlinear_s7,process_idv1,2.0,1.0754524275799084,exact rescaling of published aggregate; no per-episode CI
persistence,dlinear_s2024,process_idv1,0.0,1.7018654346466064,exact rescaling of published aggregate; no per-episode CI
persistence,dlinear_s2024,process_idv1,0.5,1.572672963142395,exact rescaling of published aggregate; no per-episode CI
persistence,dlinear_s2024,process_idv1,1.0,1.3799937963485718,exact rescaling of published aggregate; no per-episode CI
persistence,dlinear_s2024,process_idv1,2.0,1.1424534320831299,exact rescaling of published aggregate; no per-episode CI
history_mean,dlinear_s2024,process_idv1,0.0,1.6696915389178677,exact rescaling of published aggregate; no per-episode CI
history_mean,dlinear_s2024,process_idv1,0.5,1.556113673277232,exact rescaling of published aggregate; no per-episode CI
history_mean,dlinear_s2024,process_idv1,1.0,1.3784056356859409,exact rescaling of published aggregate; no per-episode CI
history_mean,dlinear_s2024,process_idv1,2.0,1.1585055370617563,exact rescaling of published aggregate; no per-episode CI
drift,dlinear_s2024,process_idv1,0.0,2.9482475511650943,exact rescaling of published aggregate; no per-episode CI
drift,dlinear_s2024,process_idv1,0.5,2.663125586509146,exact rescaling of published aggregate; no per-episode CI
drift,dlinear_s2024,process_idv1,1.0,2.1821385590903044,exact rescaling of published aggregate; no per-episode CI
drift,dlinear_s2024,process_idv1,2.0,1.5945724812324926,exact rescaling of published aggregate; no per-episode CI
ar1,dlinear_s2024,process_idv1,0.0,1.3609195871604274,exact rescaling of published aggregate; no per-episode CI
ar1,dlinear_s2024,process_idv1,0.5,1.292775128673904,exact rescaling of published aggregate; no per-episode CI
ar1,dlinear_s2024,process_idv1,1.0,1.1927266583000171,exact rescaling of published aggregate; no per-episode CI
ar1,dlinear_s2024,process_idv1,2.0,1.0706004493640917,exact rescaling of published aggregate; no per-episode CI
persistence,dlinear_s31337,process_idv1,0.0,1.8080322742462156,exact rescaling of published aggregate; no per-episode CI
persistence,dlinear_s31337,process_idv1,0.5,1.6540203094482422,exact rescaling of published aggregate; no per-episode CI
persistence,dlinear_s31337,process_idv1,1.0,1.4279617071151733,exact rescaling of published aggregate; no per-episode CI
persistence,dlinear_s31337,process_idv1,2.0,1.1502019166946411,exact rescaling of published aggregate; no per-episode CI
history_mean,dlinear_s31337,process_idv1,0.0,1.7738512863246465,exact rescaling of published aggregate; no per-episode CI
history_mean,dlinear_s31337,process_idv1,0.5,1.6366044814986773,exact rescaling of published aggregate; no per-episode CI
history_mean,dlinear_s31337,process_idv1,1.0,1.426318342763113,exact rescaling of published aggregate; no per-episode CI
history_mean,dlinear_s31337,process_idv1,2.0,1.166362892183799,exact rescaling of published aggregate; no per-episode CI
drift,dlinear_s31337,process_idv1,0.0,3.1321669836256762,exact rescaling of published aggregate; no per-episode CI
drift,dlinear_s31337,process_idv1,0.5,2.800877175312995,exact rescaling of published aggregate; no per-episode CI
drift,dlinear_s31337,process_idv1,1.0,2.2579886302716137,exact rescaling of published aggregate; no per-episode CI
drift,dlinear_s31337,process_idv1,2.0,1.605387381854079,exact rescaling of published aggregate; no per-episode CI
ar1,dlinear_s31337,process_idv1,0.0,1.4458173285309313,exact rescaling of published aggregate; no per-episode CI
ar1,dlinear_s31337,process_idv1,0.5,1.359644610474934,exact rescaling of published aggregate; no per-episode CI
ar1,dlinear_s31337,process_idv1,1.0,1.2341852547557874,exact rescaling of published aggregate; no per-episode CI
ar1,dlinear_s31337,process_idv1,2.0,1.0778616040632805,exact rescaling of published aggregate; no per-episode CI
persistence,patchtf_s42,process_idv1,0.0,1.9912822246551514,exact rescaling of published aggregate; no per-episode CI
persistence,patchtf_s42,process_idv1,0.5,1.8668372631072996,exact rescaling of published aggregate; no per-episode CI
persistence,patchtf_s42,process_idv1,1.0,1.6435303688049316,exact rescaling of published aggregate; no per-episode CI
persistence,patchtf_s42,process_idv1,2.0,1.2988883256912231,exact rescaling of published aggregate; no per-episode CI
history_mean,patchtf_s42,process_idv1,0.0,1.9536368824569597,exact rescaling of published aggregate; no per-episode CI
history_mean,patchtf_s42,process_idv1,0.5,1.847180602062455,exact rescaling of published aggregate; no per-episode CI
history_mean,patchtf_s42,process_idv1,1.0,1.6416389180705282,exact rescaling of published aggregate; no per-episode CI
history_mean,patchtf_s42,process_idv1,2.0,1.3171384277732752,exact rescaling of published aggregate; no per-episode CI
drift,patchtf_s42,process_idv1,0.0,3.449622292691552,exact rescaling of published aggregate; no per-episode CI
drift,patchtf_s42,process_idv1,0.5,3.161256152897702,exact rescaling of published aggregate; no per-episode CI
drift,patchtf_s42,process_idv1,1.0,2.5988602269768903,exact rescaling of published aggregate; no per-episode CI
drift,patchtf_s42,process_idv1,2.0,1.8129155396424632,exact rescaling of published aggregate; no per-episode CI
ar1,patchtf_s42,process_idv1,0.0,1.5923556163300974,exact rescaling of published aggregate; no per-episode CI
ar1,patchtf_s42,process_idv1,0.5,1.5345852822474324,exact rescaling of published aggregate; no per-episode CI
ar1,patchtf_s42,process_idv1,1.0,1.4205009397768005,exact rescaling of published aggregate; no per-episode CI
ar1,patchtf_s42,process_idv1,2.0,1.2171965929702864,exact rescaling of published aggregate; no per-episode CI
persistence,patchtf_s123,process_idv1,0.0,1.988773703575134,exact rescaling of published aggregate; no per-episode CI
persistence,patchtf_s123,process_idv1,0.5,1.859545707702637,exact rescaling of published aggregate; no per-episode CI
persistence,patchtf_s123,process_idv1,1.0,1.6426349878311157,exact rescaling of published aggregate; no per-episode CI
persistence,patchtf_s123,process_idv1,2.0,1.3071715831756592,exact rescaling of published aggregate; no per-episode CI
history_mean,patchtf_s123,process_idv1,0.0,1.9511757851591165,exact rescaling of published aggregate; no per-episode CI
history_mean,patchtf_s123,process_idv1,0.5,1.839965822301771,exact rescaling of published aggregate; no per-episode CI
history_mean,patchtf_s123,process_idv1,1.0,1.6407445675425336,exact rescaling of published aggregate; no per-episode CI
history_mean,patchtf_s123,process_idv1,2.0,1.3255380696239978,exact rescaling of published aggregate; no per-episode CI
drift,patchtf_s123,process_idv1,0.0,3.4452766252958558,exact rescaling of published aggregate; no per-episode CI
drift,patchtf_s123,process_idv1,0.5,3.148908812911131,exact rescaling of published aggregate; no per-episode CI
drift,patchtf_s123,process_idv1,1.0,2.597444390649793,exact rescaling of published aggregate; no per-episode CI
drift,patchtf_s123,process_idv1,2.0,1.824476846273195,exact rescaling of published aggregate; no per-episode CI
ar1,patchtf_s123,process_idv1,0.0,1.590349643705529,exact rescaling of published aggregate; no per-episode CI
ar1,patchtf_s123,process_idv1,0.5,1.528591447739296,exact rescaling of published aggregate; no per-episode CI
ar1,patchtf_s123,process_idv1,1.0,1.4197270632857388,exact rescaling of published aggregate; no per-episode CI
ar1,patchtf_s123,process_idv1,2.0,1.2249588867636236,exact rescaling of published aggregate; no per-episode CI
persistence,patchtf_s7,process_idv1,0.0,1.9976102113723757,exact rescaling of published aggregate; no per-episode CI
persistence,patchtf_s7,process_idv1,0.5,1.8557316064834597,exact rescaling of published aggregate; no per-episode CI
persistence,patchtf_s7,process_idv1,1.0,1.6160658597946167,exact rescaling of published aggregate; no per-episode CI
persistence,patchtf_s7,process_idv1,2.0,1.2654521465301514,exact rescaling of published aggregate; no per-episode CI
history_mean,patchtf_s7,process_idv1,0.0,1.9598452381030849,exact rescaling of published aggregate; no per-episode CI
history_mean,patchtf_s7,process_idv1,0.5,1.8361918812488482,exact rescaling of published aggregate; no per-episode CI
history_mean,patchtf_s7,process_idv1,1.0,1.6142060164869598,exact rescaling of published aggregate; no per-episode CI
history_mean,patchtf_s7,process_idv1,2.0,1.2832324517321685,exact rescaling of published aggregate; no per-episode CI
drift,patchtf_s7,process_idv1,0.0,3.460584658436253,exact rescaling of published aggregate; no per-episode CI
drift,patchtf_s7,process_idv1,0.5,3.1424501080281835,exact rescaling of published aggregate; no per-episode CI
drift,patchtf_s7,process_idv1,1.0,2.5554315070243314,exact rescaling of published aggregate; no per-episode CI
drift,patchtf_s7,process_idv1,2.0,1.7662471944210847,exact rescaling of published aggregate; no per-episode CI
ar1,patchtf_s7,process_idv1,0.0,1.5974158760283321,exact rescaling of published aggregate; no per-episode CI
ar1,patchtf_s7,process_idv1,0.5,1.5254561644922662,exact rescaling of published aggregate; no per-episode CI
ar1,patchtf_s7,process_idv1,1.0,1.3967634040426549,exact rescaling of published aggregate; no per-episode CI
ar1,patchtf_s7,process_idv1,2.0,1.185863334712582,exact rescaling of published aggregate; no per-episode CI
persistence,patchtf_s2024,process_idv1,0.0,1.987910270690918,exact rescaling of published aggregate; no per-episode CI
persistence,patchtf_s2024,process_idv1,0.5,1.8719626665115356,exact rescaling of published aggregate; no per-episode CI
persistence,patchtf_s2024,process_idv1,1.0,1.6595537662506104,exact rescaling of published aggregate; no per-episode CI
persistence,patchtf_s2024,process_idv1,2.0,1.3138823509216309,exact rescaling of published aggregate; no per-episode CI
history_mean,patchtf_s2024,process_idv1,0.0,1.950328675539372,exact rescaling of published aggregate; no per-episode CI
history_mean,patchtf_s2024,process_idv1,0.5,1.8522520380859093,exact rescaling of published aggregate; no per-episode CI
history_mean,patchtf_s2024,process_idv1,1.0,1.6576438750496103,exact rescaling of published aggregate; no per-episode CI
history_mean,patchtf_s2024,process_idv1,2.0,1.332343127382429,exact rescaling of published aggregate; no per-episode CI
drift,patchtf_s2024,process_idv1,0.0,3.4437808467021656,exact rescaling of published aggregate; no per-episode CI
drift,patchtf_s2024,process_idv1,0.5,3.1699353845414686,exact rescaling of published aggregate; no per-episode CI
drift,patchtf_s2024,process_idv1,1.0,2.6241974955257503,exact rescaling of published aggregate; no per-episode CI
drift,patchtf_s2024,process_idv1,2.0,1.8338433598440433,exact rescaling of published aggregate; no per-episode CI
ar1,patchtf_s2024,process_idv1,0.0,1.589659187985349,exact rescaling of published aggregate; no per-episode CI
ar1,patchtf_s2024,process_idv1,0.5,1.5387984875359477,exact rescaling of published aggregate; no per-episode CI
ar1,patchtf_s2024,process_idv1,1.0,1.4343499392002514,exact rescaling of published aggregate; no per-episode CI
ar1,patchtf_s2024,process_idv1,2.0,1.2312475903226958,exact rescaling of published aggregate; no per-episode CI
persistence,patchtf_s31337,process_idv1,0.0,1.9999471902847292,exact rescaling of published aggregate; no per-episode CI
persistence,patchtf_s31337,process_idv1,0.5,1.8776400089263918,exact rescaling of published aggregate; no per-episode CI
persistence,patchtf_s31337,process_idv1,1.0,1.6609034538269043,exact rescaling of published aggregate; no per-episode CI
persistence,patchtf_s31337,process_idv1,2.0,1.3093843460083008,exact rescaling of published aggregate; no per-episode CI
history_mean,patchtf_s31337,process_idv1,0.0,1.9621380362510163,exact rescaling of published aggregate; no per-episode CI
history_mean,patchtf_s31337,process_idv1,0.5,1.8578696015378693,exact rescaling of published aggregate; no per-episode CI
history_mean,patchtf_s31337,process_idv1,1.0,1.658992009343041,exact rescaling of published aggregate; no per-episode CI
history_mean,patchtf_s31337,process_idv1,2.0,1.3277819230029015,exact rescaling of published aggregate; no per-episode CI
drift,patchtf_s31337,process_idv1,0.0,3.464633152644552,exact rescaling of published aggregate; no per-episode CI
drift,patchtf_s31337,process_idv1,0.5,3.179549256085471,exact rescaling of published aggregate; no per-episode CI
drift,patchtf_s31337,process_idv1,1.0,2.6263317118611784,exact rescaling of published aggregate; no per-episode CI
drift,patchtf_s31337,process_idv1,2.0,1.827565296639168,exact rescaling of published aggregate; no per-episode CI
ar1,patchtf_s31337,process_idv1,0.0,1.599284672651059,exact rescaling of published aggregate; no per-episode CI
ar1,patchtf_s31337,process_idv1,0.5,1.5434654000110155,exact rescaling of published aggregate; no per-episode CI
ar1,patchtf_s31337,process_idv1,1.0,1.4355164722360385,exact rescaling of published aggregate; no per-episode CI
ar1,patchtf_s31337,process_idv1,2.0,1.2270324810270177,exact rescaling of published aggregate; no per-episode CI
persistence,dlinear,regime_setpt18,0.0,1.7819072008132935,exact rescaling of published aggregate; no per-episode CI
persistence,dlinear,regime_setpt18,0.25,0.06304463744163513,exact rescaling of published aggregate; no per-episode CI
persistence,dlinear,regime_setpt18,0.5,0.02992512471973896,exact rescaling of published aggregate; no per-episode CI
persistence,dlinear,regime_setpt18,1.0,0.021128132939338684,exact rescaling of published aggregate; no per-episode CI
history_mean,dlinear,regime_setpt18,0.0,1.7482201093957745,exact rescaling of published aggregate; no per-episode CI
history_mean,dlinear,regime_setpt18,0.25,0.06310386956416314,exact rescaling of published aggregate; no per-episode CI
history_mean,dlinear,regime_setpt18,0.5,0.029378114040247507,exact rescaling of published aggregate; no per-episode CI
history_mean,dlinear,regime_setpt18,1.0,0.021324446850740173,exact rescaling of published aggregate; no per-episode CI
drift,dlinear,regime_setpt18,0.0,3.0869088908266913,exact rescaling of published aggregate; no per-episode CI
drift,dlinear,regime_setpt18,0.25,0.10713575040196884,exact rescaling of published aggregate; no per-episode CI
drift,dlinear,regime_setpt18,0.5,0.05176977085437795,exact rescaling of published aggregate; no per-episode CI
drift,dlinear,regime_setpt18,1.0,0.03872888446573036,exact rescaling of published aggregate; no per-episode CI
ar1,dlinear,regime_setpt18,0.0,1.4249260621434383,exact rescaling of published aggregate; no per-episode CI
ar1,dlinear,regime_setpt18,0.25,1.0520567061089634,exact rescaling of published aggregate; no per-episode CI
ar1,dlinear,regime_setpt18,0.5,1.0519374637580516,exact rescaling of published aggregate; no per-episode CI
ar1,dlinear,regime_setpt18,1.0,1.0549959701506,exact rescaling of published aggregate; no per-episode CI
persistence,patchtf,regime_setpt18,0.0,1.9930928945541382,exact rescaling of published aggregate; no per-episode CI
persistence,patchtf,regime_setpt18,0.25,0.19571152329444885,exact rescaling of published aggregate; no per-episode CI
persistence,patchtf,regime_setpt18,0.5,0.09575867652893066,exact rescaling of published aggregate; no per-episode CI
persistence,patchtf,regime_setpt18,1.0,0.0671907290816307,exact rescaling of published aggregate; no per-episode CI
history_mean,patchtf,regime_setpt18,0.0,1.955413321503528,exact rescaling of published aggregate; no per-episode CI
history_mean,patchtf,regime_setpt18,0.25,0.19589539950340715,exact rescaling of published aggregate; no per-episode CI
history_mean,patchtf,regime_setpt18,0.5,0.09400827384202919,exact rescaling of published aggregate; no per-episode CI
history_mean,patchtf,regime_setpt18,1.0,0.06781503766932295,exact rescaling of published aggregate; no per-episode CI
drift,patchtf,regime_setpt18,0.0,3.45275902899689,exact rescaling of published aggregate; no per-episode CI
drift,patchtf,regime_setpt18,0.25,0.33258500264791696,exact rescaling of published aggregate; no per-episode CI
drift,patchtf,regime_setpt18,0.5,0.16566028672058564,exact rescaling of published aggregate; no per-episode CI
drift,patchtf,regime_setpt18,1.0,0.12316383994941464,exact rescaling of published aggregate; no per-episode CI
ar1,patchtf,regime_setpt18,0.0,1.5938035428707316,exact rescaling of published aggregate; no per-episode CI
ar1,patchtf,regime_setpt18,0.25,3.265933930309954,exact rescaling of published aggregate; no per-episode CI
ar1,patchtf,regime_setpt18,0.5,3.3661393315506185,exact rescaling of published aggregate; no per-episode CI
ar1,patchtf,regime_setpt18,1.0,3.3550502837199523,exact rescaling of published aggregate; no per-episode CI
persistence,dlinear_s42,regime_setpt18,0.0,1.7994544506072996,exact rescaling of published aggregate; no per-episode CI
persistence,dlinear_s42,regime_setpt18,0.25,0.0599823072552681,exact rescaling of published aggregate; no per-episode CI
persistence,dlinear_s42,regime_setpt18,0.5,0.028434708714485165,exact rescaling of published aggregate; no per-episode CI
persistence,dlinear_s42,regime_setpt18,1.0,0.02004341594874859,exact rescaling of published aggregate; no per-episode CI
history_mean,dlinear_s42,regime_setpt18,0.0,1.7654356270952773,exact rescaling of published aggregate; no per-episode CI
history_mean,dlinear_s42,regime_setpt18,0.25,0.06003866223670717,exact rescaling of published aggregate; no per-episode CI
history_mean,dlinear_s42,regime_setpt18,0.5,0.027914941813570883,exact rescaling of published aggregate; no per-episode CI
history_mean,dlinear_s42,regime_setpt18,1.0,0.020229651116524323,exact rescaling of published aggregate; no per-episode CI
drift,dlinear_s42,regime_setpt18,0.0,3.11730708517371,exact rescaling of published aggregate; no per-episode CI
drift,dlinear_s42,regime_setpt18,0.25,0.10193173851755179,exact rescaling of published aggregate; no per-episode CI
drift,dlinear_s42,regime_setpt18,0.5,0.049191385775207624,exact rescaling of published aggregate; no per-episode CI
drift,dlinear_s42,regime_setpt18,1.0,0.03674054602015196,exact rescaling of published aggregate; no per-episode CI
ar1,dlinear_s42,regime_setpt18,0.0,1.4389579564749773,exact rescaling of published aggregate; no per-episode CI
ar1,dlinear_s42,regime_setpt18,0.25,1.0009541042124905,exact rescaling of published aggregate; no per-episode CI
ar1,dlinear_s42,regime_setpt18,0.5,0.9995458882109354,exact rescaling of published aggregate; no per-episode CI
ar1,dlinear_s42,regime_setpt18,1.0,1.0008325446784079,exact rescaling of published aggregate; no per-episode CI
persistence,dlinear_s123,regime_setpt18,0.0,1.8065581321716306,exact rescaling of published aggregate; no per-episode CI
persistence,dlinear_s123,regime_setpt18,0.25,0.06210900098085404,exact rescaling of published aggregate; no per-episode CI
persistence,dlinear_s123,regime_setpt18,0.5,0.029483133926987648,exact rescaling of published aggregate; no per-episode CI
persistence,dlinear_s123,regime_setpt18,1.0,0.020790979266166687,exact rescaling of published aggregate; no per-episode CI
history_mean,dlinear_s123,regime_setpt18,0.0,1.772405013018315,exact rescaling of published aggregate; no per-episode CI
history_mean,dlinear_s123,regime_setpt18,0.25,0.06216735404791062,exact rescaling of published aggregate; no per-episode CI
history_mean,dlinear_s123,regime_setpt18,0.5,0.02894420253492227,exact rescaling of published aggregate; no per-episode CI
history_mean,dlinear_s123,regime_setpt18,1.0,0.020984160484465865,exact rescaling of published aggregate; no per-episode CI
drift,dlinear_s123,regime_setpt18,0.0,3.1296132354426613,exact rescaling of published aggregate; no per-episode CI
drift,dlinear_s123,regime_setpt18,0.25,0.10554576403045508,exact rescaling of published aggregate; no per-episode CI
drift,dlinear_s123,regime_setpt18,0.5,0.05100513704667364,exact rescaling of published aggregate; no per-episode CI
drift,dlinear_s123,regime_setpt18,1.0,0.03811086555734103,exact rescaling of published aggregate; no per-episode CI
ar1,dlinear_s123,regime_setpt18,0.0,1.444638510991825,exact rescaling of published aggregate; no per-episode CI
ar1,dlinear_s123,regime_setpt18,0.25,1.036443282779246,exact rescaling of published aggregate; no per-episode CI
ar1,dlinear_s123,regime_setpt18,0.5,1.036400463398466,exact rescaling of published aggregate; no per-episode CI
ar1,dlinear_s123,regime_setpt18,1.0,1.0381607974669003,exact rescaling of published aggregate; no per-episode CI
persistence,dlinear_s7,regime_setpt18,0.0,1.7984269857406616,exact rescaling of published aggregate; no per-episode CI
persistence,dlinear_s7,regime_setpt18,0.25,0.05899228528141976,exact rescaling of published aggregate; no per-episode CI
persistence,dlinear_s7,regime_setpt18,0.5,0.027991222217679024,exact rescaling of published aggregate; no per-episode CI
persistence,dlinear_s7,regime_setpt18,1.0,0.01974407397210598,exact rescaling of published aggregate; no per-episode CI
history_mean,dlinear_s7,regime_setpt18,0.0,1.7644275865302388,exact rescaling of published aggregate; no per-episode CI
history_mean,dlinear_s7,regime_setpt18,0.25,0.05904771011074376,exact rescaling of published aggregate; no per-episode CI
history_mean,dlinear_s7,regime_setpt18,0.5,0.0274795619446313,exact rescaling of published aggregate; no per-episode CI
history_mean,dlinear_s7,regime_setpt18,1.0,0.019927527777493945,exact rescaling of published aggregate; no per-episode CI
drift,dlinear_s7,regime_setpt18,0.0,3.115527143754544,exact rescaling of published aggregate; no per-episode CI
drift,dlinear_s7,regime_setpt18,0.25,0.10024933139480682,exact rescaling of published aggregate; no per-episode CI
drift,dlinear_s7,regime_setpt18,0.5,0.048424164434221165,exact rescaling of published aggregate; no per-episode CI
drift,dlinear_s7,regime_setpt18,1.0,0.03619183777118267,exact rescaling of published aggregate; no per-episode CI
ar1,dlinear_s7,regime_setpt18,0.0,1.438136330373606,exact rescaling of published aggregate; no per-episode CI
ar1,dlinear_s7,regime_setpt18,0.25,0.9844331232210997,exact rescaling of published aggregate; no per-episode CI
ar1,dlinear_s7,regime_setpt18,0.5,0.9839563103886088,exact rescaling of published aggregate; no per-episode CI
ar1,dlinear_s7,regime_setpt18,1.0,0.9858854322212127,exact rescaling of published aggregate; no per-episode CI
persistence,dlinear_s2024,regime_setpt18,0.0,1.7018654346466064,exact rescaling of published aggregate; no per-episode CI
persistence,dlinear_s2024,regime_setpt18,0.25,0.07790599763393402,exact rescaling of published aggregate; no per-episode CI
persistence,dlinear_s2024,regime_setpt18,0.5,0.03707346320152283,exact rescaling of published aggregate; no per-episode CI
persistence,dlinear_s2024,regime_setpt18,1.0,0.026337962597608566,exact rescaling of published aggregate; no per-episode CI
history_mean,dlinear_s2024,regime_setpt18,0.0,1.6696915389178677,exact rescaling of published aggregate; no per-episode CI
history_mean,dlinear_s2024,regime_setpt18,0.25,0.07797919240171727,exact rescaling of published aggregate; no per-episode CI
history_mean,dlinear_s2024,regime_setpt18,0.5,0.036395785815483736,exact rescaling of published aggregate; no per-episode CI
history_mean,dlinear_s2024,regime_setpt18,1.0,0.026582684100958046,exact rescaling of published aggregate; no per-episode CI
drift,dlinear_s2024,regime_setpt18,0.0,2.9482475511650943,exact rescaling of published aggregate; no per-episode CI
drift,dlinear_s2024,regime_setpt18,0.25,0.13239060221501772,exact rescaling of published aggregate; no per-episode CI
drift,dlinear_s2024,regime_setpt18,0.5,0.06413623043165022,exact rescaling of published aggregate; no per-episode CI
drift,dlinear_s2024,regime_setpt18,1.0,0.04827875295153446,exact rescaling of published aggregate; no per-episode CI
ar1,dlinear_s2024,regime_setpt18,0.0,1.3609195871604274,exact rescaling of published aggregate; no per-episode CI
ar1,dlinear_s2024,regime_setpt18,0.25,1.300055493740715,exact rescaling of published aggregate; no per-episode CI
ar1,dlinear_s2024,regime_setpt18,0.5,1.3032181225033694,exact rescaling of published aggregate; no per-episode CI
ar1,dlinear_s2024,regime_setpt18,1.0,1.315139604726663,exact rescaling of published aggregate; no per-episode CI
persistence,dlinear_s31337,regime_setpt18,0.0,1.8080322742462156,exact rescaling of published aggregate; no per-episode CI
persistence,dlinear_s31337,regime_setpt18,0.25,0.05970427393913269,exact rescaling of published aggregate; no per-episode CI
persistence,dlinear_s31337,regime_setpt18,0.5,0.028329622000455853,exact rescaling of published aggregate; no per-episode CI
persistence,dlinear_s31337,regime_setpt18,1.0,0.019981738179922104,exact rescaling of published aggregate; no per-episode CI
history_mean,dlinear_s31337,regime_setpt18,0.0,1.7738512863246465,exact rescaling of published aggregate; no per-episode CI
history_mean,dlinear_s31337,regime_setpt18,0.25,0.059760367700837355,exact rescaling of published aggregate; no per-episode CI
history_mean,dlinear_s31337,regime_setpt18,0.5,0.027811776012332583,exact rescaling of published aggregate; no per-episode CI
history_mean,dlinear_s31337,regime_setpt18,1.0,0.020167400263266785,exact rescaling of published aggregate; no per-episode CI
drift,dlinear_s31337,regime_setpt18,0.0,3.1321669836256762,exact rescaling of published aggregate; no per-episode CI
drift,dlinear_s31337,regime_setpt18,0.25,0.10145925887186438,exact rescaling of published aggregate; no per-episode CI
drift,dlinear_s31337,regime_setpt18,0.5,0.049009588200223796,exact rescaling of published aggregate; no per-episode CI
drift,dlinear_s31337,regime_setpt18,1.0,0.03662748770166054,exact rescaling of published aggregate; no per-episode CI
ar1,dlinear_s31337,regime_setpt18,0.0,1.4458173285309313,exact rescaling of published aggregate; no per-episode CI
ar1,dlinear_s31337,regime_setpt18,0.25,0.9963144262536353,exact rescaling of published aggregate; no per-episode CI
ar1,dlinear_s31337,regime_setpt18,0.5,0.9958518467502578,exact rescaling of published aggregate; no per-episode CI
ar1,dlinear_s31337,regime_setpt18,1.0,0.9977527743197755,exact rescaling of published aggregate; no per-episode CI
persistence,patchtf_s42,regime_setpt18,0.0,1.9912822246551514,exact rescaling of published aggregate; no per-episode CI
persistence,patchtf_s42,regime_setpt18,0.25,0.1632707417011261,exact rescaling of published aggregate; no per-episode CI
persistence,patchtf_s42,regime_setpt18,0.5,0.07955196499824524,exact rescaling of published aggregate; no per-episode CI
persistence,patchtf_s42,regime_setpt18,1.0,0.05533552169799805,exact rescaling of published aggregate; no per-episode CI
history_mean,patchtf_s42,regime_setpt18,0.0,1.9536368824569597,exact rescaling of published aggregate; no per-episode CI
history_mean,patchtf_s42,regime_setpt18,0.25,0.16342413892839436,exact rescaling of published aggregate; no per-episode CI
history_mean,patchtf_s42,regime_setpt18,0.5,0.07809780984146265,exact rescaling of published aggregate; no per-episode CI
history_mean,patchtf_s42,regime_setpt18,1.0,0.055849676580266405,exact rescaling of published aggregate; no per-episode CI
drift,patchtf_s42,regime_setpt18,0.0,3.449622292691552,exact rescaling of published aggregate; no per-episode CI
drift,patchtf_s42,regime_setpt18,0.25,0.27745632524304503,exact rescaling of published aggregate; no per-episode CI
drift,patchtf_s42,regime_setpt18,0.5,0.13762305211908157,exact rescaling of published aggregate; no per-episode CI
drift,patchtf_s42,regime_setpt18,1.0,0.10143267428531058,exact rescaling of published aggregate; no per-episode CI
ar1,patchtf_s42,regime_setpt18,0.0,1.5923556163300974,exact rescaling of published aggregate; no per-episode CI
ar1,patchtf_s42,regime_setpt18,0.25,2.7245787379945483,exact rescaling of published aggregate; no per-episode CI
ar1,patchtf_s42,regime_setpt18,0.5,2.796435873900457,exact rescaling of published aggregate; no per-episode CI
ar1,patchtf_s42,regime_setpt18,1.0,2.7630814594541406,exact rescaling of published aggregate; no per-episode CI
persistence,patchtf_s123,regime_setpt18,0.0,1.988773703575134,exact rescaling of published aggregate; no per-episode CI
persistence,patchtf_s123,regime_setpt18,0.25,0.205463245511055,exact rescaling of published aggregate; no per-episode CI
persistence,patchtf_s123,regime_setpt18,0.5,0.09894356131553649,exact rescaling of published aggregate; no per-episode CI
persistence,patchtf_s123,regime_setpt18,1.0,0.07059724628925323,exact rescaling of published aggregate; no per-episode CI
history_mean,patchtf_s123,regime_setpt18,0.0,1.9511757851591165,exact rescaling of published aggregate; no per-episode CI
history_mean,patchtf_s123,regime_setpt18,0.25,0.2056562837237718,exact rescaling of published aggregate; no per-episode CI
history_mean,patchtf_s123,regime_setpt18,0.5,0.09713494112720306,exact rescaling of published aggregate; no per-episode CI
history_mean,patchtf_s123,regime_setpt18,1.0,0.07125320683214686,exact rescaling of published aggregate; no per-episode CI
drift,patchtf_s123,regime_setpt18,0.0,3.4452766252958558,exact rescaling of published aggregate; no per-episode CI
drift,patchtf_s123,regime_setpt18,0.25,0.34915672261941894,exact rescaling of published aggregate; no per-episode CI
drift,patchtf_s123,regime_setpt18,0.5,0.17117006344313412,exact rescaling of published aggregate; no per-episode CI
drift,patchtf_s123,regime_setpt18,1.0,0.12940814992906705,exact rescaling of published aggregate; no per-episode CI
ar1,patchtf_s123,regime_setpt18,0.0,1.590349643705529,exact rescaling of published aggregate; no per-episode CI
ar1,patchtf_s123,regime_setpt18,0.25,3.4286656894320537,exact rescaling of published aggregate; no per-episode CI
ar1,patchtf_s123,regime_setpt18,0.5,3.4780954104696096,exact rescaling of published aggregate; no per-episode CI
ar1,patchtf_s123,regime_setpt18,1.0,3.5251486987861975,exact rescaling of published aggregate; no per-episode CI
persistence,patchtf_s7,regime_setpt18,0.0,1.9976102113723757,exact rescaling of published aggregate; no per-episode CI
persistence,patchtf_s7,regime_setpt18,0.25,0.18797332048416138,exact rescaling of published aggregate; no per-episode CI
persistence,patchtf_s7,regime_setpt18,0.5,0.09329431504011154,exact rescaling of published aggregate; no per-episode CI
persistence,patchtf_s7,regime_setpt18,1.0,0.0651448667049408,exact rescaling of published aggregate; no per-episode CI
history_mean,patchtf_s7,regime_setpt18,0.0,1.9598452381030849,exact rescaling of published aggregate; no per-episode CI
history_mean,patchtf_s7,regime_setpt18,0.25,0.18814992644467976,exact rescaling of published aggregate; no per-episode CI
history_mean,patchtf_s7,regime_setpt18,0.5,0.09158895918476503,exact rescaling of published aggregate; no per-episode CI
history_mean,patchtf_s7,regime_setpt18,1.0,0.06575016598184774,exact rescaling of published aggregate; no per-episode CI
drift,patchtf_s7,regime_setpt18,0.0,3.460584658436253,exact rescaling of published aggregate; no per-episode CI
drift,patchtf_s7,regime_setpt18,0.25,0.31943498389159886,exact rescaling of published aggregate; no per-episode CI
drift,patchtf_s7,regime_setpt18,0.5,0.16139699857146836,exact rescaling of published aggregate; no per-episode CI
drift,patchtf_s7,regime_setpt18,1.0,0.11941367575615167,exact rescaling of published aggregate; no per-episode CI
ar1,patchtf_s7,regime_setpt18,0.0,1.5974158760283321,exact rescaling of published aggregate; no per-episode CI
ar1,patchtf_s7,regime_setpt18,0.25,3.136802754524688,exact rescaling of published aggregate; no per-episode CI
ar1,patchtf_s7,regime_setpt18,0.5,3.279511315841081,exact rescaling of published aggregate; no per-episode CI
ar1,patchtf_s7,regime_setpt18,1.0,3.252893762408413,exact rescaling of published aggregate; no per-episode CI
persistence,patchtf_s2024,regime_setpt18,0.0,1.987910270690918,exact rescaling of published aggregate; no per-episode CI
persistence,patchtf_s2024,regime_setpt18,0.25,0.24002857506275177,exact rescaling of published aggregate; no per-episode CI
persistence,patchtf_s2024,regime_setpt18,0.5,0.11801359802484512,exact rescaling of published aggregate; no per-episode CI
persistence,patchtf_s2024,regime_setpt18,1.0,0.08306814730167389,exact rescaling of published aggregate; no per-episode CI
history_mean,patchtf_s2024,regime_setpt18,0.0,1.950328675539372,exact rescaling of published aggregate; no per-episode CI
history_mean,patchtf_s2024,regime_setpt18,0.25,0.24025408832677048,exact rescaling of published aggregate; no per-episode CI
history_mean,patchtf_s2024,regime_setpt18,0.5,0.11585639069323388,exact rescaling of published aggregate; no per-episode CI
history_mean,patchtf_s2024,regime_setpt18,1.0,0.08383998232166771,exact rescaling of published aggregate; no per-episode CI
drift,patchtf_s2024,regime_setpt18,0.0,3.4437808467021656,exact rescaling of published aggregate; no per-episode CI
drift,patchtf_s2024,regime_setpt18,0.25,0.4078957790988964,exact rescaling of published aggregate; no per-episode CI
drift,patchtf_s2024,regime_setpt18,0.5,0.2041607841125214,exact rescaling of published aggregate; no per-episode CI
drift,patchtf_s2024,regime_setpt18,1.0,0.15226791164489412,exact rescaling of published aggregate; no per-episode CI
ar1,patchtf_s2024,regime_setpt18,0.0,1.589659187985349,exact rescaling of published aggregate; no per-episode CI
ar1,patchtf_s2024,regime_setpt18,0.25,4.005474252847051,exact rescaling of published aggregate; no per-episode CI
ar1,patchtf_s2024,regime_setpt18,0.5,4.148451381836069,exact rescaling of published aggregate; no per-episode CI
ar1,patchtf_s2024,regime_setpt18,1.0,4.1478610960446485,exact rescaling of published aggregate; no per-episode CI
persistence,patchtf_s31337,regime_setpt18,0.0,1.9999471902847292,exact rescaling of published aggregate; no per-episode CI
persistence,patchtf_s31337,regime_setpt18,0.25,0.19724319875240326,exact rescaling of published aggregate; no per-episode CI
persistence,patchtf_s31337,regime_setpt18,0.5,0.09666460007429123,exact rescaling of published aggregate; no per-episode CI
persistence,patchtf_s31337,regime_setpt18,1.0,0.06761377304792404,exact rescaling of published aggregate; no per-episode CI
history_mean,patchtf_s31337,regime_setpt18,0.0,1.9621380362510163,exact rescaling of published aggregate; no per-episode CI
history_mean,patchtf_s31337,regime_setpt18,0.25,0.19742851401140737,exact rescaling of published aggregate; no per-episode CI
history_mean,patchtf_s31337,regime_setpt18,0.5,0.0948976377286162,exact rescaling of published aggregate; no per-episode CI
history_mean,patchtf_s31337,regime_setpt18,1.0,0.0682420123859555,exact rescaling of published aggregate; no per-episode CI
drift,patchtf_s31337,regime_setpt18,0.0,3.464633152644552,exact rescaling of published aggregate; no per-episode CI
drift,patchtf_s31337,regime_setpt18,0.25,0.3351878758853456,exact rescaling of published aggregate; no per-episode CI
drift,patchtf_s31337,regime_setpt18,0.5,0.16722751341701997,exact rescaling of published aggregate; no per-episode CI
drift,patchtf_s31337,regime_setpt18,1.0,0.12393929989855161,exact rescaling of published aggregate; no per-episode CI
ar1,patchtf_s31337,regime_setpt18,0.0,1.599284672651059,exact rescaling of published aggregate; no per-episode CI
ar1,patchtf_s31337,regime_setpt18,0.25,3.2914937479647906,exact rescaling of published aggregate; no per-episode CI
ar1,patchtf_s31337,regime_setpt18,0.5,3.3979846429934373,exact rescaling of published aggregate; no per-episode CI
ar1,patchtf_s31337,regime_setpt18,1.0,3.3761742363624974,exact rescaling of published aggregate; no per-episode CI
